,sgrna,GenomeAlignment,gene,nAlignments,DropReason,UsedByChronos
0,AAAAATGCGCAAATTCAGCG,chr3_138742712_-,PIK3CB (5291),1.0,,True
1,AAAACACATCAGTATAACAT,chr3_49368469_+,RHOA (387),1.0,,True
2,AAAACTACAGAAGCCTCCCG,chr10_34450424_-,PARD3 (56288),1.0,,True
3,AAAAGGCCTGACATATCTGA,chr15_66444677_+,MAP2K1 (5604),2.0,,True
4,AAAAGTTCTCGCCATCTCCG,chr12_112071971_-,NAA25 (80018),1.0,,True
5,AAACAACGACAGCGAGACCG,chr6_88048077_+,SPACA1 (81833),1.0,,True
6,AAACCTCGTGTGCAGTCGCA,chr6_29375028_-,OR12D3 (81797),1.0,,True
7,AAACGAGGCCAGTTACCCGG,chr9_101594899_-,PPP3R2 (5535),1.0,,True
8,AAACGGTGCCTGTAAGTACG,chr14_68790158_-,ZFP36L1 (677),1.0,,True
9,AAACTTGGCAAGCAAACCTG,chr4_98891280_-,EIF4E (1977),2.0,,True
10,AAAGGCTTCGGTTCTCCGGA,chr2_135836745_+,LCT (3938),1.0,,True
11,AACACGACCAGGAGCTACAA,chr1_47140800_+,CYP4A22 (284541),1.0,,True
12,AACAGCAGTGAGGATGGTGA,chr8_6926022_+,DEFA6 (1671),1.0,,True
13,AACAGTGCCAAGCAGCCATA,chr6_55351392_+,GFRAL (389400),1.0,,True
14,AACATCTGAGAAATTTACGT,chr10_37142116_+,ANKRD30A (91074),1.0,,True
15,AACATGCTAATGAGTCCCCG,chr19_15741808_+,OR10H3 (26532),1.0,,True
16,AACCACTGCGAGTTTGTGTC,chr9_110334286_+,TXNDC8 (255220),1.0,,True
17,AACCATCTGGAGGATCCTGA,chr8_86064332_+,PSKH2 (85481),1.0,,True
18,AACGAAATAGCCCGAGACCG,chr12_123584688_-,TMED2 (10959),1.0,,True
19,AACGACGTCTTCACAACCAG,chr10_15103371_-,RPP38 (10557),1.0,,True
20,AACGGGCAGTTATAACACCA,chr22_43972313_+,SAMM50 (25813),1.0,,True
21,AACGTGACAGATGAGCAGGA,chr1_58782750_-,JUN (3725),1.0,,True
22,AACGTGCTCATGAGCCCGCG,chr19_15807624_-,OR10H1 (26539),1.0,,True
23,AACGTTCCTCAAAGTAGCAA,chr2_200942689_-,ORC2 (4999),1.0,,True
24,AACTCCATCAGGGTGGAGAG,chr2_208145909_-,CRYGB (1419),1.0,,True
25,AACTCGTAAGTGCTACCGCA,chr1_161102121_-,PFDN2 (5202),1.0,,True
26,AACTGGACCAAATTAGACAG,chr6_159783945_-,TCP1 (6950),2.0,,True
27,AACTTACCTTCATAAGACCA,chr10_27077347_+,ANKRD26 (22852),1.0,,True
28,AAGAAAATCCGACTTCCCCA,chr10_7787929_+,KIN (22944),1.0,,True
29,AAGAAATTCTCTCGTCAACG,chr3_196502956_-,RNF168 (165918),1.0,,True
30,AAGAAATTGAACTTACCGCG,chr6_32323591_+,TSBP1 (10665),1.0,,True
31,AAGAACAGCCTTCCTCTGGA,chr2_95595140_+,TRIM43 (129868),2.0,,True
32,AAGAACATCTGGATCAAGAG,chr11_66000057_-,EIF1AD (84285),1.0,,True
33,AAGAACGGCAGGGAGTTCCG,chr4_1801505_+,FGFR3 (2261),1.0,,True
34,AAGAAGACCTAATTTCACCA,chr16_23635818_-,PALB2 (79728),1.0,,True
35,AAGACAGATGAAAACCACCT,chr10_58386238_-,TFAM (7019),1.0,,True
36,AAGACTGAGCCATTGAATGT,chr11_5132633_+,OR52A5 (390054),1.0,,True
37,AAGAGACTCTTCCTAATGTC,chr1_93346729_+,DR1 (1810),1.0,,True
38,AAGAGGACAGTTTCTAGTGA,chr1_247532442_+,OR2C3 (81472),1.0,,True
39,AAGAGTGAAGATACTCGGCA,chr12_10909282_+,TAS2R13 (50838),1.0,,True
40,AAGAGTGTGAGAGTCCCCAA,chr12_57751598_-,CDK4 (1019),1.0,,True
41,AAGATCGCCAAGACTCACGA,chr2_197434976_-,SF3B1 (23451),1.0,,True
42,AAGATGTCAGACACTGAGAA,chr14_36519324_+,NKX2-1 (7080),1.0,,True
43,AAGATTATAGACGGGAACGG,chr11_107429376_-,CWF19L2 (143884),1.0,,True
44,AAGCACTGCCGACTACAATA,chr18_55279622_-,TCF4 (6925),1.0,,True
45,AAGCAGCTCTGGACACAGGG,chr12_57435083_-,INHBC (3626),1.0,,True
46,AAGCAGCTGGAGCAGCTCCA,chr12_52847978_-,KRT78 (196374),1.0,,True
47,AAGCCAACACAAATGCCCCA,chr13_103066051_+,SLC10A2 (6555),1.0,,True
48,AAGCCATGAATGAATCCAGG,chr1_174448123_+,GPR52 (9293),1.0,,True
49,AAGCCCTCCCCAGATTTAGC,chr20_44407384_+,HNF4A (3172),1.0,,True
50,AAGCCTGTGAATCTTCACCG,chr12_9107563_+,A2M (2),1.0,,True
51,AAGCGATTCATCTAGGACCT,chr11_114400175_-,C11orf71 (54494),1.0,,True
52,AAGCGCTGCTTACGAAGAGA,chr13_21566902_+,MICU2 (221154),1.0,,True
53,AAGCTATCGCCTTCGCCGAC,chr12_120446767_+,GATC (283459),1.0,,True
54,AAGCTCCCCTTACCTGAGGA,chr2_100470560_-,NMS (129521),1.0,,True
55,AAGGAAGGCGAACTCCTCCG,chr10_47350132_-,RBP3 (5949),1.0,,True
56,AAGGAGACAGAGAATCCAGT,chr12_123586794_+,TMED2 (10959),1.0,,True
57,AAGGATCACGAAGATGACCA,chr20_23035685_-,SSTR4 (6754),1.0,,True
58,AAGGCATTGCTGAGAAACAG,chr19_48043865_-,CABP5 (56344),1.0,,True
59,AAGGGACCATCAAAATAGCG,chr11_102702861_+,MMP27 (64066),1.0,,True
60,AAGGTTATGCAAGGTCCCAG,chr3_41225484_-,CTNNB1 (1499),1.0,,True
61,AAGTGGGGAATGGAGTACAA,chr12_95861250_+,SNRPF (6636),2.0,,True
62,AAGTGGTCTGGCAGCAGCTG,chr17_41177973_+,KRTAP4-2 (85291),1.0,,True
63,AAGTTCTCTCCTTCGTCACA,chr7_155509005_+,CNPY1 (285888),1.0,,True
64,AATAATAATGCTACTCCAAA,chr1_109411923_+,PSMA5 (5686),1.0,,True
65,AATACGACTGAAGACCCTTG,chr13_112547646_-,TUBGCP3 (10426),1.0,,True
66,AATAGGGTGAATGATCCGGG,chr1_11212412_+,MTOR (2475),1.0,,True
67,AATATACCGGACGAACACAG,chr19_55955334_-,NLRP8 (126205),1.0,,True
68,AATATGAGTTAAGAACTGCT,chr11_5132221_+,OR52A5 (390054),1.0,,True
69,AATCACACCAATAAGATACA,chr11_5132533_+,OR52A5 (390054),1.0,,True
70,AATCACCAGTTTCTTCCGGA,chr3_49375576_+,RHOA (387),1.0,,True
71,AATCACCTCCACCTGCCGCA,chr22_41256808_+,RANGAP1 (5905),1.0,,True
72,AATCAGACTAGAAAGTGAAG,chr10_60784785_+,CDK1 (983),1.0,,True
73,AATCAGCTCTTCTTTCCTCG,chr2_17731121_+,SMC6 (79677),1.0,,True
74,AATCAGTGATGGCCATGGAG,chr6_132617954_+,TAAR2 (9287),1.0,,True
75,AATCCATGTACTGACCAGGA,chr10_60785756_-,CDK1 (983),1.0,,True
76,AATCCCCACCTACCTTTGCA,chr7_6400184_-,RAC1 (5879),1.0,,True
77,AATCCCGCTGCATTTCAAAG,chr17_58692666_-,RAD51C (5889),1.0,,True
78,AATCCCTATGAGATGATCCG,chr6_37453117_+,CMTR1 (23070),1.0,,True
79,AATCCGGAACCAGATCATAA,chr15_66436788_+,MAP2K1 (5604),1.0,,True
80,AATCCGGGCAGCATTAGCAA,chr17_62406607_-,EFCAB3 (146779),1.0,,True
81,AATCGAGGTGAGCTGCACCC,chr7_27243412_+,EVX1 (2128),1.0,,True
82,AATCTACTAGGCAGGCCAAC,chr10_103101089_+,NT5C2 (22978),1.0,,True
83,AATCTCATAGAAGTTCTCGG,chr1_230767644_-,CAPN9 (10753),1.0,,True
84,AATCTGTGAGTGAGATGCAA,chr14_54991233_+,WDHD1 (11169),1.0,,True
85,AATGAAACAGTCATAAGCCA,chr11_5351856_-,OR51B6 (390058),1.0,,True
86,AATGAACGACTACAAGCTTG,chr7_155509021_-,CNPY1 (285888),1.0,,True
87,AATGACAGTCCCTATCAGGG,chr5_139614713_+,UBE2D2 (7322),1.0,,True
88,AATGACCCCATATTTGAGCG,chr5_71467419_+,BDP1 (55814),1.0,,True
89,AATGACTGAGTACAAACTGG,chr1_114716144_-,NRAS (4893),1.0,,True
90,AATGATCTACAGCTGCGGAA,chrX_101360636_-,BTK (695),1.0,,True
91,AATGATCTAGACGCTTGCTG,chrX_70134621_-,IGBP1 (3476),2.0,,True
92,AATGATGAAAAGACACCACA,chr5_74769267_+,NSA2 (10412),1.0,,True
93,AATGCAGTGCATATTAACAA,chr2_85028041_+,KCMF1 (56888),1.0,,True
94,AATGCGGTAAAACTGTCCTG,chr1_151399642_-,PSMB4 (5692),1.0,,True
95,AATGCTTCGGATAAGATCAT,chr7_74243150_-,RFC2 (5982),1.0,,True
96,AATGGACGTTCGATGCCACT,chr10_117138019_-,VAX1 (11023),1.0,,True
97,AATGGGCTCCAACCCAGCCA,chr3_158646925_+,GFM1 (85476),1.0,,True
98,AATGGGTTTGGGGAGATGCA,chr20_229319_+,DEFB129 (140881),2.0,,True
99,AATGGTGGTGAACCAGGACA,chr1_154331072_-,ATP8B2 (57198),1.0,,True
100,AATGTGTTGATGTCTTTGCA,chr14_20693753_-,ANG (283),1.0,,True
101,AATGTTGAAGATCTTTCAGG,chr4_145111007_+,ABCE1 (6059),3.0,,True
102,AATTACTACTTGCTTCCTGT,chr12_25227402_+,KRAS (3845),2.0,,True
103,AATTACTTCTTATAATGCCT,chr12_10986601_-,TAS2R50 (259296),1.0,,True
104,AATTCTACAGAAACCAGTGG,chr4_1727766_+,TACC3 (10460),1.0,,True
105,AATTTCTTACCTATATCCCG,chr4_73481856_-,AFM (173),1.0,,True
106,ACAAAACTGACACCAATCAA,chr11_18173300_+,MRGPRX4 (117196),1.0,,True
107,ACAAAATTACCAAAAACCTA,chr14_21366443_-,SUPT16H (11198),1.0,,True
108,ACAAACCTCTCTACACCCCA,chr12_8823869_+,A2ML1 (144568),1.0,,True
109,ACAACCGATCCACCTCACCT,chr6_52187791_+,IL17A (3605),1.0,,True
110,ACAACGTGCTCATGAGCCCG,chr19_15807626_-,OR10H1 (26539),1.0,,True
111,ACAAGAGATGAAGATCGCCC,chr9_108862803_+,ACTL7A (10881),1.0,,True
112,ACAAGAGGGACAAGGAAAAG,chr21_13610744_+,POTED (317754),2.0,,True
113,ACAAGGTTCTTGGTACCTGT,chrX_78117414_-,PGK1 (5230),1.0,,True
114,ACAAGTACCAGCCCAGGCGG,chr22_37978035_-,SOX10 (6663),1.0,,True
115,ACAAGTTTCAGCCAGCTCCT,chr9_110326239_+,TXNDC8 (255220),1.0,,True
116,ACAATACCTGAGGTGTAGGG,chr1_150332757_-,PRPF3 (9129),1.0,,True
117,ACAATCAAGGAATCCCAACG,chr21_18403482_-,TMPRSS15 (5651),1.0,,True
118,ACAATCCCTACATTTCGTGG,chr1_94185397_+,ARHGAP29 (9411),1.0,,True
119,ACAATTGATAAGGCGCCAAA,chr4_145108026_-,ABCE1 (6059),1.0,,True
120,ACACACCGACAGCCTCATGG,chr11_62190285_-,SCGB1D1 (10648),1.0,,True
121,ACACACGTAGAGGATCTGCG,chrX_155027012_-,FUNDC2 (65991),2.0,,True
122,ACACCAAGAAAATAGTACAT,chr11_56275851_-,OR5T1 (390155),1.0,,True
123,ACACCACCTGATCATCAACG,chr11_47342658_-,MYBPC3 (4607),1.0,,True
124,ACACCAGCTGAAACACTTAG,chr2_37228168_-,CEBPZ (10153),1.0,,True
125,ACACCGTACCACAATCACAT,chr1_152412103_+,CRNN (49860),1.0,,True
126,ACACCTGTGCAGCATCCAGT,chr4_55113349_-,KDR (3791),1.0,,True
127,ACACGCTCACCATAGGCGCG,chr10_35640722_+,FZD8 (8325),1.0,,True
128,ACACGGGCCAAATATCGAGA,chr7_92528896_+,RBM48 (84060),1.0,,True
129,ACACGTCGCTGAAGGCGCCG,chr21_28885295_+,HEMK2 (29104),1.0,,True
130,ACACTTGGTATAAGACACCA,chr17_7420646_-,SPEM1 (374768),1.0,,True
131,ACACTTGTCTCTCCATCGGA,chr22_20087266_-,DGCR8 (54487),1.0,,True
132,ACAGACACCAGGTTTCCAGA,chr2_79158439_+,REG3A (5068),1.0,,True
133,ACAGACTCTCAGCCTACAGA,chr1_157587514_-,FCRL4 (83417),1.0,,True
134,ACAGACTTCCTCTTTCAACA,chr13_24906450_-,CPAP (55835),2.0,,True
135,ACAGAGACTCGCAATAACAT,chr15_73884240_+,TBC1D21 (161514),1.0,,True
136,ACAGAGAGAGAAGAATCAGC,chr19_9102812_+,OR7G2 (390882),1.0,,True
137,ACAGAGCCACACTCACCGGG,chr2_208145774_+,CRYGB (1419),1.0,,True
138,ACAGAGCGCGAACTGCGCGT,chr6_166167463_-,TBXT (6862),1.0,,True
139,ACAGAGTTGACTGGATAGCG,chr6_159784768_+,TCP1 (6950),1.0,,True
140,ACAGATCCGGGAATTAAGAG,chr14_52711519_+,PSMC6 (5706),2.0,,True
141,ACAGCACTAGAATTCTTGGC,chr20_229477_-,DEFB129 (140881),1.0,,True
142,ACAGCACTTGGAAGGTAGAC,chr4_119322075_-,FABP2 (2169),1.0,,True
143,ACAGCATGTCAAAGTAGGAG,chr6_34544273_+,SPDEF (25803),1.0,,True
144,ACAGCCAGCCCAAACGCACA,chr8_86230126_+,SLC7A13 (157724),1.0,,True
145,ACAGCCAGGAGAAGGCCAAG,chrX_54440737_+,TSR2 (90121),1.0,,True
146,ACAGCCGGTACTGCATCCAG,chr19_51387360_+,LIM2 (3982),1.0,,True
147,ACAGCCTGAGAAAAGCAAGA,chr1_6550449_-,NOL9 (79707),1.0,,True
148,ACAGCCTTGGTGAGAGCACA,chr17_41118287_+,KRTAP4-11 (653240),1.0,,True
149,ACAGCGGTGTCACCAAGCCA,chr20_63678338_+,RTEL1 (51750),2.0,,True
150,ACAGCTGGTGAGGCAGCCCC,chr6_10410042_+,TFAP2A (7020),1.0,,True
151,ACAGCTTTAGAATTAGTGGC,chr9_104114789_+,SMC2 (10592),1.0,,True
152,ACAGGAAAACAAAAGGAAAA,chr12_7770160_+,NANOGNB (360030),1.0,,True
153,ACAGGAGTAAGTGTGCCTGA,chr14_45247178_+,MIS18BP1 (55320),1.0,,True
154,ACAGGAGTGTGAACAGTGCA,chr10_34382750_-,PARD3 (56288),1.0,,True
155,ACAGGCTGTGAAATGTTACC,chr3_112827682_+,CD200R1L (344807),1.0,,True
156,ACAGGGCCAGACCTACCTCG,chr22_43889329_+,PNPLA5 (150379),1.0,,True
157,ACAGGGTTGTCTCATTGAAG,chr3_48695187_+,IP6K2 (51447),1.0,,True
158,ACAGGTGTCTTGGAGCCAAA,chr7_127615033_-,PAX4 (5078),1.0,,True
159,ACAGGTTGACACCAAAGGAG,chr3_101671348_-,ZBTB11 (27107),1.0,,True
160,ACAGTAATGTAATTATAGAG,chr14_45235904_-,MIS18BP1 (55320),1.0,,True
161,ACAGTCTCCGCCAACGCGGG,chr10_97319744_-,FRAT1 (10023),1.0,,True
162,ACAGTTACTTGCACAACCAA,chr15_40176524_+,BUB1B (701),1.0,,True
163,ACATAACTGCCCTTAAACAG,chr1_193141964_+,CDC73 (79577),1.0,,True
164,ACATAGACGAGTGCACTGCA,chr2_55881717_-,EFEMP1 (2202),1.0,,True
165,ACATCACCCGGAACAAAGCC,chr22_30589228_-,PES1 (23481),1.0,,True
166,ACATCCGTCCCATTACTACG,chr17_1843937_+,RPA1 (6117),1.0,,True
167,ACATCGAACCTCTTGCACGT,chr5_134206100_+,PPP2CA (5515),1.0,,True
168,ACATCGAGATGGCCTATGCG,chr16_56818729_+,NUP93 (9688),1.0,,True
169,ACATCGATCAGACAACAACA,chr11_102162474_+,YAP1 (10413),1.0,,True
170,ACATCTTGCTGACAAACGAG,chr17_7931535_+,TRAPPC1 (58485),1.0,,True
171,ACATGACGAAGGCGTAGCCG,chr4_40438558_+,RBM47 (54502),1.0,,True
172,ACATGATTTCCGAATCCCCC,chr9_21206913_-,IFNA10 (3446),1.0,,True
173,ACATGATTTCGGATTCCCCG,chr9_21187347_-,IFNA4 (3441),1.0,,True
174,ACATGCACTGACTTCTGCAA,chr11_95817898_-,CEP57 (9702),1.0,,True
175,ACATGGGCAAAAAAGTAGAA,chr3_38265962_-,SLC22A13 (9390),1.0,,True
176,ACATGGGCTGCTGTAAAGAA,chr11_5736704_-,OR56B1 (387748),1.0,,True
177,ACATGTAGTATCTTGCCATG,chr2_113072755_-,IL1F10 (84639),1.0,,True
178,ACATTGAGAGAATAATCACT,chr10_73163808_-,ECD (11319),1.0,,True
179,ACATTTGAAGTAGGACACCG,chr11_69641437_-,CCND1 (595),1.0,,True
180,ACCAAGCGCGTCTTGTACGT,chr1_39738926_+,PPIE (10450),1.0,,True
181,ACCAATAGCAAACTCCACCA,chr17_75110591_-,ARMC7 (79637),1.0,,True
182,ACCACAGGAGAAGGAAGACG,chr6_44265159_-,NFKBIE (4794),1.0,,True
183,ACCACTCCTAGCAAACCTGG,chr1_43359529_+,CDC20 (991),2.0,,True
184,ACCAGACTGGAAAAAATGAT,chr12_11092208_+,TAS2R43 (259289),1.0,,True
185,ACCAGCAAAGGTGATTGCAG,chr10_110297678_+,SMNDC1 (10285),1.0,,True
186,ACCAGCATACAAAGCCCCCA,chr7_89333394_+,ZNF804B (219578),1.0,,True
187,ACCAGGTACTCAGGACCCCA,chr11_66000149_-,EIF1AD (84285),1.0,,True
188,ACCAGGTTCTAGAAACCAAG,chr12_52572628_-,KRT74 (121391),1.0,,True
189,ACCCATCCACTCACAAGCCG,chr2_208248425_+,IDH1 (3417),1.0,,True
190,ACCCGAGTGATGAATAGCCG,chr12_55819055_+,ORMDL2 (29095),1.0,,True
191,ACCCTTATACACAACTCCAT,chr10_60784713_-,CDK1 (983),1.0,,True
192,ACCTACCTCCAGCATCCAGG,chr12_4274224_-,CCND2 (894),1.0,,True
193,ACCTACTTACCCTGTCCAAG,chr16_46691113_-,ORC6 (23594),1.0,,True
194,ACCTAGCCACAAATTGGCCA,chr11_5581183_-,OR52B6 (340980),1.0,,True
195,ACCTATCCCAAACATCCAGA,chr15_40170106_-,BUB1B (701),1.0,,True
196,ACCTATGATGAAGAAAGCCA,chr3_156677974_+,TIPARP (25976),1.0,,True
197,ACCTATGTAGAACAAGAACA,chr13_72778359_-,DIS3 (22894),1.0,,True
198,ACCTCGGGATTGGCCTCCAG,chr13_75549847_-,UCHL3 (7347),1.0,,True
199,ACCTGCCTTGAGGTGTAAGA,chr19_7504219_+,SAXO5 (374877),1.0,,True
200,ACCTTAATAATTCCACGTGG,chr5_148170958_-,SPINK14 (408187),1.0,,True
201,ACGAAGGTGAAGAAGCCGAC,chr7_128324596_-,RBM28 (55131),1.0,,True
202,ACGACTTGCAGCTCCCCGCA,chr2_237566628_-,PRLH (51052),1.0,,True
203,ACGATCTGACAAAAGATCCC,chr6_112350095_+,RFPL4B (442247),1.0,,True
204,ACGCCGCCAGCGGAGCCCCG,chr14_36519253_+,NKX2-1 (7080),1.0,,True
205,ACGCCGGTCTTGATGACGAG,chr17_42333710_+,STAT3 (6774),1.0,,True
206,ACGCTCACTGACAAGGGCCG,chr5_150521640_+,NDST1 (3340),1.0,,True
207,ACGGACAGCCACAGAAGCCA,chr7_143183898_-,TAS2R39 (259285),1.0,,True
208,ACGGCAGCCTTGACTCCCCA,chr1_26941806_+,NUDC (10726),2.0,,True
209,ACGGTCCTCCGGGTCCCGCG,chr22_42519755_+,RRP7A (27341),1.0,,True
210,ACGTCCTCATTGATCAGCGG,chr3_128650710_+,RPN1 (6184),1.0,,True
211,ACGTGCTCACTCCAACCCCA,chr12_57771998_-,METTL1 (4234),1.0,,True
212,ACGTTCCCTTCAAGACACAG,chr2_162149102_-,GCG (2641),1.0,,True
213,ACGTTCCTCCCAAATCTCAA,chr7_25226894_+,NPVF (64111),1.0,,True
214,ACTAAGCAGCCCAAACCACA,chr5_102498577_+,SLCO6A1 (133482),1.0,,True
215,ACTACTATGCCTACAGACTG,chr20_23568243_-,CST9L (128821),1.0,,True
216,ACTACTGTCAACACTGGCCG,chr3_128060656_+,SEC61A1 (29927),1.0,,True
217,ACTAGAATCTTACAGAGCAC,chr14_30673309_+,SCFD1 (23256),1.0,,True
218,ACTATAGTGCTCCCAGTGCA,chr14_68790459_-,ZFP36L1 (677),1.0,,True
219,ACTATTGCAAAGAGAAGCCC,chr1_248452875_-,OR2T2 (401992),1.0,,True
220,ACTATTGGCTCTACTCCAGA,chr22_36702468_-,CACNG2 (10369),1.0,,True
221,ACTCAAAATTAGCAACAACA,chr19_57129946_-,USP29 (57663),1.0,,True
222,ACTCAAGTCCAACAACTCGA,chr19_58552314_-,CHMP2A (27243),1.0,,True
223,ACTCACACAAAAGTGAGGAT,chr19_39706662_-,LGALS14 (56891),1.0,,True
224,ACTCACCCACAACATCCAGG,chr10_121538602_+,FGFR2 (2263),1.0,,True
225,ACTCACCCTGAGAAGAGGAG,chr22_19821238_+,GNB1L (54584),1.0,,True
226,ACTCAGAGAGTCCTAGAAGG,chr9_122553261_-,OR1N2 (138882),1.0,,True
227,ACTCAGCTTGAGGTAGTGGA,chr16_5062460_+,C16orf89 (146556),1.0,,True
228,ACTCAGTTCAAAGTGCCCAG,chr19_38844082_-,HNRNPL (3191),1.0,,True
229,ACTCATGACGGGTATTACAG,chr3_112827428_-,CD200R1L (344807),1.0,,True
230,ACTCCAACCAAATCTCCAAA,chr1_15462856_+,CELA2A (63036),1.0,,True
231,ACTCCCACTCAACCATAGTG,chr6_89894528_+,GJA10 (84694),1.0,,True
232,ACTCCTCAATGCACCGGGCG,chr12_7765294_+,NANOGNB (360030),1.0,,True
233,ACTCCTGCCCCTCCAGACGA,chr12_48681516_+,KANSL2 (54934),1.0,,True
234,ACTCGCTTTAGAAAGCCACG,chr6_126340330_-,CENPW (387103),1.0,,True
235,ACTCTACCATCATGACACAA,chr11_6921460_+,OR2D3 (120775),1.0,,True
236,ACTCTGAATGACAGCCTCCA,chr16_23635269_+,PALB2 (79728),1.0,,True
237,ACTCTGGGTCCCAGGAAGAG,chr3_63839660_-,THOC7 (80145),1.0,,True
238,ACTGAGGACGAGATATCACT,chr22_24756659_+,PIWIL3 (440822),1.0,,True
239,ACTGAGTGAAGAGAAGGCAG,chr11_85882582_+,CCDC83 (220047),1.0,,True
240,ACTGATGTCTCCCAATTCTG,chr1_154332661_-,ATP8B2 (57198),1.0,,True
241,ACTGCACAGCGCTCACCCGA,chr1_152412146_-,CRNN (49860),1.0,,True
242,ACTGCAGCTTTCTTGTCCAG,chr1_156727376_+,ISG20L2 (81875),2.0,,True
243,ACTGCGCTCCCCCTTCAGGT,chr10_58385647_+,TFAM (7019),1.0,,True
244,ACTGCGGCGCGGGCGTTACG,chr22_37824774_-,GALR3 (8484),1.0,,True
245,ACTGCGTCTGGACAACAGCG,chr12_129699912_-,TMEM132D (121256),1.0,,True
246,ACTGCTCCCAGATAACTGGA,chr22_30462186_-,SEC14L3 (266629),1.0,,True
247,ACTGCTTCATCAAGATTCCG,chr9_77019876_+,FOXB2 (442425),1.0,,True
248,ACTGCTTCGCCTGGTGCAGG,chr22_15690182_+,POTEH (23784),1.0,,True
249,ACTGGAATTCTACAATGCGT,chr6_135192363_+,MYB (4602),1.0,,True
250,ACTGGCACTCGGACAGCGAG,chr3_196503144_+,RNF168 (165918),1.0,,True
251,ACTGGTACGCGGCCGTGCAG,chr22_42693465_-,A4GALT (53947),1.0,,True
252,ACTGTCTGAGTATGGCCACA,chr12_9101530_+,A2M (2),1.0,,True
253,ACTTCAAATAGAGAAAAGCA,chr12_10908945_+,TAS2R13 (50838),1.0,,True
254,ACTTCAGTCTTGTTCTTCAG,chr11_56252298_-,OR5T3 (390154),1.0,,True
255,ACTTCATCCAGAGGAAAAGT,chr12_10802217_+,TAS2R7 (50837),1.0,,True
256,ACTTCCAGAAAGCAACGGAG,chr2_61493964_+,XPO1 (7514),1.0,,True
257,ACTTCTACACTATTAAAAGC,chr12_11092007_+,TAS2R43 (259289),1.0,,True
258,ACTTCTACGAGGCGGAGCCG,chr19_33302384_-,CEBPA (1050),1.0,,True
259,ACTTCTCAGACAAACCCACA,chrX_136745277_-,ARHGEF6 (9459),1.0,,True
260,ACTTCTCTCCAGGTTGTCAG,chr2_161416540_-,TBR1 (10716),1.0,,True
261,ACTTGACCTTCTCTTCCAGG,chr4_7064103_+,GRPEL1 (80273),1.0,,True
262,ACTTGCATCCACAGTAAACA,chr2_86111153_+,PTCD3 (55037),1.0,,True
263,ACTTGCCATTGAGATTTGGG,chr7_25226888_-,NPVF (64111),1.0,,True
264,ACTTGGGTAGAGGGGCCATG,chr12_56361969_+,APOF (319),1.0,,True
265,ACTTGGTAGGATAGACCAGG,chr6_132570734_-,TAAR6 (319100),1.0,,True
266,ACTTGGTCGTAGTAAACGGA,chr12_122173920_+,IL31 (386653),1.0,,True
267,ACTTGTATTCCATTGACCAA,chr11_59844029_+,CBLIF (2694),1.0,,True
268,ACTTGTGGATCTTACTGTGG,chr12_52301936_+,KRT86 (3892),1.0,,True
269,ACTTTGGACGATCCAAAAAA,chr3_109100469_-,MORC1 (27136),1.0,,True
270,AGAAAACGAGAGCTAAAGGT,chr1_150325880_+,PRPF3 (9129),1.0,,True
271,AGAAAAGCCTGGTAAATCCG,chr7_44572424_+,DDX56 (54606),2.0,,True
272,AGAAAATCAGCAAAACCCGC,chr6_149746447_-,NUP43 (348995),1.0,,True
273,AGAAACCGAGAAAGAAGAAG,chr7_31339090_-,NEUROD6 (63974),1.0,,True
274,AGAAACTCACGCCCACCAGG,chr11_77039604_-,B3GNT6 (192134),1.0,,True
275,AGAAAGGCAGAAGCACAGAG,chr12_56361797_-,APOF (319),1.0,,True
276,AGAAATTCAGGACTACCAAG,chr12_78007209_+,NAV3 (89795),1.0,,True
277,AGAACACTGTTGTTGCCACA,chr5_228328_+,SDHA (6389),2.0,,True
278,AGAACAGCATCTCCTACGCA,chr11_124440803_-,OR8B8 (26493),1.0,,True
279,AGAACTCACCAAGAACACAC,chr19_51034592_+,KLK12 (43849),1.0,,True
280,AGAACTTCTTTATCCTTCGA,chr3_9801738_+,ARPC4 (10093),1.0,,True
281,AGAAGAAGCAGCTGAAGCCG,chr17_32350315_+,ZNF207 (7756),1.0,,True
282,AGAAGATGTCAACCAAGGAG,chr17_3215820_-,OR1A1 (8383),1.0,,True
283,AGAAGCGGAGGCTCTTAGAA,chr1_156727547_-,ISG20L2 (81875),1.0,,True
284,AGAAGGACGCCTTTGGCGCG,chr3_48695252_+,IP6K2 (51447),1.0,,True
285,AGAAGGGGATGGAAAGCCAG,chr11_5200596_+,OR51V1 (283111),1.0,,True
286,AGAAGGTCTCTGGCAGAGAG,chr11_75089645_+,OR2AT4 (341152),1.0,,True
287,AGAATACAACAAAGAGAGCG,chr20_23491845_+,CST8 (10047),1.0,,True
288,AGAATACGGCTACAGCACGG,chr10_17987493_+,SLC39A12 (221074),1.0,,True
289,AGAATGTTTCACCCTGGCCG,chr2_85046150_+,KCMF1 (56888),1.0,,True
290,AGAATTCATTCATGGCCACG,chr12_56085026_-,ERBB3 (2065),1.0,,True
291,AGACAAACATGCAGGCCCCA,chr12_52573479_+,KRT74 (121391),1.0,,True
292,AGACACCGCAATGAAAAAAG,chr10_68956280_+,DDX21 (9188),1.0,,True
293,AGACACTCTGAATTACCACA,chrX_40703516_+,MED14 (9282),1.0,,True
294,AGACACTGGTGGCCACCACG,chr5_148170957_+,SPINK14 (408187),1.0,,True
295,AGACACTTATACTATGAAAG,chr12_68813623_+,MDM2 (4193),1.0,,True
296,AGACAGAGTTGTCAGAAGGG,chr6_41336375_-,NCR2 (9436),1.0,,True
297,AGACAGCTGCCAGGATGCTG,chr17_3292442_+,OR3A1 (4994),1.0,,True
298,AGACAGTGAGAGCATGAAAT,chr19_50770865_-,GPR32 (2854),2.0,,True
299,AGACAGTGTAATGGAGAGGA,chr1_247588754_-,OR2G2 (81470),1.0,,True
300,AGACATCCTTGACATCTGGG,chr3_138759291_-,PIK3CB (5291),1.0,,True
301,AGACATTCCTTGCAAAACAG,chr19_4409346_+,CHAF1A (10036),1.0,,True
302,AGACCAACAACAAAACGCCC,chr14_20693581_-,ANG (283),1.0,,True
303,AGACCACCAGGAATCTACAA,chr6_88904904_-,RNGTT (8732),1.0,,True
304,AGACCATCCAGCAAACCACA,chr19_55955248_-,NLRP8 (126205),1.0,,True
305,AGACCCAGTGGAGAAGGTAG,chr17_41489839_+,KRT36 (8689),1.0,,True
306,AGACCTATGCAGATATTGGG,chr14_90264136_+,PSMC1 (5700),2.0,,True
307,AGACCTGTAATTCCATCAAA,chr2_28914146_-,WDR43 (23160),1.0,,True
308,AGACCTGTACCACCTTCTGG,chr20_37746550_+,CTNNBL1 (56259),1.0,,True
309,AGACCTTTGGAGTTAAGAGG,chr6_31972459_+,WHR1 (8859),1.0,,True
310,AGACGAAGCCCAGCGAGGCG,chr17_7043003_+,SLC16A11 (162515),1.0,,True
311,AGACGCAGTCCTTTGAGGCG,chr11_124611628_-,PANX3 (116337),1.0,,True
312,AGACGCCGACGCTTTCTCCG,chr15_44537338_+,EIF3J (8669),1.0,,True
313,AGACTATTATCAGAAATGGA,chr6_34762664_+,SNRPC (6631),1.0,,True
314,AGACTCACCGAGGCAAAGCA,chr19_54063752_+,VSTM1 (284415),1.0,,True
315,AGACTGAGACATATCCTCAG,chr2_45599526_-,SRBD1 (55133),1.0,,True
316,AGAGAACCTCACCCGGGCCG,chr9_122788957_+,OR5C1 (392391),1.0,,True
317,AGAGAAGAGGAACGTCCACA,chrX_136745324_+,ARHGEF6 (9459),1.0,,True
318,AGAGAGAAAAGAAAGATGGT,chr5_140700911_+,ZMAT2 (153527),1.0,,True
319,AGAGATGGCCAGCTGCTGGT,chr2_113074379_+,IL1F10 (84639),1.0,,True
320,AGAGCCAGCAGGGTTCCAGA,chr1_152410649_-,CRNN (49860),1.0,,True
321,AGAGCTCACAGATTTCTGCA,chr12_68253435_+,IL22 (50616),1.0,,True
322,AGAGCTGGCTTTATGTGCTG,chr12_121330657_-,ANAPC5 (51433),1.0,,True
323,AGAGCTGTGAGAATACCCCA,chr2_199433370_+,SATB2 (23314),1.0,,True
324,AGAGGACTCAGTGGACCTGG,chrX_151664322_+,PASD1 (139135),1.0,,True
325,AGAGGAGTACAGTGCAATGA,chr12_25227324_-,KRAS (3845),1.0,,True
326,AGAGGCGGAGAACAATATGG,chr3_69080352_-,UBA3 (9039),1.0,,True
327,AGAGGGAACTGCCCTCTGCA,chr2_79158740_-,REG3A (5068),1.0,,True
328,AGAGTTTGAGAAGTTCTTGG,chr10_117197672_+,KCNK18 (338567),1.0,,True
329,AGATACATCCACTTCCACAG,chr13_28061993_+,FLT3 (2322),1.0,,True
330,AGATATTGATACTAGACGCA,chr20_49075332_+,CSE1L (1434),1.0,,True
331,AGATATTTATAGATTCAGCC,chr4_67932036_-,TMPRSS11A (339967),1.0,,True
332,AGATCACTACTGGCAGTGCC,chr1_160211673_+,PEA15 (8682),1.0,,True
333,AGATCCACCAGGATGGCACG,chr6_30722937_-,TUBB (203068),1.0,,True
334,AGATCCCTCCAAAATCAAGT,chr12_6536939_+,GAPDH (2597),3.0,,True
335,AGATCCTGAGATCAACCCTG,chr3_187731853_-,BCL6 (604),1.0,,True
336,AGATCCTGCTTACCTCCATG,chr17_6433960_-,AIPL1 (23746),1.0,,True
337,AGATCTAGAACAGCTCAAGT,chr1_160211614_+,PEA15 (8682),1.0,,True
338,AGATCTGAACTGCACAGCCC,chr1_248453087_-,OR2T2 (401992),1.0,,True
339,AGATCTGGATCATCAAAGAC,chr11_14294475_-,RRAS2 (22800),2.0,,True
340,AGATCTGTCTGCAGAAACAA,chr11_74225246_+,PPME1 (51400),1.0,,True
341,AGATGCCATGGAGCGCATCG,chr2_97646168_-,COX5B (1329),1.0,,True
342,AGATGGCTTGCGCTGCCGCG,chr5_112861391_+,SRP19 (6728),1.0,,True
343,AGATGTGCTCAATGTAGGAG,chr1_160213119_-,PEA15 (8682),1.0,,True
344,AGATGTGTAAACAACTACCA,chr1_168184033_+,TIPRL (261726),1.0,,True
345,AGATTAATCGTGTAAAACAT,chr8_42756475_+,CHRNA6 (8973),1.0,,True
346,AGATTAGTCCCCCCACACAG,chr6_25918542_+,SLC17A2 (10246),1.0,,True
347,AGATTCTTCCCATTTGTCCC,chr9_21206972_+,IFNA10 (3446),1.0,,True
348,AGATTGACCCCAATGCCCAG,chr12_52385111_-,KRT84 (3890),1.0,,True
349,AGATTGATCGACCAGCAACA,chr19_49007359_+,RUVBL2 (10856),1.0,,True
350,AGATTTCTGGAGATGTTCCA,chr11_116822695_+,APOA4 (337),1.0,,True
351,AGCAACCCTGAGAACAACGT,chr1_151262277_+,PSMD4 (5710),2.0,,True
352,AGCACCTGACTCAGAAGACG,chr3_124730615_-,UMPS (7372),1.0,,True
353,AGCACCTTCATTCTTCCACA,chr2_86083093_+,POLR1A (25885),1.0,,True
354,AGCAGAGAAGAAATGTGGAG,chr2_27133277_-,PREB (10113),1.0,,True
355,AGCAGCCTGAAGCATCCACA,chr9_92271590_+,IARS1 (3376),1.0,,True
356,AGCAGTTGAGGGTCTCAGAA,chr20_35529200_+,C20orf173 (140873),1.0,,True
357,AGCATTTGACCTCTTCGACG,chr18_580529_+,CETN1 (1068),1.0,,True
358,AGCCAGAAATCCCCAATGAT,chr11_56275821_-,OR5T1 (390155),1.0,,True
359,AGCCAGCTCAAACATCACCA,chr22_19497395_-,CDC45 (8318),1.0,,True
360,AGCCAGGCTTTGATTTGCAT,chr19_8842725_-,MBD3L1 (85509),1.0,,True
361,AGCCATAGCTTCTTACCGCA,chrX_71557231_+,OGT (8473),1.0,,True
362,AGCCCCCACAAAAAGACGAA,chrX_55624062_+,FOXR2 (139628),1.0,,True
363,AGCCCTACCTAGACACCTTG,chr3_133805923_+,SRPRB (58477),1.0,,True
364,AGCCGGAAGGAAACAGACCA,chr3_169116393_+,MECOM (2122),1.0,,True
365,AGCGGCCCTCGCACTCGTAG,chr19_45012197_-,RELB (5971),1.0,,True
366,AGCTAGCAGCAAGCACACCA,chr17_34363136_+,CCL1 (6346),1.0,,True
367,AGCTCCAGCTAGGATGATCG,chr19_9828341_+,UBL5 (59286),2.0,,True
368,AGCTCCTCCAGGGAGTCCCG,chr1_179575829_-,NPHS2 (7827),1.0,,True
369,AGCTCCTTCTCAGATGCCCG,chr16_24907143_-,SLC5A11 (115584),1.0,,True
370,AGCTCTTCATGAACTCTCCA,chr14_21370387_+,SUPT16H (11198),2.0,,True
371,AGCTGGCGAGAGATGTCGCA,chr2_113246809_+,PAX8 (7849),1.0,,True
372,AGCTTCTTACCAGGGACGCA,chr1_33312507_+,A3GALT2 (127550),1.0,,True
373,AGGAAAGGTTTGGGATTGAG,chr12_95861179_-,SNRPF (6636),2.0,,True
374,AGGAACACTGAGTACTCCCC,chr3_108757123_+,RETNLB (84666),1.0,,True
375,AGGAAGGAAGAGCAAGCGGA,chr22_35082535_+,ISX (91464),1.0,,True
376,AGGAAGTTACTCCCATCTGA,chr6_79001918_+,PHIP (55023),1.0,,True
377,AGGAAGTTCTGAGAACCAAA,chr4_1727901_+,TACC3 (10460),1.0,,True
378,AGGACAGGCAGCAGAGTCTG,chr20_45629825_-,WFDC10A (140832),1.0,,True
379,AGGACCAGATGCATTCACAC,chr19_53634550_+,DPRX (503834),2.0,,True
380,AGGACCGAGACTTCTCCCCA,chrX_118825332_-,ZCCHC12 (170261),1.0,,True
381,AGGACGAGTTACAGCTGCCG,chrX_70133974_+,IGBP1 (3476),1.0,,True
382,AGGAGCAGAGTCAAAGGCAG,chr3_51902989_-,IQCF1 (132141),1.0,,True
383,AGGAGCCCAAGCCATCCTCG,chr2_17816553_-,MSGN1 (343930),1.0,,True
384,AGGAGCTTAAGGAAAAGGAG,chr19_4422700_+,CHAF1A (10036),1.0,,True
385,AGGAGGAATCTATATTCTGG,chr13_30631404_+,USPL1 (10208),1.0,,True
386,AGGAGGCCAAGGAAGCCCGG,chr9_78031181_-,GNAQ (2776),2.0,,True
387,AGGAGGCTCCGACTTCCGCG,chr1_54200358_-,MRPL37 (51253),1.0,,True
388,AGGAGGTAAAGGATGCCCAG,chr11_5986783_+,OR52L1 (338751),2.0,,True
389,AGGAGGTGCAGCAATCCGGC,chr21_44637662_-,KRTAP10-10 (353333),1.0,,True
390,AGGAGGTGCAGTAAGCCGGC,chr21_44627431_-,KRTAP10-9 (386676),1.0,,True
391,AGGAGTAGCAGGGTACACAG,chr20_23688954_+,CST4 (1472),1.0,,True
392,AGGAGTTTGCTACCTCCACA,chr2_95108178_+,MRPS5 (64969),1.0,,True
393,AGGATCCGTGAGATGTCACA,chr7_127615421_+,PAX4 (5078),1.0,,True
394,AGGATCCTGAACATGAGCAG,chr1_174448155_+,GPR52 (9293),1.0,,True
395,AGGATCTGCGCGGTAGGCCG,chrX_155027002_-,FUNDC2 (65991),2.0,,True
396,AGGATGCCAATTCCTCGCAG,chr17_17267971_+,COPS3 (8533),1.0,,True
397,AGGATGTCCTCGATGCTGAA,chr10_101228707_+,LBX1 (10660),1.0,,True
398,AGGCAGGCAAGAAACAGCCA,chr20_33033051_+,BPIFB6 (128859),1.0,,True
399,AGGCATTTACTACCAGGCCG,chr22_30584420_-,PES1 (23481),1.0,,True
400,AGGCCGCTCACACTCAGCGT,chr5_146339805_-,POU4F3 (5459),1.0,,True
401,AGGCCTGACTCAGTACAGCG,chr20_63307985_+,COL20A1 (57642),1.0,,True
402,AGGCCTGGCATAGTAGTAAG,chr13_112558352_+,TUBGCP3 (10426),1.0,,True
403,AGGCGACGTCCGGTGCCGCG,chr10_43077282_+,RET (5979),1.0,,True
404,AGGCGAGAAGATAAAGCATG,chr7_143052432_-,OR6V1 (346517),1.0,,True
405,AGGCGCCGAGACTGACAACG,chr16_58392773_+,GINS3 (64785),1.0,,True
406,AGGCGGAGCGTAGTTCTCCG,chr6_88048083_-,SPACA1 (81833),1.0,,True
407,AGGCGGCTGTGCATTCTGAA,chr22_30588159_-,PES1 (23481),1.0,,True
408,AGGGACTTCTGACCTGACAA,chr11_59810607_+,MRPL16 (54948),1.0,,True
409,AGGGGGACGAGGCAGCGCGA,chr2_38377236_-,ATL2 (64225),1.0,,True
410,AGGGGGATCATACAGGGCAG,chr3_62372658_+,FEZF2 (55079),1.0,,True
411,AGGGGGCGTTGAATATTGAG,chr12_49323868_-,TROAP (10024),1.0,,True
412,AGGGGTGATGACTTACCAGG,chr6_30159150_+,TRIM10 (10107),1.0,,True
413,AGGGGTGTCCAACCTTGGCG,chr5_135895744_-,IL9 (3578),1.0,,True
414,AGGGTGGATGTCGAAATCCG,chr9_128325791_-,COQ4 (51117),1.0,,True
415,AGGTACTTCAAAGTGTGGCA,chr6_41336127_+,NCR2 (9436),1.0,,True
416,AGGTCAATCATGTACTGCGG,chr10_47322926_-,GDF2 (2658),1.0,,True
417,AGGTCCTACCTTGCTAACCA,chr1_8870459_+,ENO1 (2023),1.0,,True
418,AGGTCTGCGAGAGCAGCGCG,chr10_101228585_+,LBX1 (10660),1.0,,True
419,AGGTCTGCTGAATCACCTCA,chr9_21350642_+,IFNA6 (3443),1.0,,True
420,AGGTGAATAGGTCAGCCGGG,chr17_80754131_-,RPTOR (57521),1.0,,True
421,AGGTGCACCGATTATACCCG,chr3_128262150_+,EEFSEC (60678),1.0,,True
422,AGGTGCAGAAAACAGCAGGA,chr5_146515851_+,GPR151 (134391),1.0,,True
423,AGGTGGACAGGGAAGGCACG,chr18_580648_+,CETN1 (1068),1.0,,True
424,AGGTGGACATCCCTGCCACG,chr1_204410576_+,PPP1R15B (84919),1.0,,True
425,AGGTGGACCCCCACGTCGGG,chr17_75110321_+,ARMC7 (79637),1.0,,True
426,AGGTGGAGAAGGCATCAGGA,chr1_66801072_-,INSL5 (10022),1.0,,True
427,AGGTGTCAGATCCAGATAGG,chr20_35529306_+,C20orf173 (140873),1.0,,True
428,AGGTTCTTGGGCTTGCGCCG,chr3_137765024_-,SOX14 (8403),1.0,,True
429,AGTAATGTTCTGCCACCCAA,chr14_20556776_+,RNASE9 (390443),1.0,,True
430,AGTACCTCAGTGATGCCAAA,chr19_55661177_-,U2AF2 (11338),1.0,,True
431,AGTACCTGACATCTGTTGCA,chr18_31399531_-,DSG4 (147409),1.0,,True
432,AGTACTACCTGGCTGAGCCA,chr3_129528832_+,RHO (6010),1.0,,True
433,AGTAGAAGAAAAGATCCAAG,chr14_65004270_+,FNTB (2342),1.0,,True
434,AGTATAAGCTTCCCATGCAG,chr8_86230050_-,SLC7A13 (157724),1.0,,True
435,AGTATACAATGCACATCGAA,chr1_115033455_+,TSHB (7252),1.0,,True
436,AGTATGAAGGAGATGATTGG,chr10_21534709_+,MLLT10 (8028),1.0,,True
437,AGTCAACTGCCTTCAAACAA,chr4_73487094_+,AFM (173),1.0,,True
438,AGTCAATTAGATGAACACAT,chr3_142562847_-,ATR (545),1.0,,True
439,AGTCACATACCAGATCCCAC,chr11_63371136_-,SLC22A9 (114571),1.0,,True
440,AGTCAGACGTGATCTCTCCG,chr12_129337712_+,TMEM132D (121256),1.0,,True
441,AGTCAGAGATGACAGCCAAG,chr19_9103103_+,OR7G2 (390882),1.0,,True
442,AGTCAGAGTTGTGAGAGCAC,chr11_101062710_-,PGR (5241),1.0,,True
443,AGTCAGCTCTGGTCACCGGG,chr12_52385548_-,KRT84 (3890),1.0,,True
444,AGTCATCCCGAAACGTCCCG,chr2_135809644_+,LCT (3938),1.0,,True
445,AGTCATCTAGGTCGGCCTGA,chr6_49786987_-,PGK2 (5232),1.0,,True
446,AGTCCACTCCAACGAACAGA,chr17_3292256_+,OR3A1 (4994),1.0,,True
447,AGTCCAGCACTGCCGCTACG,chr3_196247431_-,PCYT1A (5130),1.0,,True
448,AGTCCTCAGGGACATCCCAG,chr17_7421118_-,SPEM1 (374768),1.0,,True
449,AGTCCTCCGGGACTTCCCAG,chr3_113788870_+,ATP6V1A (523),1.0,,True
450,AGTCCTCTGCGAATCCCAGG,chr19_14941532_-,OR7C2 (26658),1.0,,True
451,AGTCGCGGCTGGAGCCCGTG,chr17_63910272_-,CSHL1 (1444),1.0,,True
452,AGTCGGTGCAGCAAACTTCA,chr1_8866413_-,ENO1 (2023),2.0,,True
453,AGTCGTCGCACACTTCCAGG,chr8_72567955_-,KCNB2 (9312),1.0,,True
454,AGTCTACCAAAGCTCACGCG,chr13_27920522_+,PDX1 (3651),1.0,,True
455,AGTCTGAAGCACTAAGAAGG,chr3_151817539_+,AADAC (13),1.0,,True
456,AGTCTGAGCGGCGATGGCGG,chr14_23321473_+,PABPN1 (8106),1.0,,True
457,AGTCTGCCCATCAAATGCTA,chr7_143183421_+,TAS2R39 (259285),1.0,,True
458,AGTCTTCCTGTTTAAGCCCG,chr8_72567756_-,KCNB2 (9312),1.0,,True
459,AGTGAAACTGGGAAGCACAG,chr15_40185590_-,BUB1B (701),1.0,,True
460,AGTGAAGCTGTATTGCCACG,chr15_40185556_-,BUB1B (701),1.0,,True
461,AGTGACCCTGATGTGCACCA,chr14_70524735_+,ADAM20 (8748),1.0,,True
462,AGTGAGAACACGGAGAGTGA,chr3_187197569_-,RTP1 (132112),1.0,,True
463,AGTGAGAATTTGGTCAGCTG,chr12_10986730_+,TAS2R50 (259296),1.0,,True
464,AGTGAGATGCCCAGGTGCCG,chr22_42693573_+,A4GALT (53947),1.0,,True
465,AGTGAGCGAGATGAGCGCAG,chr5_63961256_+,HTR1A (3350),1.0,,True
466,AGTGAGCTCGAAGATCTGCA,chr20_63305503_-,COL20A1 (57642),1.0,,True
467,AGTGATCGAAAGCATGGCGT,chr17_50373166_-,MRPL27 (51264),1.0,,True
468,AGTGATGGAAACCAGAGAGA,chr8_86064524_-,PSKH2 (85481),1.0,,True
469,AGTGATTTCGAGACTCCTAT,chr13_44989404_-,NUFIP1 (26747),1.0,,True
470,AGTGCCTGTAGGAGGAACAA,chr18_41962604_+,PIK3C3 (5289),1.0,,True
471,AGTGCCTTATGGCTTCTTGA,chr6_96203666_+,FUT9 (10690),1.0,,True
472,AGTGCTAGAGAGATTGGCGG,chr18_46118228_-,HAUS1 (115106),1.0,,True
473,AGTGCTCAAGGACATCGAGA,chr6_34544052_-,SPDEF (25803),1.0,,True
474,AGTGCTGCCGAAGTTTAAGG,chr12_8836269_+,A2ML1 (144568),1.0,,True
475,AGTGCTGGTAGAGCACCAGG,chr22_19507394_-,CDC45 (8318),1.0,,True
476,AGTGGACCTGGAGTTCTCGG,chrX_151664196_+,PASD1 (139135),1.0,,True
477,AGTGGCAGAGGCATGTGTAG,chr6_55351297_+,GFRAL (389400),1.0,,True
478,AGTGGCAGTGGAAGTGAACG,chr5_55781976_+,DDX4 (54514),1.0,,True
479,AGTGGCTCTGAGACTCCCCG,chr7_127613832_-,PAX4 (5078),1.0,,True
480,AGTGGCTTTACCTTTCCTGG,chr6_25925774_+,SLC17A2 (10246),1.0,,True
481,AGTGGGAGCACATCTCCGCC,chr9_101594895_+,PPP3R2 (5535),1.0,,True
482,AGTGGGAGTGAACTTCCTCT,chr6_89894503_-,GJA10 (84694),1.0,,True
483,AGTGGGGCGTGCGCTCCACG,chr1_54200354_+,MRPL37 (51253),1.0,,True
484,AGTGGGGTCCCCACAACTGA,chr1_15457091_-,CELA2A (63036),1.0,,True
485,AGTGGTGTGCACATATGCCA,chr4_88396864_-,HERC6 (55008),1.0,,True
486,AGTGGTTGATGAATACCAAG,chr2_162147363_-,GCG (2641),1.0,,True
487,AGTGTGACGAAGGTGTTGAG,chr19_46919293_+,ARHGAP35 (2909),1.0,,True
488,AGTGTGGTCCCATCTGACAA,chr10_121538665_-,FGFR2 (2263),1.0,,True
489,AGTTAAAAAGAAGGGCAGAG,chr7_128335988_-,RBM28 (55131),1.0,,True
490,AGTTAAGGAGATAAGAAAAG,chr1_196995779_+,CFHR5 (81494),1.0,,True
491,AGTTACCTGAGAAGAAACTG,chr11_123884500_+,TMEM225 (338661),1.0,,True
492,AGTTACTGTGTATCAGGCAG,chr12_68836696_+,MDM2 (4193),1.0,,True
493,AGTTATGGTCCCCACAACCA,chr19_48616778_+,RPL18 (6141),1.0,,True
494,AGTTATTTGAGGCGTTCCCA,chr1_158182077_-,CD1D (912),1.0,,True
495,AGTTCACGGCAACCTCCACG,chr19_41090555_+,CYP2A13 (1553),1.0,,True
496,AGTTCATCCTGGGTCCCTGA,chr5_135446787_+,DCANP1 (140947),1.0,,True
497,AGTTCCCCTCTACTGAACAA,chr4_67929979_-,TMPRSS11A (339967),1.0,,True
498,AGTTCCTTCAACCTTTGAGA,chr2_86108375_-,PTCD3 (55037),1.0,,True
499,AGTTCGACGTCTACTTCGAG,chr3_72848241_-,SHQ1 (55164),1.0,,True
500,AGTTCTCCTCCACCCAGCCG,chr2_161416998_+,TBR1 (10716),1.0,,True
501,AGTTCTTCACTGACACTGAA,chr13_73061980_+,KLF5 (688),1.0,,True
502,AGTTGACAGCTACATCCACA,chrX_53432349_+,HSD17B10 (3028),1.0,,True
503,AGTTGCCTACCACTGTGAAG,chr11_56375733_-,OR8U1 (219417),1.0,,True
504,AGTTGGGCACACAGGCCCCA,chr12_52552809_+,KRT71 (112802),1.0,,True
505,AGTTGTAGTAAGTTCCCAGG,chr22_37096686_+,TMPRSS6 (164656),2.0,,True
506,AGTTGTCCAGAGCGTCGTTG,chr7_31338936_+,NEUROD6 (63974),1.0,,True
507,ATAAACGTGCAGGACTCCAT,chr11_6027353_+,OR56A1 (120796),1.0,,True
508,ATAAAGCGGAAGGCTCCCCG,chr6_126340326_+,CENPW (387103),1.0,,True
509,ATAAATTTCACAATTCTCGG,chr12_114681031_-,TBX3 (6926),1.0,,True
510,ATAACCCCTCCTTTGCCAAG,chr10_119073789_+,EIF3A (8661),1.0,,True
511,ATAACCTACACACCAAGTGA,chr2_208245362_-,IDH1 (3417),1.0,,True
512,ATAACTTTACCCACACACCA,chr2_135809532_-,LCT (3938),1.0,,True
513,ATAAGAAACAAAAAGAGAGA,chr7_151987234_+,GALNTL5 (168391),1.0,,True
514,ATAAGAGTGGGGTAATGCAG,chr1_158480327_-,OR10R2 (343406),1.0,,True
515,ATAAGCAAGCCCCAGAAAGG,chr1_117075414_+,TTF2 (8458),1.0,,True
516,ATAAGCCAGATACAAGACCG,chr17_3216037_-,OR1A1 (8383),1.0,,True
517,ATAAGCTCCTAGAGACCAAG,chr12_52383759_-,KRT84 (3890),1.0,,True
518,ATAAGGCCTGAGCTAAAGGA,chr5_71491014_+,BDP1 (55814),1.0,,True
519,ATAAGGCTGACGCCAAGCAC,chr16_22313699_+,POLR3E (55718),1.0,,True
520,ATAAGTTCCACAACTCGCGC,chr17_61401798_+,TBX2 (6909),1.0,,True
521,ATAATACTCTGCCTTCACCC,chr3_49100234_-,QARS1 (5859),1.0,,True
522,ATAATATTCAAACTCCTGAG,chr10_119073445_-,EIF3A (8661),1.0,,True
523,ATAATCATACCTGAGCAAAG,chr9_5044513_-,JAK2 (3717),1.0,,True
524,ATAATCCAACACGGAACAGA,chr5_55767918_+,DDX4 (54514),1.0,,True
525,ATAATGAATGAAGATGAGAG,chrX_151601563_+,PASD1 (139135),1.0,,True
526,ATAATGAATGTGCTGTACGG,chr20_49066486_-,CSE1L (1434),1.0,,True
527,ATAATGACCCAGGCTGAGAA,chr3_53882087_-,ACTR8 (93973),1.0,,True
528,ATAATGCGTAAATTCTCCAG,chr2_211947553_+,ERBB4 (2066),1.0,,True
529,ATAATGTAAGGGGCCAGCGA,chr7_76480722_-,DTX2 (113878),1.0,,True
530,ATAATTATGAAATTCGACCA,chr4_154798040_+,RBM46 (166863),1.0,,True
531,ATAATTGGCCACGTTCTGCA,chr5_63961517_+,HTR1A (3350),1.0,,True
532,ATAATTGGTGACCTAGACTT,chr11_83166355_-,PCF11 (51585),1.0,,True
533,ATACAATGCTGAATCCAAAG,chr18_13681947_-,FAM210A (125228),1.0,,True
534,ATACACATCCCATATGGTGA,chr18_41962556_-,PIK3C3 (5289),1.0,,True
535,ATACACCCAACCTATGAAGA,chr9_27524574_+,IFNK (56832),1.0,,True
536,ATACAGAACTCGAGAAGCCA,chr5_135447067_-,DCANP1 (140947),1.0,,True
537,ATACAGAGTCAACAATAACA,chr3_133807818_+,SRPRB (58477),1.0,,True
538,ATACCAATACCAATCCCAAA,chr6_52187755_+,IL17A (3605),1.0,,True
539,ATACCAGTGGATGTGATGCG,chr4_55107788_+,KDR (3791),1.0,,True
540,ATACCAGTTGAAGCACCACT,chr1_8871960_+,ENO1 (2023),2.0,,True
541,ATACCCAATAGAGTCCGAGG,chr7_140800374_+,BRAF (673),1.0,,True
542,ATACCTGTGGAACAAAAAGA,chr10_68962101_+,DDX21 (9188),1.0,,True
543,ATACGGGACACGCAGACTGG,chr1_182952809_+,SHCBP1L (81626),1.0,,True
544,ATACTGACTCCAAGGAACAG,chr11_74203756_-,PPME1 (51400),1.0,,True
545,ATACTGACTCTGATCCCAAG,chr6_25921329_-,SLC17A2 (10246),1.0,,True
546,ATACTGGAGACTCACCACAC,chrX_47081191_-,RGN (9104),1.0,,True
547,ATACTGGGATTGGATTCCAT,chr11_108176321_+,NPAT (4863),1.0,,True
548,ATACTTACACTGAGCGCGCA,chr8_142840501_-,GML (2765),1.0,,True
549,ATAGAACAGCAGAAGCGTAA,chr1_31296731_-,SNRNP40 (9410),1.0,,True
550,ATAGAGAGCGTCAACAGCTT,chr12_68225635_+,IL26 (55801),1.0,,True
551,ATAGATGCAATGGTGCACAT,chr3_69062164_+,UBA3 (9039),1.0,,True
552,ATAGATGTGCTGTAATGGAG,chr9_122553610_-,OR1N2 (138882),1.0,,True
553,ATAGATTCTGCCTCCCCAGG,chr5_138169282_-,BRD8 (10902),1.0,,True
554,ATAGCAACAGGATTGCACAG,chr12_8835530_+,A2ML1 (144568),1.0,,True
555,ATAGCAGGCCCACAATAGGA,chr1_211481142_+,RD3 (343035),1.0,,True
556,ATAGGAACTGGAGGAAGCTG,chr13_73061896_-,KLF5 (688),1.0,,True
557,ATAGGATCTGGCCAAAGTGC,chr21_30440523_-,KRTAP15-1 (254950),1.0,,True
558,ATAGGGCTTGAAATCCACAC,chr6_46809479_-,MEP1A (4224),1.0,,True
559,ATAGGGTCAACATCTTCCTG,chr5_151859987_-,GLRA1 (2741),1.0,,True
560,ATAGGTGTAAGCCTGCTGGT,chr2_29073708_+,PCARE (388939),1.0,,True
561,ATAGTAGGAGAGTTTGTGCA,chrX_101375181_+,BTK (695),1.0,,True
562,ATAGTCGTACCATATGCAGA,chr1_70228550_+,SRSF11 (9295),1.0,,True
563,ATAGTGAAGCCCATTAGCCG,chr10_27155551_+,MASTL (84930),1.0,,True
564,ATAGTGAGAGGACAACAGAA,chr14_45242246_-,MIS18BP1 (55320),1.0,,True
565,ATAGTGGTGAAAAAAAATGC,chr20_31372876_+,DEFB118 (117285),1.0,,True
566,ATAGTTTGACTCTTACCCTG,chr2_112238315_+,ZC3H8 (84524),1.0,,True
567,ATATAGTATGATCAGATCGG,chr6_132617895_-,TAAR2 (9287),1.0,,True
568,ATATAGTTCTGGGCACTCAA,chr1_152357346_-,FLG2 (388698),1.0,,True
569,ATATCAAGATGCTTATAGGG,chr10_58388688_+,TFAM (7019),1.0,,True
570,ATATCCAGCATACCATCCCC,chr1_211829079_+,LPGAT1 (9926),1.0,,True
571,ATATCTGTGATGTCTCCAAA,chr1_39740220_-,PPIE (10450),1.0,,True
572,ATATCTGTGCTAGCTCCAGG,chr1_66801089_-,INSL5 (10022),1.0,,True
573,ATATGATTTCGGATTCCCCC,chr9_21217121_-,IFNA16 (3449),1.0,,True
574,ATATGGCTACTCGTCCAGCA,chr6_79016548_-,PHIP (55023),1.0,,True
575,ATATGGTGACACACAAGCCA,chr2_144403930_-,ZEB2 (9839),1.0,,True
576,ATATGTGCAGCGTTACCTGG,chr2_85043589_+,KCMF1 (56888),1.0,,True
577,ATATGTTTCAGTTCTGGAGG,chr4_127764248_+,SLC25A31 (83447),1.0,,True
578,ATATTAATATCAAATTCCAG,chr3_138714614_+,PIK3CB (5291),1.0,,True
579,ATATTCGGCGACTCCAGTGT,chr20_56631301_-,TFAP2C (7022),1.0,,True
580,ATATTCTGCTTCCAACTCAG,chr2_200935844_-,ORC2 (4999),1.0,,True
581,ATATTGTTTGGGAGTCCTGG,chr8_132045836_+,OC90 (729330),1.0,,True
582,ATATTTGGAGAGAAGGCCAA,chr17_37379253_+,C17orf78 (284099),1.0,,True
583,ATATTTGTCCAGGGTCCAGT,chr20_6115972_+,FERMT1 (55612),1.0,,True
584,ATCAAGGCTGAAGACCCCAG,chr19_42117349_-,POU2F2 (5452),2.0,,True
585,ATCACCATGACGGTAGCCCG,chrX_40591284_-,ATP6AP2 (10159),2.0,,True
586,ATCAGAGTGCCATAGCGCAG,chr7_143052724_-,OR6V1 (346517),1.0,,True
587,ATCATCATCGTTGCCAGACG,chr1_93346658_-,DR1 (1810),1.0,,True
588,ATCATTGGAGAAGACAAGGA,chr6_112350030_-,RFPL4B (442247),1.0,,True
589,ATCCAGCCCATCCATACCAG,chr6_47791874_-,OPN5 (221391),1.0,,True
590,ATCCATCGTCTGCTTCGTAA,chr6_25726420_-,H2AC1 (221613),1.0,,True
591,ATCCATCTACCTCTTCACAG,chr11_56375735_+,OR8U1 (219417),1.0,,True
592,ATCCTGCCCCTCATGTACAG,chr6_132570809_+,TAAR6 (319100),1.0,,True
593,ATCCTGCCTCCAGGACCAGA,chr3_66362866_-,SLC25A26 (115286),1.0,,True
594,ATCGTCTGAAGAGTCCCATG,chr1_248488644_-,OR2T5 (401993),1.0,,True
595,ATCGTCTGCGGCAAGTCGGT,chr22_43891692_-,PNPLA5 (150379),1.0,,True
596,ATCGTTATCATGTCAGTGGG,chr17_10825463_-,PIRT (644139),1.0,,True
597,ATCTCCCCCCTCCTGCACCA,chr5_177994304_+,PROP1 (5626),1.0,,True
598,ATCTGAAGTGGTTAAGCAGA,chr3_66262090_+,SLC25A26 (115286),1.0,,True
599,ATCTGCATCCTACAGAGCCA,chr3_139383357_-,COPB2 (9276),1.0,,True
600,ATCTGCCTCAGATTTCCCAA,chr9_5022129_-,JAK2 (3717),1.0,,True
601,ATCTTGATCTGTCTCACGCG,chr5_77776242_+,TBCA (6902),2.0,,True
602,ATGAACTCCCTCTTGAAACG,chr14_22928578_+,PRMT5 (10419),1.0,,True
603,ATGAAGACGCTGGAGATCCA,chr3_129121304_-,RAB43 (339122),2.0,,True
604,ATGAAGACTGGCTTAAGGCG,chr15_43814523_+,MFAP1 (4236),1.0,,True
605,ATGAATTCCTCATCTTGCAG,chr6_55333801_-,GFRAL (389400),1.0,,True
606,ATGACAGTGAAGTTTCAGAG,chr8_39585343_+,ADAM18 (8749),1.0,,True
607,ATGACCTCAGCCCCATTGAG,chr1_211481187_-,RD3 (343035),1.0,,True
608,ATGACGACGAGGAATTCCTG,chr6_55174704_+,HCRTR2 (3062),1.0,,True
609,ATGACGAGTAGAAGAATCCA,chr20_45610169_+,WFDC9 (259240),1.0,,True
610,ATGACTTGTGGATCTTACTG,chr12_52301933_+,KRT86 (3892),1.0,,True
611,ATGAGAAGGAGGCAAGAGGA,chr3_108757173_+,RETNLB (84666),1.0,,True
612,ATGAGCACAGAGTAACGGAG,chr1_248593378_+,OR2T10 (127069),1.0,,True
613,ATGAGCAGTCGATAACGCGG,chr17_1843955_-,RPA1 (6117),1.0,,True
614,ATGAGGTGAAGGAGTCCAAG,chr19_3094705_+,GNA11 (2767),1.0,,True
615,ATGAGGTGGAGACAGCCCAA,chr11_66000116_-,EIF1AD (84285),1.0,,True
616,ATGATGCTGGAAATCGACTT,chr17_6650416_-,MED31 (51003),1.0,,True
617,ATGATGGTAGAGTAGTACAG,chr11_6921439_-,OR2D3 (120775),1.0,,True
618,ATGATGGTAGTATTGTGCAG,chr11_48325405_-,OR4C3 (256144),1.0,,True
619,ATGATGGTCATATAGTGCAG,chr11_59515302_-,OR4D9 (390199),1.0,,True
620,ATGATGTTGGAGCTTCGGCC,chr14_103530283_+,TRMT61A (115708),1.0,,True
621,ATGCAAGTAGAAGAGACCCA,chr16_21206883_-,ZP2 (7783),1.0,,True
622,ATGCACCTGAAGAAACCTGG,chr22_41637641_+,XRCC6 (2547),2.0,,True
623,ATGCCAACCCCGCTCACGCG,chr3_128486836_-,GATA2 (2624),1.0,,True
624,ATGCCCGAGTGCTACATCCG,chr19_18309823_-,LSM4 (25804),1.0,,True
625,ATGCGGATGGGATAGTGAAG,chr1_248061068_-,OR2L3 (391192),1.0,,True
626,ATGCTCTTCCCACTTCCCGA,chr14_102011934_-,DYNC1H1 (1778),1.0,,True
627,ATGCTGGGCACGAACGACGG,chr1_44218707_+,DMAP1 (55929),1.0,,True
628,ATGGAACTAGAGAGACAAAG,chr3_158646220_+,GFM1 (85476),1.0,,True
629,ATGGAGATCCAGGTGAACGG,chr22_39315499_-,RPL3 (6122),2.0,,True
630,ATGGCTTCAAGGTTACTTCG,chr2_97646103_+,COX5B (1329),2.0,,True
631,ATGGGCTTCTTAGAGGAGGA,chr22_43891863_-,PNPLA5 (150379),1.0,,True
632,ATGGTGGTAGAAAGAGATGA,chr3_179570107_+,ACTL6A (86),1.0,,True
633,ATGTACCCCCTGGAGAGCAG,chr16_70556265_+,SF3B3 (23450),1.0,,True
634,ATGTCCACTTTCCATCGTAG,chr18_55269898_-,TCF4 (6925),1.0,,True
635,ATGTCCAGTGTGTTACACCC,chr2_214792398_-,BARD1 (580),1.0,,True
636,ATGTCTGGAGAGGTATTCAG,chr3_173019498_-,SPATA16 (83893),1.0,,True
637,ATGTGAAAAAGAAGACCCAA,chr14_94469291_-,SERPINA9 (327657),1.0,,True
638,ATTAAAGGAAGAAGAACGAA,chr2_168889258_-,SPC25 (57405),1.0,,True
639,ATTAAATTCACAGAACCACG,chr5_71501565_+,BDP1 (55814),1.0,,True
640,ATTAATCCAGAGCTGCGGGA,chr12_9932309_-,CLEC2A (387836),1.0,,True
641,ATTACAACAGACTCATCAAA,chr7_31339250_+,NEUROD6 (63974),1.0,,True
642,ATTACAAGAGTGAAGATACT,chr12_10909277_+,TAS2R13 (50838),1.0,,True
643,ATTACCTTAATAATTCCACG,chr5_148170961_-,SPINK14 (408187),1.0,,True
644,ATTACCTTAGGTGGTTTGAA,chr5_139614762_-,UBE2D2 (7322),1.0,,True
645,ATTAGTGTCTTAGTACCACT,chr2_42682468_+,MTA3 (57504),1.0,,True
646,ATTATAGGTCCTCTTCCTGA,chr11_102186027_+,YAP1 (10413),1.0,,True
647,ATTATCACGCACGAACCAAC,chr19_39706629_-,LGALS14 (56891),1.0,,True
648,ATTATGTGATACATGCCCCT,chr14_21034057_-,RNASE13 (440163),1.0,,True
649,ATTCACTTCTAGGGGAGAGG,chr12_52775449_-,KRT76 (51350),1.0,,True
650,ATTCATGGATTCATAGACAA,chr10_116548445_+,PNLIP (5406),1.0,,True
651,ATTCCAATAGACACAGGCAT,chr3_100646602_-,ADGRG7 (84873),1.0,,True
652,ATTCCATGCTGAGGTCCCTG,chrX_118825328_+,ZCCHC12 (170261),1.0,,True
653,ATTCCGCAGCCAGAGCTGCG,chr1_1407198_+,MRPL20 (55052),1.0,,True
654,ATTCCTGCAGAACTCTGTAG,chr3_100629627_-,ADGRG7 (84873),1.0,,True
655,ATTCTCAGCATCTTCAACCG,chr5_37341134_-,NUP155 (9631),1.0,,True
656,ATTCTCTACCAACTGATGGA,chr6_30723630_-,TUBB (203068),1.0,,True
657,ATTCTGGAAGTACTGCTGAA,chr12_121345953_+,ANAPC5 (51433),1.0,,True
658,ATTCTTACAGACAGGTCCGG,chr7_44573043_-,DDX56 (54606),1.0,,True
659,ATTGATGAAGAACAATTAAG,chr9_103004714_+,CYLC2 (1539),1.0,,True
660,ATTGCGGGAGACAGTTCTGG,chr3_151745646_+,AADACL2 (344752),1.0,,True
661,ATTGCTGGTGAATTGACCAT,chr12_10810022_-,TAS2R9 (50835),1.0,,True
662,ATTGGCAAGCTACAATAATG,chr5_139614608_+,UBE2D2 (7322),1.0,,True
663,ATTGGCCTATACCAGGAGAG,chrX_40589065_+,ATP6AP2 (10159),1.0,,True
664,ATTGGGCCACTTGATCCCAA,chr22_30468607_-,SEC14L3 (266629),1.0,,True
665,ATTGGGCCTCTACTTCTCGA,chr10_43100479_+,RET (5979),1.0,,True
666,ATTGGGGAGAAACTGTTCCA,chr12_68252776_-,IL22 (50616),1.0,,True
667,ATTGGTGATGACGAGCCGTG,chr3_126507989_+,UROC1 (131669),1.0,,True
668,ATTGTCCTACATAATGGTAG,chr2_168889515_-,SPC25 (57405),1.0,,True
669,ATTGTGATCAGGATCCAAAG,chr3_100609966_+,ADGRG7 (84873),1.0,,True
670,ATTGTGGGCTCGGCTCCCGG,chr10_69180328_+,SUPV3L1 (6832),1.0,,True
671,ATTGTTGGTTTGCTGCACCA,chr6_21594538_-,SOX4 (6659),1.0,,True
672,ATTTCCAAAGACAGTCACAA,chr16_56828996_-,NUP93 (9688),1.0,,True
673,ATTTCCCCTTCCATGGACAG,chr3_184036500_+,HTR3D (200909),1.0,,True
674,ATTTCCGTAAAAAGTGGCAG,chr12_50006589_-,RACGAP1 (29127),1.0,,True
675,ATTTCTCAGCACCATGAACA,chr11_5736982_-,OR56B1 (387748),1.0,,True
676,ATTTCTTTCTGGCCTCCAAG,chr16_28495448_-,APOBR (55911),1.0,,True
677,ATTTGATCACCACGTCCAGA,chr7_92528862_+,RBM48 (84060),1.0,,True
678,ATTTGGCCACTACAGTGTGG,chr1_174448217_+,GPR52 (9293),1.0,,True
679,CAAAATGGCCGATCTGACAT,chr17_57257060_+,MSI2 (124540),1.0,,True
680,CAAACTGGTACTCGAGAACG,chr20_37732958_+,CTNNBL1 (56259),1.0,,True
681,CAAAGCATCTACATCCCCAG,chr3_113784368_+,ATP6V1A (523),1.0,,True
682,CAACCAATATACCAACAAAA,chr1_182951336_+,SHCBP1L (81626),1.0,,True
683,CAACTGTGCAGGCATCGCGG,chrX_53432320_-,HSD17B10 (3028),1.0,,True
684,CAACTTGGACAATCTCGTGG,chr4_163473196_-,TKTL2 (84076),1.0,,True
685,CAAGCAGGACTACAACCGCG,chr6_393342_+,IRF4 (3662),1.0,,True
686,CAAGGATGATGAATGCCCAG,chr4_17813133_+,NCAPG (64151),1.0,,True
687,CAAGTTAGTTGAGGAAACCG,chr14_44506716_-,FSCB (84075),1.0,,True
688,CAATGAATACCCATCCCGGG,chr7_44206459_+,YKT6 (10652),1.0,,True
689,CAATGCCTACAGGAAGGCCG,chrX_14020416_-,GEMIN8 (54960),2.0,,True
690,CAATGGGTGTAGCTTTCAGA,chr12_21373410_-,IAPP (3375),1.0,,True
691,CACAACTTGTGGTAAAGCAG,chr6_29461978_-,OR2H1 (26716),1.0,,True
692,CACAGGACATCACAGCCGGG,chr1_247588712_-,OR2G2 (81470),1.0,,True
693,CACCAAAAGTTGTTACCCAA,chr12_68225656_-,IL26 (55801),1.0,,True
694,CACCACCTCTCCGAAGAACG,chr21_39183372_+,PSMG1 (8624),1.0,,True
695,CACCAGAGTGATAAAATGGA,chr1_162754721_-,DDR2 (4921),1.0,,True
696,CACCCCTTATCACATCCGCG,chr19_41238082_+,AXL (558),1.0,,True
697,CACCTTCTCCCAGTACACGG,chr4_99316013_-,ADH1B (125),1.0,,True
698,CACCTTGCAGGCCCTGCAGG,chr10_49679780_-,C10orf53 (282966),1.0,,True
699,CACGTCACCTTGGAGCCGAA,chr14_103530140_-,TRMT61A (115708),1.0,,True
700,CACTATGATGCCAAACCACA,chr14_20693689_+,ANG (283),1.0,,True
701,CACTGCCCGCCACAGCTAGA,chr10_49395411_-,DRGX (644168),1.0,,True
702,CACTGCCGCCCGCCTCCAAG,chr20_35699269_+,NFS1 (9054),1.0,,True
703,CACTGGGTAGACATTAACAA,chr1_68444625_+,RPE65 (6121),1.0,,True
704,CACTGTACAAGCTCTACGAG,chr12_56083827_+,ERBB3 (2065),1.0,,True
705,CACTTGGTAAGATTCCCACA,chr13_31758319_-,RXFP2 (122042),1.0,,True
706,CAGAAATTCTCATTAAAGAA,chr9_103004753_-,CYLC2 (1539),1.0,,True
707,CAGAACATCCAGCTGTCCCG,chr13_44989334_+,NUFIP1 (26747),2.0,,True
708,CAGAACCCACCTGTCCTGGT,chr5_112861410_-,SRP19 (6728),1.0,,True
709,CAGAACCTGCAAGTAATCCG,chr17_39715515_+,ERBB2 (2064),1.0,,True
710,CAGAAGGTCGAGTACTCTGG,chr7_143478102_+,TAS2R41 (259287),1.0,,True
711,CAGAAGGTTGAGTTGACAGA,chr10_110298761_+,SMNDC1 (10285),1.0,,True
712,CAGAATAAGAAACATTCCCA,chr14_52711466_-,PSMC6 (5706),1.0,,True
713,CAGACACTCACCCAGCCGCG,chr6_41921824_-,BYSL (705),1.0,,True
714,CAGACAGGCGACACAGCCAG,chr9_133460152_-,CACFD1 (11094),1.0,,True
715,CAGACCTTCGAACTGCTCGA,chr2_182866344_+,FRZB (2487),1.0,,True
716,CAGACTATCCAGATTATGAT,chr11_60518085_+,MS4A13 (503497),1.0,,True
717,CAGACTCTCAGCCTACAGAG,chr1_157587513_-,FCRL4 (83417),1.0,,True
718,CAGAGAATCAGATATCACCA,chr6_159781096_-,TCP1 (6950),1.0,,True
719,CAGAGGTCTGAGAGGCCGCA,chr16_5058588_+,C16orf89 (146556),1.0,,True
720,CAGAGTGGAGGAAAACCAAG,chr1_230762720_-,CAPN9 (10753),1.0,,True
721,CAGAGTTTCCAGCTGAGCGG,chr4_163166702_+,NAF1 (92345),1.0,,True
722,CAGATACGCATCCAAGAAGT,chr17_50370526_-,MRPL27 (51264),1.0,,True
723,CAGATGCTAGAGCCATGCAG,chr10_69189288_+,SUPV3L1 (6832),1.0,,True
724,CAGATTCTGGCAATTAACCG,chr2_45562742_-,SRBD1 (55133),1.0,,True
725,CAGCAAATGCTGGATACGAG,chr19_43415932_-,TEX101 (83639),1.0,,True
726,CAGCAAGGACCAGTTCCCAG,chr3_49375498_-,RHOA (387),2.0,,True
727,CAGCACCATCTCCATCAATG,chr3_63839745_+,THOC7 (80145),1.0,,True
728,CAGCAGAAACTGCTCCCCCG,chr14_35534733_-,INSM2 (84684),1.0,,True
729,CAGCATACTGGAATGCCACC,chr19_51382553_-,LIM2 (3982),1.0,,True
730,CAGCATATATAGCAGTGACG,chr6_135185916_+,MYB (4602),1.0,,True
731,CAGCATCAGGAGTCACCACA,chr19_45064162_+,CLASRP (11129),1.0,,True
732,CAGCCACTCCTACATGGACG,chr10_8055764_+,GATA3 (2625),1.0,,True
733,CAGCCAGGTCCAGCTCACAG,chr19_13100676_+,LYL1 (4066),1.0,,True
734,CAGCCATCTACTCTGTCGTG,chr6_41043153_+,TSPO2 (222642),1.0,,True
735,CAGCCTCCGGAGGCATGCCA,chr5_150521267_-,NDST1 (3340),1.0,,True
736,CAGCGACGTGTACGAGCCCG,chr21_28885272_-,HEMK2 (29104),1.0,,True
737,CAGCGCCCGTCCAACAACCG,chr4_121823499_-,CCNA2 (890),1.0,,True
738,CAGCGCTCCTGCCCTCCGCG,chr22_19812408_+,GNB1L (54584),1.0,,True
739,CAGCGCTTCCCCAAGCCTGG,chr1_158181142_-,CD1D (912),1.0,,True
740,CAGCGTCCTCTACAAAGGCG,chr7_44201169_+,YKT6 (10652),1.0,,True
741,CAGCTACCTCAGCAAACCCA,chr19_42099575_-,POU2F2 (5452),1.0,,True
742,CAGCTCATGACCGTGCCGTA,chr11_66616795_-,RBM14 (10432),1.0,,True
743,CAGCTGCTAGAACAACACCG,chr2_27232137_+,CAD (790),1.0,,True
744,CAGCTGCTCGAAGTCGGCCG,chr11_77039789_-,B3GNT6 (192134),1.0,,True
745,CAGCTGGTCTCACAGCAGCG,chr17_41041283_+,KRTAP1-1 (81851),1.0,,True
746,CAGCTTACCTTGGTACAAGG,chr14_65004304_-,FNTB (2342),1.0,,True
747,CAGCTTGTAAAGCACAGCTG,chr20_2654813_+,NOP56 (10528),1.0,,True
748,CAGGAGCATAAAAACTGCAA,chr20_142653_-,DEFB126 (81623),1.0,,True
749,CAGGATTTCGTGAGAGCCAA,chr11_62825486_-,STX5 (6811),1.0,,True
750,CAGGCCTCATATACAAAGCG,chrX_27747504_-,DCAF8L2 (347442),1.0,,True
751,CAGGGTAGAGAATTTGCAGG,chr2_27133229_-,PREB (10113),1.0,,True
752,CAGGTACATGAGCAAGGCCA,chr11_124617301_-,PANX3 (116337),1.0,,True
753,CAGGTTGCTCAGAGGCGCCG,chr7_19708992_-,POLR1F (221830),1.0,,True
754,CAGTATGTCGTGGGAATCCG,chrX_65534702_-,LAS1L (81887),1.0,,True
755,CAGTATTACCTCAACGAGCA,chr15_34343047_-,NOP10 (55505),1.0,,True
756,CAGTTCTGCCTTGAGCTAAA,chr2_197540128_+,MOB4 (25843),1.0,,True
757,CAGTTTCTAGTGACAGACAG,chr17_67718060_+,NOL11 (25926),2.0,,True
758,CATACAATATCCAGCACAGA,chr1_115033501_-,TSHB (7252),1.0,,True
759,CATACAGGACCGCAGCACGG,chr10_1000765_-,GTPBP4 (23560),1.0,,True
760,CATACATCGATGAAGCCAAG,chr3_137764967_+,SOX14 (8403),1.0,,True
761,CATACCGTCTAAATCAACAG,chr2_177232462_+,NFE2L2 (4780),1.0,,True
762,CATAGGCCATCACAGCCAGG,chr9_104694861_-,OR13D1 (286365),3.0,,True
763,CATAGGCCATGACCGCCAAG,chr17_3127207_+,OR1G1 (8390),1.0,,True
764,CATAGTGGAGCATAGCCACA,chr17_45845355_-,SPPL2C (162540),1.0,,True
765,CATATGAAGTGGCATCCACA,chr12_56362104_+,APOF (319),1.0,,True
766,CATATGCATTCAATAATGCG,chr2_43975139_+,LRPPRC (10128),1.0,,True
767,CATATGCTAAGACAGAGCTG,chr12_48679706_-,KANSL2 (54934),1.0,,True
768,CATATTATCAAGAAGCTAGG,chr12_69589652_+,CCT2 (10576),1.0,,True
769,CATCACTCCACCCCAACCAA,chr16_27506851_-,GTF3C1 (2975),1.0,,True
770,CATCAGGCCAAACTTCCGCT,chr1_156482624_+,MEF2D (4209),1.0,,True
771,CATCAGTACCGACAACTGAG,chr9_113282663_-,PRPF4 (9128),1.0,,True
772,CATCATGGTGAAGCTCGCGA,chr2_231464340_-,NCL (4691),1.0,,True
773,CATCATTCAGGAGATGCACG,chr20_37746514_+,CTNNBL1 (56259),1.0,,True
774,CATCCACCCTCTGAACATTG,chr9_133463533_+,CACFD1 (11094),1.0,,True
775,CATCCAGATGAACGTGGCCG,chr20_62387669_+,RPS21 (6227),2.0,,True
776,CATCCAGTGGATCAAGCACG,chr10_121520040_-,FGFR2 (2263),1.0,,True
777,CATCCATTATGTTCTTTAAG,chr3_173117381_+,SPATA16 (83893),1.0,,True
778,CATCCTCACCATTGACAACG,chr1_21978411_-,CELA3B (23436),1.0,,True
779,CATCCTCCTGTGCTACACCA,chr12_125114552_+,AACS (65985),1.0,,True
780,CATCCTGCTCAACCTAGCCG,chr3_129528971_+,RHO (6010),1.0,,True
781,CATCGACCTCTAGAACCTTG,chr17_10825622_+,PIRT (644139),1.0,,True
782,CATCGAGCAAAGCTTTCAGG,chr11_12764362_+,TEAD1 (7003),1.0,,True
783,CATCGAGGAACGCATCCAGG,chr19_41090151_+,CYP2A13 (1553),1.0,,True
784,CATCGTCCGACAGGAAGTAG,chr7_4920290_+,MMD2 (221938),1.0,,True
785,CATCTCCCACAATAAAAGGT,chr17_62383052_+,EFCAB3 (146779),1.0,,True
786,CATCTCTTATGAGTGCTGCA,chr11_48325304_+,OR4C3 (256144),1.0,,True
787,CATCTGGGTTCAGCCGCAAT,chr8_142915215_+,CYP11B2 (1585),1.0,,True
788,CATCTGTCAGGGTACCCTGA,chr6_30160791_-,TRIM10 (10107),1.0,,True
789,CATCTTGCCTGGGCTCAGCG,chr21_34887054_+,RUNX1 (861),1.0,,True
790,CATGAACAGTTTCCTCCCCA,chr11_6027358_-,OR56A1 (120796),2.0,,True
791,CATGAAGAATGATTTCCACG,chr11_244181_-,PSMD13 (5719),1.0,,True
792,CATGAAGCGAGTCTGCCGTG,chr12_32755626_+,YARS2 (51067),1.0,,True
793,CATGACGGCAGACATCCTGG,chr18_47035134_-,ELOA2 (51224),1.0,,True
794,CATGAGCGCGGCCAGCACCG,chr20_62219864_+,HRH3 (11255),1.0,,True
795,CATGAGGCCCAGCTCAAGAA,chr1_26941787_+,NUDC (10726),2.0,,True
796,CATGAGTCACCCGCACACCG,chr5_146339923_+,POU4F3 (5459),1.0,,True
797,CATGCTTGTAAACTTCCTGG,chr11_7796698_-,OR5P2 (120065),1.0,,True
798,CATGGAACCAGACAGAAAAG,chr3_41224567_+,CTNNB1 (1499),1.0,,True
799,CATGGATGAGATGTACCTGA,chr6_137494106_-,OLIG3 (167826),1.0,,True
800,CATGGCATATGACCGCTACG,chr11_6877017_+,OR10A4 (283297),1.0,,True
801,CATGGCGATCCGCGAGAGCG,chr3_138946514_-,FOXL2 (668),1.0,,True
802,CATGGTCTCGTCAGTAGTGA,chr3_187197609_-,RTP1 (132112),1.0,,True
803,CATGTACACCAAAAACAGGA,chr11_59515003_-,OR4D9 (390199),1.0,,True
804,CATGTGGCCTAACTACAGCT,chr4_70249164_-,CSN3 (1448),1.0,,True
805,CATTATAAGCTGTCGCAGAG,chr18_63318592_-,BCL2 (596),1.0,,True
806,CATTCACCTCCTCCTTTGTG,chr1_19257503_-,MRTO4 (51154),1.0,,True
807,CATTCAGTCTGTCCCCAAAG,chr20_33223868_-,BPIFA3 (128861),1.0,,True
808,CATTCCAAATAGTCAACGCA,chr1_6541917_+,NOL9 (79707),1.0,,True
809,CATTCGCCCCCTTCCCCGCA,chr12_132571485_+,FBRSL1 (57666),1.0,,True
810,CATTCTCCCCAACCAGACGT,chr19_49398038_-,KASH5 (147872),1.0,,True
811,CATTCTGGCAACCAGTTGGA,chr16_29779583_+,ZG16 (653808),1.0,,True
812,CATTGACCACAGCTTTGCAG,chr2_27638909_+,GPN1 (11321),1.0,,True
813,CATTGCCCACTAAAGCAAGG,chr11_5986766_+,OR52L1 (338751),1.0,,True
814,CATTGTGGCAGCCTTCTCCA,chr6_41927430_-,BYSL (705),1.0,,True
815,CATTGTTTAAGAGGACCCCA,chr1_173834513_+,DARS2 (55157),1.0,,True
816,CATTTCTAATTATAGCCTAG,chr7_25227024_-,NPVF (64111),1.0,,True
817,CATTTCTGACAGCCCCTGCG,chr17_17267972_-,COPS3 (8533),1.0,,True
818,CATTTCTGAGGGCTGCCCGG,chr7_102926340_-,FBXL13 (222235),1.0,,True
819,CATTTGAGCATGAAGTGCCA,chr12_48679792_+,KANSL2 (54934),1.0,,True
820,CCAAAACTTCACCTGGACGA,chr4_145109146_-,ABCE1 (6059),1.0,,True
821,CCAAAATCACAGAATGAAGG,chr1_37554225_-,SNIP1 (79753),1.0,,True
822,CCAAATATCGAGAGGGACGA,chr7_92528903_+,RBM48 (84060),1.0,,True
823,CCAACAGAATACACACCTGG,chr6_29374877_+,OR12D3 (81797),1.0,,True
824,CCAACAGGATCAAGTCCAAG,chr10_7787879_-,KIN (22944),1.0,,True
825,CCAACGCGCGGATCTCAGCA,chr2_43995934_+,LRPPRC (10128),1.0,,True
826,CCAACTCGTTGAGCTGTGCG,chr5_77636926_+,OTP (23440),1.0,,True
827,CCAACTGTATGCCCACCTGG,chr12_52552781_-,KRT71 (112802),1.0,,True
828,CCAAGAACAGAAGTTGCCAG,chr2_86080847_-,POLR1A (25885),1.0,,True
829,CCAAGAACTGACCTGGACAT,chr19_29608704_-,POP4 (10775),1.0,,True
830,CCAAGACATCTGGTACCACG,chr17_57849258_-,MRPS23 (51649),1.0,,True
831,CCAAGCGCTATGCAGAAAAG,chr17_1683660_-,PRPF8 (10594),1.0,,True
832,CCAAGGACTCTGACTCCACG,chr10_102140640_-,PPRC1 (23082),1.0,,True
833,CCAAGGATGCCATCTCACAA,chr6_96203435_+,FUT9 (10690),1.0,,True
834,CCAAGGCCTTGACCTTCTGA,chr14_94469251_-,SERPINA9 (327657),1.0,,True
835,CCAATCACACAATTAAAGCG,chr4_55110523_-,KDR (3791),1.0,,True
836,CCAATTAGTATAAACGCAGA,chr11_5132606_+,OR52A5 (390054),1.0,,True
837,CCACAACCGCCAATACCAGA,chr19_53636684_+,DPRX (503834),1.0,,True
838,CCACACACATCACAGCCAAA,chr16_30398159_-,ZNF48 (197407),1.0,,True
839,CCACAGACACTGCTTCACGT,chr20_23491800_-,CST8 (10047),1.0,,True
840,CCACAGCTGGTACATCCACG,chr5_146515547_+,GPR151 (134391),1.0,,True
841,CCACAGCTTGAACCTGGCTG,chr22_19507453_-,CDC45 (8318),1.0,,True
842,CCACAGGTGGAGGAAGAGAA,chr12_122172730_-,IL31 (386653),1.0,,True
843,CCACAGTGCAGACCTCCCAG,chr2_27224819_+,CAD (790),1.0,,True
844,CCACCACTCTGAATGATAGG,chr14_21369250_+,SUPT16H (11198),2.0,,True
845,CCACCCGCTCAAGTACCACA,chr16_20032387_-,GPR139 (124274),1.0,,True
846,CCACCCTGATGGAGTTGCAG,chr2_208145927_+,CRYGB (1419),1.0,,True
847,CCACCTGTATGAGCTCATCT,chr15_59652218_+,GTF2A2 (2958),1.0,,True
848,CCACCTGTCCTGGTCGGCCG,chr5_112861404_-,SRP19 (6728),1.0,,True
849,CCACCTGTGCACTATCCCCG,chr8_101558658_+,GRHL2 (79977),1.0,,True
850,CCACGAGGAGAACAGCAGTG,chr8_6926012_+,DEFA6 (1671),1.0,,True
851,CCACGCACCAGCCTCCACCA,chr3_151817562_-,AADAC (13),1.0,,True
852,CCACGCAGCTGTCCATAGGG,chr2_113242739_+,PAX8 (7849),1.0,,True
853,CCACGCAGTAGGGCGCAGCG,chr10_97319827_-,FRAT1 (10023),1.0,,True
854,CCACGCGCAGAACAGCGTCA,chr3_189808374_+,TP63 (8626),1.0,,True
855,CCACGGCTGCACCCTGCCCG,chr17_41350673_-,KRT33A (3883),1.0,,True
856,CCACGGGTATTCAATACAGG,chr2_27222538_+,CAD (790),1.0,,True
857,CCACTCATACAGGACTTGGG,chr3_41224693_-,CTNNB1 (1499),1.0,,True
858,CCACTGACCCAAAAACTGTA,chr1_75932194_+,ASB17 (127247),1.0,,True
859,CCACTGCGAAGGGAGCCGAA,chr17_40488880_+,TNS4 (84951),1.0,,True
860,CCACTGTGTACACAGTGCTG,chr11_5200430_-,OR51V1 (283111),1.0,,True
861,CCACTTGGCCAGCAGAACGA,chr16_5075520_-,ALG1 (56052),1.0,,True
862,CCAGAAAGTTTACCACGTAG,chr3_184038055_-,HTR3D (200909),1.0,,True
863,CCAGAAGGACGCCTTTGGCG,chr3_48695250_+,IP6K2 (51447),1.0,,True
864,CCAGAGAGAGAAGAAAATGG,chr4_87845803_+,MEPE (56955),1.0,,True
865,CCAGAGCCCTCTTAGAAACG,chr19_29923726_-,URI1 (8725),1.0,,True
866,CCAGATATACGAAACCCAGA,chr8_58851785_-,TOX (9760),1.0,,True
867,CCAGCAACTACGAGTATCTG,chr17_75110527_+,ARMC7 (79637),1.0,,True
868,CCAGCACCTCCACCATGCTG,chr21_34886963_+,RUNX1 (861),1.0,,True
869,CCAGCACTCCTCCAACCATG,chr1_161102117_+,PFDN2 (5202),1.0,,True
870,CCAGCCCTAGACCAGCTCTT,chr11_31510002_+,ELP4 (26610),1.0,,True
871,CCAGCCGTAGACTGAATGGG,chr15_43824533_+,MFAP1 (4236),1.0,,True
872,CCAGCTCCTGGTAAACCTGT,chr1_247588621_+,OR2G2 (81470),1.0,,True
873,CCAGCTGGAACTTTCTCCCG,chr2_27369159_+,EIF2B4 (8890),1.0,,True
874,CCAGCTGTATCACCTGGGAG,chr11_128810535_+,FLI1 (2313),1.0,,True
875,CCAGGAACATCAGAAAGCCT,chr1_43359737_+,CDC20 (991),1.0,,True
876,CCAGGAGAACCAAGATCCAA,chr12_49323747_+,TROAP (10024),1.0,,True
877,CCAGGAGCATAAAAACTGCA,chr20_142654_-,DEFB126 (81623),1.0,,True
878,CCAGGAGCCCCAGGAGCCCA,chr1_42163543_-,GUCA2A (2980),1.0,,True
879,CCAGGAGGACGAATTCAGCA,chr9_122788973_-,OR5C1 (392391),1.0,,True
880,CCAGGAGGAGACATACCCTA,chr1_248593352_+,OR2T10 (127069),1.0,,True
881,CCAGGGCCTCAGCTGCCTGG,chr2_232456382_-,ALPI (248),1.0,,True
882,CCAGGGCGACGGCAGCCGGG,chr4_8871490_-,HMX1 (3166),1.0,,True
883,CCAGGTGGATTGCAACAAAG,chr6_28510891_-,GPX6 (257202),1.0,,True
884,CCAGGTTGCCACTAACCACG,chr4_99318146_+,ADH1B (125),1.0,,True
885,CCAGTATTACCTCAACGAGC,chr15_34343048_-,NOP10 (55505),1.0,,True
886,CCAGTCATCAGGTGGAAAAG,chr12_21378249_+,IAPP (3375),1.0,,True
887,CCAGTCGCGCCACTGCCTCG,chr12_120446730_-,GATC (283459),1.0,,True
888,CCAGTCTCGCCGGTGCTGCA,chr17_41489729_-,KRT36 (8689),1.0,,True
889,CCAGTGGCTGAAATTGGTGT,chr12_57751679_-,CDK4 (1019),2.0,,True
890,CCAGTGTTCTTACTACACCA,chr17_40496295_-,TNS4 (84951),1.0,,True
891,CCAGTTGTTACAGATCCGGC,chr7_129018117_-,TNPO3 (23534),1.0,,True
892,CCAGTTTATTGGAAACCGAA,chr20_2655413_+,NOP56 (10528),1.0,,True
893,CCATACTCAGGAGAAGGAGA,chr10_52771609_+,MBL2 (4153),1.0,,True
894,CCATACTCGTAAGTGACCGT,chr2_28894804_-,WDR43 (23160),1.0,,True
895,CCATCAAGAGACCAAAAGCG,chr3_184038268_+,HTR3D (200909),1.0,,True
896,CCATCCAGCGACACACGCCA,chr17_17142725_+,MPRIP (23164),1.0,,True
897,CCATCCTTCTCTTTCAAAAG,chr2_47152991_+,STPG4 (285051),1.0,,True
898,CCATCGCCCCAAGTACCAGT,chr6_159907397_+,MAS1 (4142),1.0,,True
899,CCATCGGCATAAACTCTCAC,chr3_196248309_+,PCYT1A (5130),1.0,,True
900,CCATCTCCTCTGGCTTCACA,chr12_57771251_+,METTL1 (4234),1.0,,True
901,CCATCTCCTTGGGCAAAGCA,chr11_239049_-,PSMD13 (5719),1.0,,True
902,CCATCTCTCCCAGAGCCCCA,chr12_117761401_-,KSR2 (283455),1.0,,True
903,CCATCTTCACCAACAGCTAC,chr20_37256461_-,GHRH (2691),1.0,,True
904,CCATGAAGCCAATTGATGGA,chr11_88604812_-,GRM5 (2915),1.0,,True
905,CCATGAGTTAGATTCCAAGA,chr17_57258349_+,MSI2 (124540),1.0,,True
906,CCATGATTAATCCAGAGCTG,chr12_9932314_-,CLEC2A (387836),1.0,,True
907,CCATGCAACGGAGATCAAGA,chr2_226864708_+,RHBDD1 (84236),1.0,,True
908,CCATGCCATCCACACCCACG,chr19_51265482_-,SIGLECL1 (284369),1.0,,True
909,CCATGGCTATGTCCTCCAGG,chr16_88885131_+,CBFA2T3 (863),1.0,,True
910,CCATGTCAGCAAAAGCCAAG,chr11_7796757_+,OR5P2 (120065),1.0,,True
911,CCATGTCGATGATCTCGTCG,chr19_18309787_+,LSM4 (25804),1.0,,True
912,CCATGTGTGTGCTTAAAACA,chr16_70539169_+,SF3B3 (23450),1.0,,True
913,CCATGTTACCAGTCATCAGG,chr12_21378241_+,IAPP (3375),1.0,,True
914,CCATGTTTCAGGAATCAAAA,chr1_86473492_-,CLCA1 (1179),1.0,,True
915,CCATTAGGTTATTTAACCGG,chr5_161873196_-,GABRA1 (2554),1.0,,True
916,CCATTATCCTAACAAAATGG,chr7_103027496_-,FBXL13 (222235),1.0,,True
917,CCATTATTGTAGCTTGCCAA,chr5_139614595_-,UBE2D2 (7322),1.0,,True
918,CCATTCCCAGAATGGCCTGA,chr6_31539252_+,DDX39B (7919),1.0,,True
919,CCATTGCATTGGGCTCACAG,chr11_59477862_+,OR4D10 (390197),1.0,,True
920,CCCAAAAAAGAATGAGACAG,chr20_23491752_+,CST8 (10047),1.0,,True
921,CCCACAATCCCAGACCCCGG,chr20_33004268_-,SUN5 (140732),1.0,,True
922,CCCACCGTGGAAACTCTACA,chr4_154544449_-,PLRG1 (5356),1.0,,True
923,CCCACTCTCTGTGTACCCAG,chr3_128486173_-,GATA2 (2624),1.0,,True
924,CCCAGAAAGCCGGTTCCCAG,chr1_151190081_+,VPS72 (6944),1.0,,True
925,CCCAGAGAAGGTGAAGAAAG,chr11_33141955_-,CSTF3 (1479),1.0,,True
926,CCCAGGGTCTGCTTACCTGA,chr20_37256807_+,GHRH (2691),1.0,,True
927,CCCATCTACATCGATCTGCG,chr3_124730590_+,UMPS (7372),1.0,,True
928,CCCATGGCGACCTCAGACCG,chr11_114400250_-,C11orf71 (54494),1.0,,True
929,CCCCAAAGAGAAGAGATAGG,chr11_83166394_+,PCF11 (51585),1.0,,True
930,CCCCACTGAGACATGCTCTG,chr3_53123786_+,RFT1 (91869),1.0,,True
931,CCCCAGATACACTTTCCCGA,chr10_27155565_-,MASTL (84930),1.0,,True
932,CCCCATTTATTCGATCACCA,chr19_38845857_-,HNRNPL (3191),2.0,,True
933,CCCCCTATCTCCTACCCGCG,chr2_176099935_+,HOXD12 (3238),1.0,,True
934,CCCCGCCACCGTAAGCCCCG,chr20_35284362_+,EIF6 (3692),1.0,,True
935,CCCGAAACTGAAGCTCCACA,chr3_128262199_+,EEFSEC (60678),1.0,,True
936,CCCGAAGACACAAACAACAA,chr3_53879989_-,ACTR8 (93973),1.0,,True
937,CCCGAGAAAATGGTGCCCCG,chr7_27243161_+,EVX1 (2128),1.0,,True
938,CCCGGACGTGTACAGCCGCG,chr18_59272407_-,RAX (30062),1.0,,True
939,CCCTGCACCAGGCGAAGCAG,chr22_15690169_-,POTEH (23784),1.0,,True
940,CCCTTCGCAGGACAAAACCA,chr10_47322909_+,GDF2 (2658),1.0,,True
941,CCGAGATGCAGCTGAAGGCG,chr12_52301948_-,KRT86 (3892),2.0,,True
942,CCGAGGACGAACACGACCAG,chr1_47334053_-,CMPK1 (51727),1.0,,True
943,CCGATGTTCTTGTAGTACCG,chr19_49497283_-,RPS11 (6205),1.0,,True
944,CCGCACCTCCAGCATCCAGG,chr11_69641500_-,CCND1 (595),1.0,,True
945,CCGCAGATAGAACAGCACGT,chr17_78813788_+,USP36 (57602),1.0,,True
946,CCGCGCCTCCGACATGCCCG,chr6_44265348_+,NFKBIE (4794),1.0,,True
947,CCGCGGTACTACAAGAACAT,chr19_49497294_+,RPS11 (6205),1.0,,True
948,CCGCGGTCCTGGCAAAAGCG,chr1_182057332_-,ZNF648 (127665),1.0,,True
949,CCGCGTCGTCGAATTGCCCG,chr6_7390043_-,RIOK1 (83732),1.0,,True
950,CCGGCAGCAGCAGCAACGCG,chr1_6554131_+,NOL9 (79707),1.0,,True
951,CCGGTCCTATTACCTGCGCG,chr19_38919826_-,SARS2 (54938),1.0,,True
952,CCGTTCGCAGACATACAATG,chr2_232456905_+,ALPI (248),1.0,,True
953,CCTACTTTCCATGAATGAGT,chr10_110298700_+,SMNDC1 (10285),1.0,,True
954,CCTAGACCCCACTTACCTGA,chr20_1491275_+,SIRPB2 (284759),1.0,,True
955,CCTAGCCATGGAGCTCCCAT,chr8_142840474_+,GML (2765),1.0,,True
956,CCTATGATCACGATGTCCAG,chr19_54773616_-,KIR2DL1 (3802),1.0,,True
957,CCTCACCTCGGCCATGGCCA,chr22_41257958_+,RANGAP1 (5905),1.0,,True
958,CCTCACGCATAAAGATGTCG,chr5_77636878_+,OTP (23440),1.0,,True
959,CCTCACGCCAGACTCCCGGA,chr1_150579310_-,MCL1 (4170),1.0,,True
960,CCTCAGAGCAGTTCACCCCG,chr9_136507417_+,NOTCH1 (4851),1.0,,True
961,CCTCAGGGACCAGATGAGGA,chr9_128325208_+,COQ4 (51117),1.0,,True
962,CCTCAGGTGAAGAACCCCAG,chr2_79158758_-,REG3A (5068),1.0,,True
963,CCTCAGTCGGGAATGCACAT,chr6_159907039_+,MAS1 (4142),1.0,,True
964,CCTCATCGAGAACCTGCTGG,chr4_8871541_-,HMX1 (3166),1.0,,True
965,CCTCATCTGAGGACTCCATA,chr15_43817378_+,MFAP1 (4236),1.0,,True
966,CCTCATTCGCTACATCTGTG,chr1_153757674_+,INTS3 (65123),1.0,,True
967,CCTCATTGCCCTCAACACAG,chr7_55143347_+,EGFR (1956),1.0,,True
968,CCTCCAAAGGACCAGCCCCA,chr22_35067311_+,ISX (91464),1.0,,True
969,CCTCCACGCGACCCTCAGCA,chr1_36464271_+,MRPS15 (64960),1.0,,True
970,CCTCCAGGTCTGATTTGCGG,chr12_52304954_-,KRT86 (3892),1.0,,True
971,CCTCCGTCCCCTCTTCTCCA,chr17_39606414_+,NEUROD2 (4761),1.0,,True
972,CCTCCTCGCTGACCTCCCGC,chr7_44117958_+,POLD2 (5425),1.0,,True
973,CCTCCTCTAGAGCATGCACA,chr17_40771811_+,KRT26 (353288),1.0,,True
974,CCTCCTGGATCCGAAAGTAG,chr1_1407164_+,MRPL20 (55052),1.0,,True
975,CCTCCTTTGCAGCCACAACG,chr13_20189471_+,GJB2 (2706),1.0,,True
976,CCTCGCTTCTGATATCCAGG,chr2_55881642_+,EFEMP1 (2202),1.0,,True
977,CCTCGGCCCCCACATCCACT,chr17_74941468_-,OTOP3 (347741),1.0,,True
978,CCTCGTAGTTGACGCAGCCG,chr1_234609378_+,IRF2BP2 (359948),1.0,,True
979,CCTCGTCCTCGCCTTCCCAG,chr15_44537396_-,EIF3J (8669),1.0,,True
980,CCTCGTGGCTTACTGTCTGA,chr2_219246823_+,STK16 (8576),1.0,,True
981,CCTCTATTAACATTTGCAAA,chr3_132716772_+,NPHP3 (27031),1.0,,True
982,CCTCTCCTAAAAATGCCAAA,chr2_17745901_-,SMC6 (79677),1.0,,True
983,CCTCTCGGCTCTGAACCGAG,chr15_63678135_+,HERC1 (8925),1.0,,True
984,CCTCTCTGCCAGGCAAAGGA,chr19_29610589_+,POP4 (10775),1.0,,True
985,CCTCTGTGCTAAGTTTGGCG,chr8_132041090_+,OC90 (729330),1.0,,True
986,CCTCTGTGCTTCCCAAAAAG,chr6_29374976_+,OR12D3 (81797),1.0,,True
987,CCTCTGTTCTAGGAAGACGG,chr16_5065766_+,C16orf89 (146556),1.0,,True
988,CCTCTTACCTTGCTGCCTAG,chr5_23510018_-,PRDM9 (56979),1.0,,True
989,CCTCTTTCTGAGACAATGCA,chr19_29608672_-,POP4 (10775),1.0,,True
990,CCTCTTTGCGCCCTACGGCA,chr11_66616796_+,RBM14 (10432),1.0,,True
991,CCTGAAGCGCCTTATCTCTA,chr14_52707233_-,PSMC6 (5706),1.0,,True
992,CCTGACACCATGAGCTACTA,chr21_30491949_-,KRTAP19-3 (337970),2.0,,True
993,CCTGACCTGCGGCTGCACGA,chr19_7500926_+,SAXO5 (374877),1.0,,True
994,CCTGACCTGGAGGGTCCCGG,chr22_39532516_+,RPS19BP1 (91582),1.0,,True
995,CCTGAGCTACCTGACAGCCC,chr1_114581321_-,BCAS2 (10286),1.0,,True
996,CCTGATATCTGGCCATGCAA,chr2_226864696_+,RHBDD1 (84236),1.0,,True
997,CCTGATCCAAAACTTCTCGG,chr22_30342820_+,SF3A1 (10291),1.0,,True
998,CCTGATTGGACAGAGAAAAG,chr12_8457901_+,CLEC6A (93978),1.0,,True
999,CCTGCAGGTTTGAGATGGAA,chr8_132041553_-,OC90 (729330),1.0,,True
1000,CCTGCAGTAGCTCAGCCCCG,chr4_88378986_-,HERC6 (55008),1.0,,True
1001,CCTGCATGATGAGAAAGTGA,chr9_104098552_-,SMC2 (10592),1.0,,True
1002,CCTGCATTGAACCAGCCTGA,chr16_21211508_+,ZP2 (7783),1.0,,True
1003,CCTGCCAAGAAGGATGTCAA,chr6_31540428_-,DDX39B (7919),1.0,,True
1004,CCTGCGAGCTGGACTCGCGG,chr12_132490785_-,FBRSL1 (57666),1.0,,True
1005,CCTGCTCCAGCTTCAAACCA,chr12_14978050_+,PDE6H (5149),1.0,,True
1006,CCTGCTGCAGAACAACCTGG,chr1_117943460_+,WDR3 (10885),1.0,,True
1007,CCTGGAAGAGAATCTTCTGG,chr1_33312871_-,A3GALT2 (127550),1.0,,True
1008,CCTGGAGATGAGCAAGACCG,chr19_49007098_+,RUVBL2 (10856),1.0,,True
1009,CCTGGAGTCCAGTATCACAG,chr14_102010846_+,DYNC1H1 (1778),1.0,,True
1010,CCTGGAGTTATCCTGAGCCA,chr14_20693634_-,ANG (283),1.0,,True
1011,CCTGGATTCGGGCCTCACTG,chr5_177994121_+,PROP1 (5626),1.0,,True
1012,CCTGGGCACGTAGTAAGCAG,chr21_30319782_+,KRTAP26-1 (388818),1.0,,True
1013,CCTGGGGGCCCAGTCCCGAG,chr10_125774308_-,MMP21 (118856),1.0,,True
1014,CCTGGGTCAGAGATGCCGGG,chr2_135817373_+,LCT (3938),1.0,,True
1015,CCTGGGTGTGGGCAATGACA,chr22_39316721_+,RPL3 (6122),1.0,,True
1016,CCTGGTAAAGAAGATCAAAG,chr20_675570_-,SCRT2 (85508),1.0,,True
1017,CCTGGTACCTACATGCACTG,chr19_48607097_+,SPACA4 (171169),1.0,,True
1018,CCTGGTTGTCCTTCTGCAAA,chr6_30137047_-,TRIM40 (135644),1.0,,True
1019,CCTGTGGAAACCCTTCCAGT,chr11_88653214_+,GRM5 (2915),1.0,,True
1020,CCTGTGGTGTTCTTTATGAA,chr3_138130996_-,A4GNT (51146),1.0,,True
1021,CCTGTGTTTACAGATCGCTG,chrX_54440693_+,TSR2 (90121),1.0,,True
1022,CCTGTTAGTCCATTGAGGAA,chr12_95861194_-,SNRPF (6636),1.0,,True
1023,CCTGTTCTCTTTCAAGACCA,chr19_10154772_-,DNMT1 (1786),1.0,,True
1024,CCTGTTGCCACGTCAACAAA,chr4_163473380_+,TKTL2 (84076),1.0,,True
1025,CCTGTTTCTAGGCTTCTACG,chr11_124440982_-,OR8B8 (26493),1.0,,True
1026,CCTTACACATCGGAGAACAG,chr17_39709822_-,ERBB2 (2064),1.0,,True
1027,CCTTACCTCTGCCATCAGCG,chr12_13611735_+,GRIN2B (2904),1.0,,True
1028,CCTTATTGAGGTGGAAGCGG,chr2_47155226_+,STPG4 (285051),1.0,,True
1029,CCTTCATCTTGGCCTTCAGG,chr2_197535589_-,MOB4 (25843),1.0,,True
1030,CCTTCCAGCTGCTTCCCCCA,chr17_40496065_-,TNS4 (84951),1.0,,True
1031,CCTTCCTTGAAGAGCACCAA,chr17_67721428_-,NOL11 (25926),2.0,,True
1032,CCTTCGAAGGAAGCCTGTGG,chr3_9801751_+,ARPC4 (10093),1.0,,True
1033,CCTTCTCGCTTGCAGCTGCA,chr5_146339549_+,POU4F3 (5459),1.0,,True
1034,CCTTCTGCAGAATTGCTGCC,chr21_43797681_+,RRP1 (8568),1.0,,True
1035,CCTTCTTTCAAGTCCCACCA,chr3_138131140_-,A4GNT (51146),1.0,,True
1036,CCTTGAATACCGCACCCACA,chr1_155014802_+,ZBTB7B (51043),1.0,,True
1037,CCTTGGACAGAGCCAGGTAT,chr2_232456679_-,ALPI (248),1.0,,True
1038,CCTTGGCCTCGCCTTTGTAG,chr7_44201164_-,YKT6 (10652),2.0,,True
1039,CCTTGGCCTGGAGGGCCACG,chr8_6925997_+,DEFA6 (1671),1.0,,True
1040,CCTTGGGCTCCTTCGCGCGG,chr10_27100275_-,ANKRD26 (22852),1.0,,True
1041,CCTTGGGGAGAGCAGCACCG,chr19_45012244_+,RELB (5971),1.0,,True
1042,CCTTGGGTCTAGCCAAGAGG,chr11_102186098_-,YAP1 (10413),2.0,,True
1043,CCTTGGTCAGGAGTCTCAAA,chr12_55819383_-,ORMDL2 (29095),1.0,,True
1044,CCTTGGTGGACACCTCACAG,chr11_47348479_+,MYBPC3 (4607),1.0,,True
1045,CCTTTACTGTTGACTCCGGT,chr3_121585049_-,ARGFX (503582),1.0,,True
1046,CCTTTAGCTGATCCTTCAGA,chr2_100472822_+,NMS (129521),1.0,,True
1047,CCTTTCCAGGAAAGACCACT,chr19_48041595_-,CABP5 (56344),1.0,,True
1048,CCTTTGAGAAAGACAGGCAG,chr6_89894789_+,GJA10 (84694),1.0,,True
1049,CGAAAAAGAAGGCAGAAAAG,chr4_127730578_+,SLC25A31 (83447),1.0,,True
1050,CGAAAAGAGAGGCAAACGCC,chr16_18789046_-,RPS15A (6210),4.0,,True
1051,CGAACATGTCTGCGGCCGCG,chr1_47416764_-,FOXE3 (2301),1.0,,True
1052,CGAACGTCTGTGTAACTTGG,chr10_97445829_-,EXOSC1 (51013),1.0,,True
1053,CGAACTGCGCCTCTTCCCGC,chr1_70221832_+,SRSF11 (9295),1.0,,True
1054,CGAAGAAAAGTGGAACAGGA,chr8_66595700_-,MYBL1 (4603),1.0,,True
1055,CGAAGAAGCAAGCGGCCGCG,chr1_53459797_-,DMRTB1 (63948),1.0,,True
1056,CGAAGAGGCCGCAGAGGCCG,chr7_4920236_+,MMD2 (221938),1.0,,True
1057,CGAAGCCCGGGAAAAAACAC,chr5_102498703_-,SLCO6A1 (133482),1.0,,True
1058,CGAAGGGTCTAACTGCTCAG,chrX_55624078_+,FOXR2 (139628),1.0,,True
1059,CGAATATGATCCAACAATAG,chr12_25245278_-,KRAS (3845),1.0,,True
1060,CGACACGGACCCGCTCAAGG,chr3_137765100_+,SOX14 (8403),1.0,,True
1061,CGACATGTCGTACAACTACG,chr11_61332955_-,DDB1 (1642),1.0,,True
1062,CGACCATACTCACTTGCACG,chr9_77020012_+,FOXB2 (442425),1.0,,True
1063,CGAGAGATCATCCTGCCCAA,chr10_117136625_-,VAX1 (11023),1.0,,True
1064,CGAGATACTTCGCAGCACGG,chr22_19432567_-,MRPL40 (64976),1.0,,True
1065,CGAGCCGCCGGGGTGCCGGG,chr22_19150241_-,GSC2 (2928),1.0,,True
1066,CGAGCCGGCTGTCCTCCATG,chr9_136199730_+,LHX3 (8022),1.0,,True
1067,CGAGCGCTGCTTCAGCCGAG,chr9_136200618_-,LHX3 (8022),1.0,,True
1068,CGAGCTTCTGGGCCACCGGG,chr5_77637197_-,OTP (23440),1.0,,True
1069,CGAGGAGTGTTTGCAGTGCG,chr9_126615490_+,LMX1B (4010),1.0,,True
1070,CGAGGGCTCAGGCAACCACG,chr7_27243165_-,EVX1 (2128),1.0,,True
1071,CGAGGTGGACCCGGTCCGCA,chr12_4274074_+,CCND2 (894),1.0,,True
1072,CGATAATCTCTTCATCACCA,chr2_218270018_+,AAMP (14),1.0,,True
1073,CGATAGACGCGTGCACCACG,chr20_35284225_+,EIF6 (3692),1.0,,True
1074,CGATCCAGCCAAACACCCAG,chr6_47791847_-,OPN5 (221391),1.0,,True
1075,CGATCTCCTTGGTCTCCGCC,chr17_17126829_-,MPRIP (23164),2.0,,True
1076,CGATGATGATGAAAAAAAAG,chr15_44550906_+,EIF3J (8669),1.0,,True
1077,CGATGGCGATGAGTTTCGAG,chr17_42773490_+,VPS25 (84313),1.0,,True
1078,CGATGGCGTGAGGTAAGGAG,chr6_10409928_+,TFAP2A (7020),1.0,,True
1079,CGCCCACTCACCCAGCCCGG,chr22_19150030_+,GSC2 (2928),1.0,,True
1080,CGCCCGTGCCCAGCAGCGCG,chr20_58840269_+,GNAS (2778),1.0,,True
1081,CGCCGGGTCCGGCTTCTCCG,chr3_138946583_+,FOXL2 (668),1.0,,True
1082,CGCCGTGTACAACTACCCCG,chr6_151808075_+,ESR1 (2099),1.0,,True
1083,CGCGGAACACCTTAGCGACG,chr3_52278323_+,WDR82 (80335),1.0,,True
1084,CGCGGACCTTCTTCCCCAGA,chr19_9828366_-,UBL5 (59286),1.0,,True
1085,CGCTCTCCAGAGCGCTCCAG,chr10_15103412_-,RPP38 (10557),1.0,,True
1086,CGCTTCCGCAAAGATGGCGG,chr13_21604144_-,MICU2 (221154),1.0,,True
1087,CGGACTTCGACGAGTTCGAG,chr19_55655125_+,U2AF2 (11338),1.0,,True
1088,CGGAGATTAAAAACAAACAG,chr1_84479461_+,RPF1 (80135),1.0,,True
1089,CGGAGCCCATTAAAACTGAC,chr2_68866551_+,BMP10 (27302),1.0,,True
1090,CGGAGGCTCTTAGAACGGAG,chr1_156727542_-,ISG20L2 (81875),1.0,,True
1091,CGGCCGTGGGAGTCTCCGCG,chr17_48728261_+,HOXB13 (10481),1.0,,True
1092,CGGCCTCTCCGCACGCACCA,chr16_46691049_+,ORC6 (23594),1.0,,True
1093,CGGCGGGGTTGGCAGCCCCG,chr10_125774051_-,MMP21 (118856),1.0,,True
1094,CGGCTCCGTGCTGTGCCGCG,chr20_23035841_+,SSTR4 (6754),1.0,,True
1095,CGGCTGGTACTGCTGTTCAG,chr1_154936644_-,PMVK (10654),1.0,,True
1096,CGGCTGTGTCCACGCCCCCG,chrX_154478841_+,LAGE3 (8270),1.0,,True
1097,CGGGCCAGTGAGAAGCACCG,chr15_70060602_-,TLE3 (7090),1.0,,True
1098,CGGGTCCTAGAAGTGTACAG,chr6_41930254_+,BYSL (705),1.0,,True
1099,CGGTCAACATCAGCGCAGCG,chr7_56051926_+,CCT6A (908),1.0,,True
1100,CGGTGAGCAGGGGAAAGCCG,chr10_43102348_-,RET (5979),1.0,,True
1101,CGGTGATCAGAGGAGCAGGG,chr11_114400285_-,C11orf71 (54494),1.0,,True
1102,CGTACACGTTCCCCACCAGG,chr21_43095459_+,U2AF1 (7307),2.0,,True
1103,CGTACTCCATGACAAAGCAG,chr14_104773942_+,AKT1 (207),1.0,,True
1104,CGTACTCGCCCAACACCACC,chr1_21981058_-,CELA3B (23436),1.0,,True
1105,CGTAGGTCACCAGAAAGCAG,chr10_117197571_-,KCNK18 (338567),1.0,,True
1106,CGTAGTAATGGAGTTTGTAA,chr17_7931113_+,TRAPPC1 (58485),1.0,,True
1107,CGTCATGCCCTCTTCCTGCG,chr9_133460121_-,CACFD1 (11094),1.0,,True
1108,CGTCATGCCTAAGTATTATG,chr2_98608392_-,COA5 (493753),1.0,,True
1109,CGTCCTCCAGTGACACGGGC,chr10_21534664_-,MLLT10 (8028),1.0,,True
1110,CGTCGACGCTGAGCACCGCG,chr20_23035845_-,SSTR4 (6754),1.0,,True
1111,CGTCTGATCTATGACACCAA,chrX_72275098_-,RPS4X (6191),4.0,,True
1112,CGTCTGTGTAACTTGGAGGA,chr10_97445825_-,EXOSC1 (51013),1.0,,True
1113,CGTCTTGAGCACCTTCTGCG,chr1_53459610_-,DMRTB1 (63948),1.0,,True
1114,CGTGAACTGGAACCGAGCAG,chr8_70069283_+,PRDM14 (63978),1.0,,True
1115,CGTGCCGGCGATGGAGCGCG,chr16_30395801_+,ZNF48 (197407),1.0,,True
1116,CGTGCCGTAGGGCGCAAAGA,chr11_66616784_-,RBM14 (10432),1.0,,True
1117,CGTGCCTCCGTAGGTCTGCG,chr11_69643034_+,CCND1 (595),1.0,,True
1118,CGTGCTCTATGACTGCCAGG,chr3_52278210_-,WDR82 (80335),1.0,,True
1119,CGTGGATGATGAATACCGAT,chr2_130345405_+,IMP4 (92856),1.0,,True
1120,CGTGGCGGCGGCATTAGCCG,chr5_44809026_-,MRPS30 (10884),1.0,,True
1121,CGTGTCCTCGGCCTGAGCCG,chr1_182952907_+,SHCBP1L (81626),1.0,,True
1122,CGTGTGCATAGCCTTCAAAG,chr6_116806980_-,GPRC6A (222545),1.0,,True
1123,CGTTCAAGAACAGAGACAGG,chr3_38138798_-,MYD88 (4615),1.0,,True
1124,CGTTCCGCTTTGAAATGCAG,chr17_58692673_+,RAD51C (5889),1.0,,True
1125,CGTTCTATATTATTCCTCAA,chr4_165040525_-,TRIM60 (166655),1.0,,True
1126,CGTTCTCCCACACCAGCCCG,chr6_393268_-,IRF4 (3662),1.0,,True
1127,CGTTGACTCGCATCAGGAAG,chr9_126615443_-,LMX1B (4010),1.0,,True
1128,CGTTGAGCGTGAGATTGTGG,chr1_47416677_-,FOXE3 (2301),1.0,,True
1129,CGTTGGTCAACAGCTCTCCA,chrX_54443436_-,TSR2 (90121),1.0,,True
1130,CGTTTGACTTAAATTCATGA,chr20_49067198_-,CSE1L (1434),1.0,,True
1131,CTAAAAGGATGAAACCTGCT,chr1_247588397_-,OR2G2 (81470),1.0,,True
1132,CTAAACCCTGAGCTCATCAA,chr6_135189849_+,MYB (4602),1.0,,True
1133,CTAAACCTCCAACACCACCA,chr12_52651753_+,KRT2 (3849),1.0,,True
1134,CTAAAGACAGAGATTCCCAT,chr4_39462231_+,LIAS (11019),1.0,,True
1135,CTAAGAGGCCAAGTGTAAGT,chr1_33312854_+,A3GALT2 (127550),1.0,,True
1136,CTAAGCAGCAAGTGTCAGGG,chr10_15103620_+,RPP38 (10557),1.0,,True
1137,CTAAGGCAGGAGCTATACAG,chr2_226864840_-,RHBDD1 (84236),1.0,,True
1138,CTAAGGCCACCACATGCCAT,chr16_88712361_-,CTU2 (348180),1.0,,True
1139,CTAAGTCAACTGGGAATAAA,chr4_87845237_+,MEPE (56955),1.0,,True
1140,CTAATAAATGTCTCACCCAG,chr18_12955608_-,SEH1L (81929),1.0,,True
1141,CTAATGAAGCCTCCTCTGAA,chr1_91979691_+,BRDT (676),1.0,,True
1142,CTAATGCTCTGCGTGTTCCG,chr3_179570195_+,ACTL6A (86),1.0,,True
1143,CTACAACTAGAGGATGACCA,chr13_112547735_-,TUBGCP3 (10426),1.0,,True
1144,CTACAAGTACGAGCAGAACA,chr19_3110328_+,GNA11 (2767),1.0,,True
1145,CTACAATGAGACAATGACAG,chr1_109412153_-,PSMA5 (5686),1.0,,True
1146,CTACAATGCCAAAACCCCAG,chr4_154544474_-,PLRG1 (5356),1.0,,True
1147,CTACACTTACCTCAGTCCGG,chr1_117938551_-,WDR3 (10885),1.0,,True
1148,CTACAGCGCGGCAGGCCTAC,chr10_49679752_+,C10orf53 (282966),1.0,,True
1149,CTACAGCTAACTTTGTAAAG,chr12_69589574_-,CCT2 (10576),1.0,,True
1150,CTACAGTACCAGGTGAACAC,chr20_227341_+,DEFB129 (140881),1.0,,True
1151,CTACAGTGACAGCTTCCCAA,chr17_42348437_-,STAT3 (6774),1.0,,True
1152,CTACAGTGCACATCAGTCCA,chr17_62391882_-,EFCAB3 (146779),1.0,,True
1153,CTACATACTGTCCAACCCAA,chr1_151263985_+,PSMD4 (5710),2.0,,True
1154,CTACATCGCCCACATGCGCG,chr10_49610933_+,SLC18A3 (6572),1.0,,True
1155,CTACCAACCTGCGATCACCA,chr11_61326787_+,DDB1 (1642),1.0,,True
1156,CTACCACTGGAGCCAGTCCG,chr6_155443364_-,NOX3 (50508),1.0,,True
1157,CTACCAGCAGATCCACCACG,chr6_50715395_+,TFAP2D (83741),1.0,,True
1158,CTACCAGGAGAAAAGAAGGC,chr11_5986847_+,OR52L1 (338751),1.0,,True
1159,CTACCCAGTGACACTGGCCA,chr1_44214735_+,DMAP1 (55929),1.0,,True
1160,CTACCTGCATAAGATCTTGA,chr11_78493075_+,NARS2 (79731),1.0,,True
1161,CTACCTTCAGAAGAGCAAGC,chr2_9854371_+,TAF1B (9014),1.0,,True
1162,CTACGACTCGGGTATCCACT,chr17_41771775_-,JUP (3728),1.0,,True
1163,CTACGAGTGCGAGGGCCGCT,chr19_45012211_+,RELB (5971),1.0,,True
1164,CTACGCGCCCGGAGGCGCCG,chr13_27968753_-,CDX2 (1045),1.0,,True
1165,CTACTCATCTGTAAGCGCAG,chr19_6829827_+,VAV1 (7409),1.0,,True
1166,CTACTCGTCATGTTCATCTC,chr20_45610146_-,WFDC9 (259240),1.0,,True
1167,CTACTGGACGCTGGACCCCG,chr1_47416760_+,FOXE3 (2301),1.0,,True
1168,CTACTTACAGGCTTTAACGT,chr7_117384853_-,ASZ1 (136991),1.0,,True
1169,CTACTTGTCGAAGATGACAG,chr3_126508061_-,UROC1 (131669),1.0,,True
1170,CTACTTGTGCCTGGACAAGT,chr16_70514370_-,COG4 (25839),1.0,,True
1171,CTACTTTCCTGAGGATCGAG,chr11_62778056_+,TAF6L (10629),1.0,,True
1172,CTAGACCCCACTTACCTGAG,chr20_1491276_+,SIRPB2 (284759),1.0,,True
1173,CTAGACGTATTCACATTGGG,chr11_83163816_-,PCF11 (51585),1.0,,True
1174,CTAGACTCGGGGGCGAAGGA,chr2_176100155_-,HOXD12 (3238),1.0,,True
1175,CTAGAGGCGGACGGCAGCCA,chr3_62372695_-,FEZF2 (55079),1.0,,True
1176,CTAGATGAGCTCATACAGGT,chr15_59652206_-,GTF2A2 (2958),1.0,,True
1177,CTAGATGTGATCACTGGCCG,chr2_43851620_+,ABCG8 (64241),1.0,,True
1178,CTAGCATGAAAGACTCTAAC,chr15_31076909_-,TRPM1 (4308),1.0,,True
1179,CTAGCCCTGCGCCCGACTAG,chr22_19432601_+,MRPL40 (64976),1.0,,True
1180,CTAGGATTCTACATCCGGGA,chr20_50749890_+,PARD6B (84612),1.0,,True
1181,CTAGGATTTCCATTTAAACA,chr14_30670268_+,SCFD1 (23256),1.0,,True
1182,CTAGTAAAAATGATCTCACG,chr20_35696427_+,NFS1 (9054),1.0,,True
1183,CTAGTACCCGGGCTGCCGGG,chr1_36464198_-,MRPS15 (64960),1.0,,True
1184,CTAGTCATCCCGGAGAAGCA,chr14_22929172_-,PRMT5 (10419),1.0,,True
1185,CTAGTGAAGCTGCATATGGG,chr1_196984121_-,CFHR5 (81494),1.0,,True
1186,CTAGTGTCTTCATTGTGGTG,chr11_6027236_-,OR56A1 (120796),2.0,,True
1187,CTAGTTCTGTGTACTCAACG,chr4_54699742_+,KIT (3815),1.0,,True
1188,CTATCACTCCTGATGAGAAG,chr2_208248542_-,IDH1 (3417),1.0,,True
1189,CTATCAGTGTGAGAGCCAGC,chr17_39709414_-,ERBB2 (2064),1.0,,True
1190,CTATCATATAAAACTCTGCC,chr11_78493123_+,NARS2 (79731),1.0,,True
1191,CTATCCTTCTTATTAGGTAT,chr2_42570473_-,MTA3 (57504),1.0,,True
1192,CTATCTATCCACCATGTGGG,chr11_12764391_+,TEAD1 (7003),1.0,,True
1193,CTATCTCCCACTCTTCAGGG,chr1_12859130_+,PRAMEF2 (65122),1.0,,True
1194,CTATGAACAGGCCAACTGCA,chr22_25227878_+,CRYBB2 (1415),2.0,,True
1195,CTATGATCACGATGTCCAGA,chr19_54773615_-,KIR2DL1 (3802),1.0,,True
1196,CTATGATGTGTCCACTCTGG,chr20_33217551_+,BPIFA3 (128861),1.0,,True
1197,CTATGCAGAATGGCAGACAG,chr6_155436464_-,NOX3 (50508),1.0,,True
1198,CTATGCTTCTACCATAGTGT,chr1_236596906_-,HEATR1 (55127),1.0,,True
1199,CTATGTGCTGATGCAGACAG,chr13_113654861_-,ATP4B (496),1.0,,True
1200,CTATGTGGCAGATATCGAGG,chr3_49375450_-,RHOA (387),1.0,,True
1201,CTATTGCAAAGAGAAGCCCG,chr1_248452874_-,OR2T2 (401992),1.0,,True
1202,CTATTGGCTCTACTCCAGAG,chr22_36702467_-,CACNG2 (10369),1.0,,True
1203,CTATTTGGCACATAATACAT,chr4_70249054_-,CSN3 (1448),1.0,,True
1204,CTCACAACAAGATCCCGCCG,chr6_88963388_-,RNGTT (8732),1.0,,True
1205,CTCACCTCCACTTTGCCGGA,chr5_146516041_-,GPR151 (134391),1.0,,True
1206,CTCACCTTTGGAAAACACAG,chr1_23692747_-,RPL11 (6135),1.0,,True
1207,CTCAGATGAAGAATACCAGC,chr1_155815842_-,GON4L (54856),1.0,,True
1208,CTCATCTTCGAGGTGGCGGA,chr12_123584785_+,TMED2 (10959),1.0,,True
1209,CTCATCTTCTAAAAGTACCG,chr14_44506305_+,FSCB (84075),1.0,,True
1210,CTCCACCCAGGACCATGCGG,chr20_34294113_-,AHCY (191),1.0,,True
1211,CTCCAGTTCAGAAGTCGAGT,chr9_6328644_-,TPD52L3 (89882),1.0,,True
1212,CTCCATTCTCTCCCACCGCG,chr9_132582843_+,BARHL1 (56751),1.0,,True
1213,CTCCCAGGCTCCAGGAGCCG,chr17_997262_-,TIMM22 (29928),1.0,,True
1214,CTCCCTGCCATGTATCCGCA,chr15_70096790_-,TLE3 (7090),1.0,,True
1215,CTCCGCGTACATGTCTAGCG,chr17_7931512_+,TRAPPC1 (58485),1.0,,True
1216,CTCCTCTTGGAGGTTCACCA,chr4_165040094_-,TRIM60 (166655),1.0,,True
1217,CTCCTTCCTCACCTGCTCCG,chr11_33161303_+,CSTF3 (1479),1.0,,True
1218,CTCGAGTTAATCAAAACCCG,chr5_113434528_-,TSSK1B (83942),1.0,,True
1219,CTCGCCGCAGGGATACCCCA,chr2_161416918_+,TBR1 (10716),1.0,,True
1220,CTCTCAGGATGCCTGAGCCG,chr11_47352638_-,MYBPC3 (4607),1.0,,True
1221,CTCTCATTCTGGCAACCAGT,chr16_29779579_+,ZG16 (653808),1.0,,True
1222,CTCTCCTTAAGAGGTGGCCG,chr10_13172641_-,MCM10 (55388),1.0,,True
1223,CTCTCTATATCAAAGCAGCA,chr12_68225609_-,IL26 (55801),1.0,,True
1224,CTCTTCTTAGACCATCCAGG,chr7_55143311_+,EGFR (1956),1.0,,True
1225,CTCTTTGCTGACCTTCACCT,chr19_41392938_+,EXOSC5 (56915),1.0,,True
1226,CTGAAGACTGAGCAGAACCA,chr1_11231318_-,MTOR (2475),1.0,,True
1227,CTGAATTCCTCAATGGAGGG,chr10_27155516_-,MASTL (84930),1.0,,True
1228,CTGACAGGCCATACAATGCC,chr21_13615406_+,POTED (317754),2.0,,True
1229,CTGACCCAAAAACTGTAGGG,chr1_75932197_+,ASB17 (127247),1.0,,True
1230,CTGACTTTCAAGAGGCCCGA,chr1_44214393_+,DMAP1 (55929),1.0,,True
1231,CTGAGAACATTAGTGCTACG,chr19_41238501_+,AXL (558),1.0,,True
1232,CTGAGCCGTGAATTCAACGA,chr3_189864413_+,TP63 (8626),1.0,,True
1233,CTGAGGCCGCAGCTTCTCCG,chr22_35067260_-,ISX (91464),1.0,,True
1234,CTGAGGTCATAGGTGGACCG,chr1_211481211_+,RD3 (343035),1.0,,True
1235,CTGATCACTGGTACACCAGG,chr19_13100997_+,LYL1 (4066),1.0,,True
1236,CTGATTACCTGGGATCACTT,chr20_31368699_-,DEFB118 (117285),1.0,,True
1237,CTGCAGAGCGAGGATGAGCA,chr4_188139830_+,TRIML1 (339976),1.0,,True
1238,CTGCAGCCCGGACTGCCCCG,chr19_8698433_+,ACTL9 (284382),1.0,,True
1239,CTGCAGCTCCTCAAGCACCG,chr10_15103335_+,RPP38 (10557),1.0,,True
1240,CTGCAGGCCGAGTACACCGA,chr11_842419_-,POLR2L (5441),1.0,,True
1241,CTGCAGTTCAGCAATCCCAG,chr1_156479716_-,MEF2D (4209),1.0,,True
1242,CTGCCACTGCAATACCAACG,chr9_5044418_-,JAK2 (3717),1.0,,True
1243,CTGCCATTCATAACAAGCTG,chr11_12879794_+,TEAD1 (7003),1.0,,True
1244,CTGCCTGAAAACCTTCCGTA,chr20_57519248_-,CTCFL (140690),1.0,,True
1245,CTGCCTGGATACCTACCACA,chr1_179559725_-,NPHS2 (7827),1.0,,True
1246,CTGCGCTACCAAGAACCAAG,chr10_13172728_+,MCM10 (55388),1.0,,True
1247,CTGCTGCTGCGGCCCCCGCG,chr22_19150066_-,GSC2 (2928),1.0,,True
1248,CTGCTTTGAAGACTTAGCAG,chr2_39051148_-,SOS1 (6654),1.0,,True
1249,CTGGCTTCTGAATTTCCGGC,chr3_128052877_-,SEC61A1 (29927),1.0,,True
1250,CTGGTCGGCCGGGGACCGCG,chr5_112861395_-,SRP19 (6728),1.0,,True
1251,CTGGTGGGCTGGCTAATCAG,chr20_33223925_+,BPIFA3 (128861),1.0,,True
1252,CTGTAACCGATCACTCCAGG,chr10_103174945_+,NT5C2 (22978),1.0,,True
1253,CTGTCCCCCCATCTATCAAA,chr3_69063081_+,UBA3 (9039),1.0,,True
1254,CTGTCTCTCCCATCGACATT,chr17_41440834_-,KRT38 (8687),1.0,,True
1255,CTGTCTGTGGAGATGTGCAT,chr5_134206059_-,PPP2CA (5515),1.0,,True
1256,CTGTGAATAGGCGCATCAGA,chr10_73156279_-,ECD (11319),1.0,,True
1257,CTGTGACTGAAAAGACCAAC,chr11_14294786_+,RRAS2 (22800),2.0,,True
1258,CTGTGCCTCGTCAGAACCAA,chr7_97117859_-,SDHAF3 (57001),1.0,,True
1259,CTGTGCTCTTAAACATCAAA,chr6_55255212_-,HCRTR2 (3062),1.0,,True
1260,CTGTGTTTGCTAAATCCACA,chrX_101358621_-,BTK (695),1.0,,True
1261,CTGTTCATCACTATGTCCCG,chr12_4445535_-,FGF6 (2251),1.0,,True
1262,CTGTTTAGCCAGCAACACAG,chr12_57534409_+,DCTN2 (10540),1.0,,True
1263,CTTAAGCATTGACTATCCCA,chr14_21034170_-,RNASE13 (440163),1.0,,True
1264,CTTACATGTACAAAGCCTGA,chr21_28882996_+,HEMK2 (29104),1.0,,True
1265,CTTACTGGACACGGCCCGAG,chr4_1801389_+,FGFR3 (2261),1.0,,True
1266,CTTACTGTCCAGCACTCGAA,chr1_211829157_+,LPGAT1 (9926),1.0,,True
1267,CTTAGAATACGGCTACAGCA,chr10_17987490_+,SLC39A12 (221074),1.0,,True
1268,CTTAGAGGCAGCCAAAACGA,chr16_28495265_+,APOBR (55911),1.0,,True
1269,CTTAGATTGTAAGTGCCTGG,chr13_72781344_-,DIS3 (22894),1.0,,True
1270,CTTAGCTTCTTTGCAGAGAG,chr22_19435638_+,MRPL40 (64976),1.0,,True
1271,CTTATCATCGAGCTCTGCGA,chr16_56821576_-,NUP93 (9688),1.0,,True
1272,CTTCAAACTGAGCAGGAAAG,chr3_151745535_-,AADACL2 (344752),1.0,,True
1273,CTTCAAAGTGTACCGTGACA,chr8_42765107_+,CHRNA6 (8973),1.0,,True
1274,CTTCAACGACCTGAACACAA,chr4_154548904_+,PLRG1 (5356),1.0,,True
1275,CTTCAACTAACCAGTCCACG,chr4_121820691_+,CCNA2 (890),1.0,,True
1276,CTTCACCAACAGCTACCGGA,chr20_37256457_-,GHRH (2691),1.0,,True
1277,CTTCACGCTGACAGTCGGCA,chr2_222656069_+,FARSB (10056),1.0,,True
1278,CTTCACTGAGAATCTCCACC,chr12_50016659_+,RACGAP1 (29127),1.0,,True
1279,CTTCAGCCCAAGAAGAAGAA,chr11_73844817_+,MRPL48 (51642),1.0,,True
1280,CTTCAGCCTGAAGTCATCAG,chr17_40771169_+,KRT26 (353288),1.0,,True
1281,CTTCATCCATAATTACAGCA,chr12_39682646_-,REDIC1 (283461),1.0,,True
1282,CTTCATCGAGATCTTCCTGG,chr21_43797519_+,RRP1 (8568),1.0,,True
1283,CTTCCCATACAGCAGCTGTT,chr18_12955545_-,SEH1L (81929),1.0,,True
1284,CTTCCCCGTGAGGAAGGCCA,chr5_150528185_-,NDST1 (3340),1.0,,True
1285,CTTCCTACAGACAAATGGAG,chr17_3127548_-,OR1G1 (8390),1.0,,True
1286,CTTCCTCCACATGAAAGCGG,chrX_78114111_-,PGK1 (5230),2.0,,True
1287,CTTCCTGCTCTCCATCATGG,chr1_23691824_+,RPL11 (6135),1.0,,True
1288,CTTCCTGCTGGACTTCGTGG,chr6_166166779_-,TBXT (6862),1.0,,True
1289,CTTCCTGGAACTGCTCAAAG,chr1_154330873_-,ATP8B2 (57198),1.0,,True
1290,CTTCCTGTAGAAAGGCCTCG,chr6_31785604_+,VARS1 (7407),1.0,,True
1291,CTTCCTGTCGGTCACCCGAG,chr20_62218495_-,HRH3 (11255),1.0,,True
1292,CTTCGCGCCCACCCGCCGCG,chr1_150579220_-,MCL1 (4170),1.0,,True
1293,CTTCGCTGTGAAGATGGCGT,chr5_140700464_+,ZMAT2 (153527),1.0,,True
1294,CTTCGGGTACAGGAGAGGCA,chr1_151184426_-,VPS72 (6944),1.0,,True
1295,CTTCGGTTTCTCTTACTGCG,chr1_37552692_+,SNIP1 (79753),1.0,,True
1296,CTTCTCCTCCTGCTCCCACG,chr21_30425869_-,KRTAP13-3 (337960),1.0,,True
1297,CTTCTCGTAGAGACTGCCCG,chr6_41336170_-,NCR2 (9436),1.0,,True
1298,CTTCTGCAAGAACCAGGCCC,chr14_20584439_+,RNASE11 (122651),1.0,,True
1299,CTTCTGCACGGGCATCCGCG,chr1_151264017_+,PSMD4 (5710),1.0,,True
1300,CTTCTGCCCAAAAGACCCCA,chr19_55954651_+,NLRP8 (126205),1.0,,True
1301,CTTCTGCTGTTCTATCATGG,chr1_31296750_+,SNRNP40 (9410),2.0,,True
1302,CTTCTGGTAAAATATAGCCT,chr3_16598515_+,DAZL (1618),1.0,,True
1303,CTTCTTCTCATGTCTCCGGT,chr13_20189289_+,GJB2 (2706),1.0,,True
1304,CTTCTTGCTGATGGTCCCAG,chr1_44213820_-,DMAP1 (55929),1.0,,True
1305,CTTCTTTGTGACCCTCCAAA,chr1_193138131_-,CDC73 (79577),1.0,,True
1306,CTTGAAACGCTGGCACCAAA,chrX_70134573_-,IGBP1 (3476),1.0,,True
1307,CTTGAACGCGTCCTACGGCA,chr6_106105304_+,PRDM1 (639),1.0,,True
1308,CTTGAAGCCGATGATGAACA,chr22_42693881_+,A4GALT (53947),1.0,,True
1309,CTTGACATCCTTCTTGGCAG,chr6_31540441_+,DDX39B (7919),1.0,,True
1310,CTTGATCTTCTCCATCTGCA,chrX_64921974_+,ZC4H2 (55906),1.0,,True
1311,CTTGATGTCATTCTCCCGGA,chr11_61795416_-,FEN1 (2237),1.0,,True
1312,CTTGCACCACAGATTCCACA,chr1_173830700_-,DARS2 (55157),1.0,,True
1313,CTTGCACTCTCATCTCCCGA,chrX_71124274_+,MED12 (9968),1.0,,True
1314,CTTGCAGCTCCACTTTCCCA,chr1_28532247_-,RCC1 (1104),1.0,,True
1315,CTTGCAGCTGAGCACCAGGA,chr9_21385295_+,IFNA2 (3440),1.0,,True
1316,CTTGCCTCCTTGACTCTTGA,chr17_42338742_+,STAT3 (6774),1.0,,True
1317,CTTGCTCTCCTCCTCCGCGA,chr5_16465493_+,ZNF622 (90441),1.0,,True
1318,CTTGGACCTGAAGTTCTGCA,chr16_70514454_-,COG4 (25839),1.0,,True
1319,CTTGGATATCTGAATCACGG,chr6_96203634_-,FUT9 (10690),1.0,,True
1320,CTTGGCACTTCAAACACGAA,chr6_96203689_-,FUT9 (10690),1.0,,True
1321,CTTGGCAGAAAACCTCACCA,chr1_158479956_+,OR10R2 (343406),1.0,,True
1322,CTTGGGACAATGTTCCCCTT,chr12_68225652_+,IL26 (55801),1.0,,True
1323,CTTGTAGCTGAGCACCACTA,chr9_21409210_-,IFNA8 (3445),1.0,,True
1324,CTTGTCATCATGGCGACGCG,chr12_112108765_-,NAA25 (80018),1.0,,True
1325,CTTGTCCCCGGAAATATTGG,chr16_69340219_-,NIP7 (51388),1.0,,True
1326,CTTGTCTCTAAAGTCCTCCG,chr9_132583200_-,BARHL1 (56751),1.0,,True
1327,CTTGTTGGTAGCTCTCCCTG,chr22_24762452_+,PIWIL3 (440822),1.0,,True
1328,CTTTCAAGAGATTCGCTCCT,chr7_155508974_-,CNPY1 (285888),1.0,,True
1329,CTTTCACTACAATGGCCACG,chr17_80707949_+,RPTOR (57521),1.0,,True
1330,CTTTCATTCGAGAGGCGGAG,chr6_21594870_+,SOX4 (6659),1.0,,True
1331,CTTTCATTTGGAACGCCCAC,chr11_101062678_+,PGR (5241),1.0,,True
1332,CTTTCGACTTCCACGGGCGG,chr18_12948193_+,SEH1L (81929),1.0,,True
1333,CTTTCTTTAGGAGAGTAAGA,chr1_56867615_+,C8A (731),1.0,,True
1334,CTTTGCCTTACTCCTAGCCA,chr8_142840462_+,GML (2765),1.0,,True
1335,CTTTGCTTCTGAGTCATCAG,chr1_186361699_+,TPR (7175),1.0,,True
1336,CTTTGGAGTTCCATGCCAAG,chr2_37231531_-,CEBPZ (10153),1.0,,True
1337,CTTTGGATATAAATGTAAGG,chr5_62443018_+,IPO11 (51194),1.0,,True
1338,CTTTGGCTTCTTGATTCCCG,chr14_35534895_-,INSM2 (84684),1.0,,True
1339,CTTTGGGCAGAACTATCCAG,chr1_205115862_-,RBBP5 (5929),1.0,,True
1340,CTTTGTGTGGAAACGACCAG,chr1_230747704_+,CAPN9 (10753),1.0,,True
1341,CTTTGTGTGGAATTGAGCAA,chr11_111306545_-,POU2AF3 (120376),1.0,,True
1342,GAAAAACAGGACAAGACAGG,chr6_28515718_+,GPX6 (257202),1.0,,True
1343,GAAAACGGAATCTAATCAGG,chr4_98901924_-,EIF4E (1977),2.0,,True
1344,GAAACTTATTGGCAATCAGA,chr4_145081698_-,ANAPC10 (10393),2.0,,True
1345,GAAAGAACAAAAATGACAAA,chr3_173117534_-,SPATA16 (83893),1.0,,True
1346,GAAAGAGCACAGACGTCGAG,chr12_122173985_+,IL31 (386653),1.0,,True
1347,GAAAGCCCAGAAACTCCAAG,chr5_160412488_-,SLU7 (10569),1.0,,True
1348,GAAAGCTTATGGCCATGCAG,chr5_179618247_-,HNRNPH1 (3187),1.0,,True
1349,GAAAGGCTCTGGCAACCTGG,chr12_69589624_+,CCT2 (10576),1.0,,True
1350,GAAAGGTCATCACAGAAACG,chr11_18173552_-,MRGPRX4 (117196),1.0,,True
1351,GAAATAAGAGAATCAAGCCC,chr1_1544950_-,SSU72 (29101),1.0,,True
1352,GAAATCAAGCAACATCACGG,chr3_142566216_+,ATR (545),1.0,,True
1353,GAACACCTGCGAATTCACAG,chr2_144401203_-,ZEB2 (9839),1.0,,True
1354,GAACAGCAGTACCAGCCGCG,chr1_154936660_+,PMVK (10654),1.0,,True
1355,GAACAGTGATGGAAATAGCG,chr1_204410678_-,PPP1R15B (84919),1.0,,True
1356,GAACATTTACACCATCCGGG,chr16_69754698_-,NOB1 (28987),1.0,,True
1357,GAACGTGCGGACACAGGTGG,chr3_38138827_+,MYD88 (4615),1.0,,True
1358,GAACTCATACAGATAAACAG,chr1_86486659_+,CLCA1 (1179),1.0,,True
1359,GAACTTCACCTTTACCCCAG,chr11_78469251_-,NARS2 (79731),1.0,,True
1360,GAAGAACTGGAAAAGCCAGA,chr15_73885074_-,TBC1D21 (161514),1.0,,True
1361,GAAGAGATGCATGTAAAGAA,chr20_145493_+,DEFB126 (81623),1.0,,True
1362,GAAGAGCAGCGAGAATGGCG,chr10_97445736_-,EXOSC1 (51013),1.0,,True
1363,GAAGATGCTGAGAATCCAGG,chr5_37341153_+,NUP155 (9631),1.0,,True
1364,GAAGATGGCGTCGGGCAGCG,chr5_140700473_+,ZMAT2 (153527),1.0,,True
1365,GAAGCCATGTCATTACCCAG,chr14_90260210_-,PSMC1 (5700),1.0,,True
1366,GAAGCCTGTCAATATAAACA,chr11_56252323_-,OR5T3 (390154),1.0,,True
1367,GAAGCGCCCAGGACACTGCG,chr17_7043354_-,SLC16A11 (162515),1.0,,True
1368,GAAGCTCTCTGACAAAGATA,chr3_51895302_-,IQCF1 (132141),2.0,,True
1369,GAAGGAGAAGAACATCTGAA,chr19_15741693_-,OR10H3 (26532),1.0,,True
1370,GAAGGAGCATTTCATCCGGG,chr17_17126825_+,MPRIP (23164),2.0,,True
1371,GAAGGCATCCAAATGCTGAT,chr17_63910168_-,CSHL1 (1444),1.0,,True
1372,GAAGGGGCTGAGATTCCAGG,chr10_8058397_-,GATA3 (2625),1.0,,True
1373,GAAGGGTCCTCAGAATGCAA,chr4_154547752_-,PLRG1 (5356),1.0,,True
1374,GAAGGTCCACCTCCACCTAG,chr4_154797832_+,RBM46 (166863),1.0,,True
1375,GAAGTAGGTCATCAACCTGA,chr2_27368705_+,EIF2B4 (8890),1.0,,True
1376,GAAGTAGTCCCACATCACCG,chr11_116822746_+,APOA4 (337),1.0,,True
1377,GAAGTCTTATGATTTAACTC,chr14_30670358_+,SCFD1 (23256),1.0,,True
1378,GAATCATATCCGATAAACAG,chr7_89333522_+,ZNF804B (219578),1.0,,True
1379,GAATGGATACTTTATCCCCA,chr11_59843077_+,CBLIF (2694),1.0,,True
1380,GAATGGTGAGAAAAAGACAG,chr12_121345923_-,ANAPC5 (51433),1.0,,True
1381,GAATTCAGTGACAAGGAAAA,chr2_113029029_-,IL36B (27177),1.0,,True
1382,GACAAAGGATACCAGCACCA,chr17_32350321_-,ZNF207 (7756),1.0,,True
1383,GACAACTGCCAAGAGACCTG,chr21_30319859_-,KRTAP26-1 (388818),1.0,,True
1384,GACAAGTTCATGGAAAAAAT,chr4_119322040_-,FABP2 (2169),1.0,,True
1385,GACACTGCGAAAGCAAACCG,chr10_68956304_+,DDX21 (9188),1.0,,True
1386,GACACTTCATATGATAACCG,chr6_32366171_-,TSBP1 (10665),1.0,,True
1387,GACAGGTGTGACCAGCCACG,chr2_130345387_+,IMP4 (92856),1.0,,True
1388,GACAGTCTCTCACTGAAGCA,chr5_135894130_+,IL9 (3578),1.0,,True
1389,GACCAGCGACCCAAGCGCCG,chr2_38377178_-,ATL2 (64225),1.0,,True
1390,GACCAGTTACTAGTATCCCG,chr10_34450418_+,PARD3 (56288),1.0,,True
1391,GACCATGTCGATGATCTCGT,chr19_18309785_+,LSM4 (25804),1.0,,True
1392,GACCCATGTCTACCATACAG,chr11_5736743_-,OR56B1 (387748),1.0,,True
1393,GACCTACCACATCAACAACG,chr12_129700614_-,TMEM132D (121256),1.0,,True
1394,GACCTTCTGGCCAAAGAGCA,chr11_123885258_+,TMEM225 (338661),1.0,,True
1395,GACGAAAGAGGAGTACACAG,chr19_55858504_-,NLRP4 (147945),1.0,,True
1396,GACGAAGTATCCATGCAGAG,chr3_129529028_-,RHO (6010),1.0,,True
1397,GACGATGTACCCAATCTCGT,chr11_5986605_+,OR52L1 (338751),1.0,,True
1398,GACGCCGCTGGACTTCCGCG,chr10_125773887_-,MMP21 (118856),1.0,,True
1399,GACGCTGTGGGGAACTCAAG,chr9_6328775_+,TPD52L3 (89882),1.0,,True
1400,GACGGCACCTCGTAGCCTAG,chr3_62372631_+,FEZF2 (55079),1.0,,True
1401,GACGTACCAGGTGTACAGAG,chr17_37739481_+,HNF1B (6928),1.0,,True
1402,GACGTGGCTATTGTGAAGGA,chr14_104792620_-,AKT1 (207),1.0,,True
1403,GACTAACCAGAGCACTTCCG,chr13_24906818_-,CPAP (55835),1.0,,True
1404,GACTCCGCGTACATGTCTAG,chr17_7931510_+,TRAPPC1 (58485),1.0,,True
1405,GACTCTTCCTAATGTCCGGG,chr1_93346733_+,DR1 (1810),1.0,,True
1406,GACTGAGTACAAACTGGTGG,chr1_114716141_-,NRAS (4893),1.0,,True
1407,GACTGCATATGATATGACCC,chr11_73844906_+,MRPL48 (51642),1.0,,True
1408,GACTGCCTATCATATGGCCG,chr7_129001083_-,TNPO3 (23534),1.0,,True
1409,GACTGCGATTAAACTCCTGG,chr4_87845358_+,MEPE (56955),1.0,,True
1410,GACTGCGCCAAGATGTTGGA,chr9_126614523_+,LMX1B (4010),1.0,,True
1411,GACTGCTGAGGAACTCCTAG,chr17_58692758_+,RAD51C (5889),1.0,,True
1412,GACTTCATATAACAATACCT,chr14_45242117_-,MIS18BP1 (55320),1.0,,True
1413,GACTTCTCCACGAACACAAA,chr3_12611954_-,RAF1 (5894),1.0,,True
1414,GACTTCTTCCAAAAACTGAA,chr7_56055681_-,CCT6A (908),1.0,,True
1415,GACTTGGCCTGGAAACCAGA,chr19_55954578_+,NLRP8 (126205),1.0,,True
1416,GACTTGGTGTCACCTCCGAA,chr4_1728656_-,TACC3 (10460),1.0,,True
1417,GACTTTAGAATGCCTCCGTG,chr3_179198937_+,PIK3CA (5290),1.0,,True
1418,GACTTTCTGGTGGATCCAGG,chr17_40772086_-,KRT26 (353288),1.0,,True
1419,GACTTTGACGGCAAGAACCG,chr4_40438564_-,RBM47 (54502),1.0,,True
1420,GACTTTGCCAGCCTTCACCA,chr11_61795860_-,FEN1 (2237),2.0,,True
1421,GAGAAACCGGACGATGACTT,chr16_18789016_+,RPS15A (6210),2.0,,True
1422,GAGAAAGAAGGAAAGTCGAG,chr5_74769015_+,NSA2 (10412),4.0,,True
1423,GAGAACGGAAAGGAGAAGGG,chr3_53882057_-,ACTR8 (93973),1.0,,True
1424,GAGAACTTCTACAGGTGCGG,chr20_35284377_-,EIF6 (3692),1.0,,True
1425,GAGAAGGAGAAGGAGCAGCG,chr3_53882033_-,ACTR8 (93973),1.0,,True
1426,GAGAAGTTACTCGCTGTGCG,chr10_101228655_-,LBX1 (10660),1.0,,True
1427,GAGAATAGATGGCATTGCTG,chr21_30440422_-,KRTAP15-1 (254950),1.0,,True
1428,GAGACAGGAAATGTTCCCTG,chr13_28061939_+,FLT3 (2322),1.0,,True
1429,GAGACCTCCAGCTTTCCAGG,chr11_118979015_-,FOXR1 (283150),1.0,,True
1430,GAGACCTTCTGTGGTAAACG,chr3_12503473_+,TSEN2 (80746),1.0,,True
1431,GAGACTCTTGAGGAGATAGG,chr1_17825965_-,ACTL8 (81569),1.0,,True
1432,GAGAGCAGACACACAGCGCG,chr2_219246010_-,STK16 (8576),1.0,,True
1433,GAGAGCATCAGGAGTGAAAG,chr4_87662455_+,DMP1 (1758),1.0,,True
1434,GAGATCCCCCACGAAATGTA,chr1_94185391_-,ARHGAP29 (9411),1.0,,True
1435,GAGATGATCATCACCAAACA,chr2_161417093_+,TBR1 (10716),1.0,,True
1436,GAGATGATCGTGACCAAGAA,chr6_166167394_-,TBXT (6862),1.0,,True
1437,GAGATGGTGCTGGAGATGAT,chr3_63839723_-,THOC7 (80145),2.0,,True
1438,GAGATTCAAAAAAGCAACCG,chr8_86230003_+,SLC7A13 (157724),1.0,,True
1439,GAGCAAATAAAATATGCTGA,chr12_11091922_+,TAS2R43 (259289),1.0,,True
1440,GAGCACGACCACATCTACCG,chr13_98176796_-,RNF113B (140432),1.0,,True
1441,GAGCACTATGGAGTAGCGCA,chr2_55693700_-,PNPT1 (87178),1.0,,True
1442,GAGCACTCACTCGATCTGGT,chr19_6821852_-,VAV1 (7409),1.0,,True
1443,GAGCAGAAACAAATGCCAGA,chr19_46919127_+,ARHGAP35 (2909),1.0,,True
1444,GAGCAGAAATTTGACCCGAT,chr15_34342097_-,NOP10 (55505),1.0,,True
1445,GAGCAGGCAGAGAGCAGCCA,chr2_182866494_+,FRZB (2487),1.0,,True
1446,GAGCAGGTCTGTTGTCCCAT,chr15_34342093_+,NOP10 (55505),1.0,,True
1447,GAGCAGTTCGAAGGTCTGCT,chr2_182866328_-,FRZB (2487),1.0,,True
1448,GAGCATCCCAGAAGTTGCCA,chr1_156727127_-,ISG20L2 (81875),3.0,,True
1449,GAGCATCTAGAGTTTCCCTT,chr7_116699881_-,MET (4233),1.0,,True
1450,GAGCATTGCGATCATCGCCA,chr6_25923804_-,SLC17A2 (10246),1.0,,True
1451,GAGCCAGGATGAAGTCTCAA,chr5_102498798_-,SLCO6A1 (133482),1.0,,True
1452,GAGCCCTGAAAAGTCCCAAG,chr5_23509052_+,PRDM9 (56979),1.0,,True
1453,GAGCCTAGATGAGCTCATAC,chr15_59652210_-,GTF2A2 (2958),1.0,,True
1454,GAGCGAAGCAGTAATCAAGA,chr8_54625081_+,RP1 (6101),1.0,,True
1455,GAGCGGGGTTGGCATAGTAG,chr3_128486855_+,GATA2 (2624),1.0,,True
1456,GAGCGTGGTGATGAGCCCGT,chr9_130862835_-,ABL1 (25),1.0,,True
1457,GAGCTCCCGGACCTACCAGG,chr1_21981054_+,CELA3B (23436),1.0,,True
1458,GAGCTGATGGCTTCATACAT,chr12_9932284_-,CLEC2A (387836),1.0,,True
1459,GAGCTGCAAGTCGTACCCAT,chr2_237566648_+,PRLH (51052),1.0,,True
1460,GAGCTGCTCCATCAGAGACA,chr3_49101875_+,QARS1 (5859),1.0,,True
1461,GAGCTGTTCTAGATCTTCAA,chr1_160211596_-,PEA15 (8682),1.0,,True
1462,GAGCTTACCGCAAATTTCAA,chr7_155508902_+,CNPY1 (285888),1.0,,True
1463,GAGCTTCTCATGCTTCAGGT,chr7_151987280_+,GALNTL5 (168391),1.0,,True
1464,GAGGAAGCAGATAAAGCGGA,chr6_126340316_+,CENPW (387103),1.0,,True
1465,GAGGAAGGACCAGCATCGCA,chr17_5456069_+,DHX33 (56919),1.0,,True
1466,GAGGAGATAGATGAAGAAAA,chr10_110297692_-,SMNDC1 (10285),1.0,,True
1467,GAGGAGGCTGAGAGGCCACA,chr1_9014847_-,SLC2A7 (155184),1.0,,True
1468,GAGGATACCGTGACAAGAAG,chr20_45629891_+,WFDC10A (140832),1.0,,True
1469,GAGGATTGTGACATATCGCA,chr11_5581324_-,OR52B6 (340980),1.0,,True
1470,GAGGCAACGAGAAAATTGGT,chr6_132570522_-,TAAR6 (319100),1.0,,True
1471,GAGGCTTTCATTGCACACCG,chr5_44809020_+,MRPS30 (10884),1.0,,True
1472,GAGGGCATCGACCAAACCAG,chr9_92264937_-,IARS1 (3376),1.0,,True
1473,GAGGGCCACCAGTAAAGCAA,chr9_21385313_+,IFNA2 (3440),1.0,,True
1474,GAGGGGCTCTGAGGTCCCCA,chrX_48791137_-,GATA1 (2623),1.0,,True
1475,GAGGTGCTACTTCTTTACAG,chr9_5064977_-,JAK2 (3717),1.0,,True
1476,GAGTCAATCACCTATCACAA,chr11_61325653_-,DDB1 (1642),1.0,,True
1477,GAGTCATATTACAAAACCGA,chr22_41622033_+,XRCC6 (2547),2.0,,True
1478,GAGTCCACGACGATACCCGG,chr3_196503003_+,RNF168 (165918),1.0,,True
1479,GAGTCCATGCCCAATCCCGA,chr17_39710434_+,ERBB2 (2064),1.0,,True
1480,GAGTCCCTGTTCCAAAGGAT,chr1_1564892_+,SSU72 (29101),1.0,,True
1481,GAGTCCTTCGCCATAAGCAA,chr18_13681825_-,FAM210A (125228),1.0,,True
1482,GAGTCGGGAGAGCAAGGGCG,chr10_117137956_-,VAX1 (11023),1.0,,True
1483,GAGTGGTGAGGCAGTCACAA,chr10_73148337_+,ECD (11319),1.0,,True
1484,GAGTGTGGCACACTGAGCAA,chr1_152358798_-,FLG2 (388698),1.0,,True
1485,GAGTTACGTCTGCAACACGC,chr15_73884882_+,TBC1D21 (161514),1.0,,True
1486,GAGTTCACGAGGATGTTGGA,chr19_4101129_+,MAP2K2 (5605),2.0,,True
1487,GAGTTGACTAGGATGTTGGA,chr15_66481768_-,MAP2K1 (5604),1.0,,True
1488,GAGTTTGGCAAGTTCTTCCG,chr17_43484095_-,DHX8 (1659),1.0,,True
1489,GATAAATCTCAAGAAAAGCG,chr12_101312257_-,UTP20 (27340),1.0,,True
1490,GATAAATGATGGAACCTCCA,chr1_162755715_-,DDR2 (4921),1.0,,True
1491,GATAAGATGCTTGAACAGCT,chr6_31536504_-,DDX39B (7919),1.0,,True
1492,GATAATTTCATCTCTCAGGT,chr14_55002093_-,WDHD1 (11169),1.0,,True
1493,GATACTGATGAAGCTTAACA,chr11_18934531_+,MRGPRX1 (259249),1.0,,True
1494,GATATCACTGTTACGAACCA,chr1_75932159_-,ASB17 (127247),1.0,,True
1495,GATATGATCCTCATTAGCTT,chr7_143478021_+,TAS2R41 (259287),1.0,,True
1496,GATATTCCGTTCAAGACACA,chr2_29073908_-,PCARE (388939),1.0,,True
1497,GATCAAGATCAAGACCGGCG,chr5_77776217_-,TBCA (6902),1.0,,True
1498,GATCACCATCGACAAGGCGA,chr19_49009995_+,RUVBL2 (10856),1.0,,True
1499,GATCAGGAACACGTGCGAGG,chr19_41391917_-,EXOSC5 (56915),1.0,,True
1500,GATCAGGGAGAAATCATGCG,chr18_47034504_-,ELOA2 (51224),1.0,,True
1501,GATCATCATCTATTGCACAG,chr8_38419672_-,FGFR1 (2260),1.0,,True
1502,GATCCACGCTGACATCAATG,chrX_64921821_-,ZC4H2 (55906),1.0,,True
1503,GATCCAGTACAGGAAAGACA,chr22_36932887_+,CSF2RB (1439),1.0,,True
1504,GATCCCTCCAAAATCAAGTG,chr12_6536940_+,GAPDH (2597),3.0,,True
1505,GATCCTCGACTCCTGCCCAT,chr2_130345409_-,IMP4 (92856),1.0,,True
1506,GATCCTCGGCACCTTCCCGG,chr18_59273052_-,RAX (30062),1.0,,True
1507,GATCCTGAGACCAATTCCGA,chr11_90222895_-,CHORDC1 (26973),2.0,,True
1508,GATCCTGAGATCAACCCTGA,chr3_187731852_-,BCL6 (604),1.0,,True
1509,GATCCTGGCATCATATCCGG,chr5_151892343_+,GLRA1 (2741),1.0,,True
1510,GATCCTTCCAGGATACACTG,chr4_165040194_-,TRIM60 (166655),1.0,,True
1511,GATCGATCCCCAGTTCCAGG,chr12_52848617_-,KRT78 (196374),1.0,,True
1512,GATCGCCGATAAGTACCCGG,chr10_49611353_+,SLC18A3 (6572),1.0,,True
1513,GATCGTTTGTGCCCCTCCAA,chr11_128807191_-,FLI1 (2313),1.0,,True
1514,GATCTCAGTCAACTTCTGCC,chr10_42785630_-,BMS1 (9790),1.0,,True
1515,GATCTCCAGAAGTATTGCTG,chr10_60791925_+,CDK1 (983),1.0,,True
1516,GATCTCCATGGAGTGCCGAT,chr2_237566652_-,PRLH (51052),1.0,,True
1517,GATCTCCTATGCCATCCAGA,chr1_153303949_-,PGLYRP3 (114771),1.0,,True
1518,GATCTCCTTGAACTTCTCCT,chr19_14518222_+,DNAJB1 (3337),2.0,,True
1519,GATCTCGTACACCCTATCCA,chr1_54200382_-,MRPL37 (51253),1.0,,True
1520,GATCTCGTCGTTGATCCGCC,chr9_78031177_+,GNAQ (2776),2.0,,True
1521,GATCTGGGCTGGAATGGCCT,chr6_41228431_+,TREML4 (285852),1.0,,True
1522,GATCTGTCTCACGCGAGGAT,chr5_77776247_+,TBCA (6902),2.0,,True
1523,GATCTTCTACTGCCTCCTCG,chr2_37231511_+,CEBPZ (10153),1.0,,True
1524,GATGAACCTTTACCAAAACG,chr11_102186127_-,YAP1 (10413),1.0,,True
1525,GATGAAGAAAATGATCTCCG,chr18_580628_+,CETN1 (1068),1.0,,True
1526,GATGAAGTGCCCCTTGGACA,chr16_46691115_+,ORC6 (23594),1.0,,True
1527,GATGAAGTGGAGAATTGACA,chr12_10802191_-,TAS2R7 (50837),1.0,,True
1528,GATGAATGAAGAGATCAAGG,chr2_144399355_-,ZEB2 (9839),1.0,,True
1529,GATGACAGCGATGACGACGG,chr16_69749032_-,NOB1 (28987),2.0,,True
1530,GATGACGATGAAGATGACAG,chr4_87662101_+,DMP1 (1758),1.0,,True
1531,GATGAGCTCTTTGATGCCGA,chr10_13171057_+,MCM10 (55388),1.0,,True
1532,GATGAGGCAGATGTGCAGAG,chr11_92981698_-,MTNR1B (4544),1.0,,True
1533,GATGATGTAGGCCACAGGCA,chr1_153307195_+,PGLYRP3 (114771),1.0,,True
1534,GATGATGTCAGTACACCAAG,chr3_169116108_-,MECOM (2122),1.0,,True
1535,GATGATTGCCGGCAAGGTAG,chr20_34290853_-,AHCY (191),3.0,,True
1536,GATGATTTGACACTGCCTGA,chr10_102139527_+,PPRC1 (23082),1.0,,True
1537,GATGCACAGGAAGTAGAGAG,chr5_157343325_+,FNDC9 (408263),1.0,,True
1538,GATGCACTCAGTGGTCCCCA,chr6_29462085_-,OR2H1 (26716),2.0,,True
1539,GATGCACTCTGTTTGCACCA,chr4_188139920_-,TRIML1 (339976),1.0,,True
1540,GATGCCCGAGAAGAAGGCGT,chr2_29920076_-,ALK (238),1.0,,True
1541,GATGCCTGAGAAGAGCAAGG,chr5_73173361_-,TMEM174 (134288),1.0,,True
1542,GATGCGTCCAATGGTCCCAT,chr10_116553817_-,PNLIP (5406),1.0,,True
1543,GATGCTCTCCACGTTGCACA,chr7_55146650_-,EGFR (1956),1.0,,True
1544,GATGCTCTCCAGAATCACTG,chrX_101375274_+,BTK (695),1.0,,True
1545,GATGCTGTACTGTTCCCGCT,chr8_101558540_-,GRHL2 (79977),1.0,,True
1546,GATGCTTGCACATACCACCC,chr11_90218168_-,CHORDC1 (26973),2.0,,True
1547,GATGGAAGAGAAGCAGATAT,chr11_59477640_-,OR4D10 (390197),1.0,,True
1548,GATGGAGATCCAGTACTGGG,chr11_4821497_-,OR51F2 (119694),1.0,,True
1549,GATGGCCTTTGACCGATACG,chr6_29462130_+,OR2H1 (26716),1.0,,True
1550,GATGGCTCTCCTATAGCCTG,chr14_70524565_-,ADAM20 (8748),1.0,,True
1551,GATGGCTTCATACATCGGAT,chr12_9932279_-,CLEC2A (387836),1.0,,True
1552,GATGGGATAAGTTCTTCGCA,chr17_17276112_+,COPS3 (8533),1.0,,True
1553,GATGGTCAGGGACTACCTCA,chr1_43386960_+,MED8 (112950),1.0,,True
1554,GATGGTGCGGAATGAGTCCG,chr1_182953099_+,SHCBP1L (81626),1.0,,True
1555,GATGTACTCCTCGCCGTTGA,chr6_28510846_+,GPX6 (257202),1.0,,True
1556,GATGTCAGCTGGGTGTTCAT,chr17_66879018_-,CACNG5 (27091),1.0,,True
1557,GATGTCATGTTTGTAGCCAG,chr8_42756561_+,CHRNA6 (8973),1.0,,True
1558,GATGTCCACAATGGGAAACG,chr9_101594914_-,PPP3R2 (5535),1.0,,True
1559,GATGTCCCACGAGAAGCTGC,chr16_58392695_+,GINS3 (64785),1.0,,True
1560,GATGTCCCTGATCAGAAAGG,chr9_132583083_-,BARHL1 (56751),1.0,,True
1561,GATGTCCTAGCAATTAATGG,chr2_55680859_-,PNPT1 (87178),1.0,,True
1562,GATGTCTGCGATAGACAGGT,chr6_159907172_-,MAS1 (4142),1.0,,True
1563,GATGTCTTAGGAAATACAGA,chr1_91976357_-,BRDT (676),1.0,,True
1564,GATGTGCCAGAAGCAGTGCC,chr10_7787830_-,KIN (22944),1.0,,True
1565,GATGTGCCTTCTCCATGCCT,chr11_5351557_-,OR51B6 (390058),1.0,,True
1566,GATGTGCTGCAGAATGAGGA,chr11_61795528_+,FEN1 (2237),1.0,,True
1567,GATGTGGTCCTGTTTGGAAG,chr6_55351279_+,GFRAL (389400),1.0,,True
1568,GATGTTCACTAAATGAGGCT,chr4_145081684_+,ANAPC10 (10393),2.0,,True
1569,GATGTTCTCCAAACTCTGGG,chr18_50251644_-,CFAP53 (220136),1.0,,True
1570,GATGTTGCGGAAACGAGCCA,chr1_151400075_-,PSMB4 (5692),1.0,,True
1571,GATGTTGGACGGCATCAAGA,chr9_126614534_+,LMX1B (4010),1.0,,True
1572,GATTAGGCTGAAGACCAAGA,chr17_37376105_-,C17orf78 (284099),1.0,,True
1573,GATTCAAGTCCTATGCTCAG,chr9_104095429_+,SMC2 (10592),1.0,,True
1574,GATTCCAGCTGAATTAAGGG,chr3_158652133_+,GFM1 (85476),1.0,,True
1575,GATTCTTCAGGAACTCAGAG,chr6_73362836_-,KHDC3L (154288),1.0,,True
1576,GATTGCAGATGGCAACAAAA,chr6_29374925_+,OR12D3 (81797),1.0,,True
1577,GATTGCATACCACCGATCCA,chr6_55255184_-,HCRTR2 (3062),1.0,,True
1578,GATTGCGCTGAACGTGGACG,chr16_22309003_+,POLR3E (55718),1.0,,True
1579,GATTGGGAACTGGAACCCTG,chr3_156677853_+,TIPARP (25976),1.0,,True
1580,GATTGTGCTGAATAGTCTGA,chr3_139373239_+,COPB2 (9276),1.0,,True
1581,GATTTCCGCAGATTGGAAGG,chr5_159097087_+,EBF1 (1879),1.0,,True
1582,GATTTCTGATGAAAAAGACG,chr19_10162680_-,DNMT1 (1786),1.0,,True
1583,GATTTCTGTGAAAGTGACCA,chr1_236595971_-,HEATR1 (55127),1.0,,True
1584,GCAAAAAGATCCATGCCCAG,chr5_43297014_-,HMGCS1 (3157),1.0,,True
1585,GCAAAATCTAGCCATCTGGT,chr1_204411129_+,PPP1R15B (84919),1.0,,True
1586,GCAAACAAGCCAATCCCAGG,chr2_144517290_-,ZEB2 (9839),1.0,,True
1587,GCAAACACTCAAGATTCAGG,chr4_87662539_+,DMP1 (1758),1.0,,True
1588,GCAAACAGATAACAACCCTA,chr11_108185275_-,NPAT (4863),1.0,,True
1589,GCAAACAGTTTCCAATTGAG,chr2_186837322_-,ZSWIM2 (151112),1.0,,True
1590,GCAAACGCCTAGGTGCCGAA,chr3_137764916_+,SOX14 (8403),1.0,,True
1591,GCAAACTCTTTCCTGCACAG,chr2_186837460_+,ZSWIM2 (151112),1.0,,True
1592,GCAAAGGCAGTCAAAGACAG,chrX_136745227_-,ARHGEF6 (9459),1.0,,True
1593,GCAAAGGCCGAGAGGAGCGG,chr1_179575769_-,NPHS2 (7827),1.0,,True
1594,GCAAAGGGACTACCACCAGC,chr16_70509235_-,COG4 (25839),1.0,,True
1595,GCAAATTCTCAAGCGACAAG,chr1_174448577_-,GPR52 (9293),1.0,,True
1596,GCAAATTGATCACTTCCCAG,chr22_36587509_-,CACNG2 (10369),1.0,,True
1597,GCAAATTTACTGAATGCAAG,chr5_23521096_+,PRDM9 (56979),1.0,,True
1598,GCAACATGTTTCATTCAGGA,chr18_13681800_-,FAM210A (125228),1.0,,True
1599,GCAACATTATCATCAAGCAA,chrX_14020458_-,GEMIN8 (54960),4.0,,True
1600,GCAACCATTCAACCTCCCTA,chr2_113242740_-,PAX8 (7849),1.0,,True
1601,GCAACGTCACCAGTTTCCAG,chr11_31509871_+,ELP4 (26610),1.0,,True
1602,GCAACTCTACAGACTGGACG,chr22_42516098_+,RRP7A (27341),1.0,,True
1603,GCAAGAAAGAGCCCACAGAA,chr6_159907421_-,MAS1 (4142),1.0,,True
1604,GCAAGAAGAAATTAAAAAGA,chr15_44551517_+,EIF3J (8669),2.0,,True
1605,GCAAGAAGCAACTATCTCTG,chr6_29427361_-,OR11A1 (26531),1.0,,True
1606,GCAAGATTATAATCAGGAAG,chr16_85903166_+,IRF8 (3394),1.0,,True
1607,GCAAGCACTGAGGAGTGCAA,chr12_8457951_-,CLEC6A (93978),1.0,,True
1608,GCAAGCCTTGAGGAGAACCA,chr7_74243211_-,RFC2 (5982),1.0,,True
1609,GCAAGGCCGGAAAAGGCCTT,chr6_26246947_-,H4C7 (8369),1.0,,True
1610,GCAAGGGCCATTCTCAAAGA,chr6_41909456_+,MED20 (9477),1.0,,True
1611,GCAAGGTACTCACAGCCCCA,chr9_130880536_-,ABL1 (25),1.0,,True
1612,GCAAGTCCTGTGAAAGACCC,chr11_6921096_-,OR2D3 (120775),1.0,,True
1613,GCAAGTGTACTGCAGCAGCA,chrX_71556732_+,OGT (8473),1.0,,True
1614,GCAAGTGTAGATAAAGTATT,chr17_57258317_+,MSI2 (124540),1.0,,True
1615,GCAAGTTGGAACTTGAACAC,chr11_62192123_-,SCGB1D1 (10648),1.0,,True
1616,GCAATCATAGGAATTGCAAT,chr4_68098918_-,TMPRSS11F (389208),1.0,,True
1617,GCAATGCCACCCATGCCCTG,chr17_48728394_-,HOXB13 (10481),1.0,,True
1618,GCAATGCTAGGCAGACCTGG,chr16_5075396_-,ALG1 (56052),1.0,,True
1619,GCAATTATAAACTTGGAGCA,chr21_39181808_+,PSMG1 (8624),1.0,,True
1620,GCAATTCTCAGATCAATGTG,chr12_64747754_-,GNS (2799),1.0,,True
1621,GCAATTGCCCAAAAGCACCA,chr11_5200561_+,OR51V1 (283111),1.0,,True
1622,GCAATTGTATGTCAGCAGCT,chr4_145110439_+,ABCE1 (6059),2.0,,True
1623,GCACAAACAGGGGCACCAGG,chr22_37103286_+,TMPRSS6 (164656),1.0,,True
1624,GCACAAACAGTCCAGCATGA,chr17_42773824_+,VPS25 (84313),1.0,,True
1625,GCACAATGATCCAGTTCCAG,chr1_18854861_+,TAS1R2 (80834),1.0,,True
1626,GCACAATTCCCACTTTCCAG,chr3_184038125_-,HTR3D (200909),1.0,,True
1627,GCACACTAAGAAGATAAAGA,chr3_128055558_-,SEC61A1 (29927),2.0,,True
1628,GCACAGATGCACACAAACAG,chr4_70474039_-,MUC7 (4589),1.0,,True
1629,GCACAGCTGGAGCAACGACT,chr1_158181574_+,CD1D (912),1.0,,True
1630,GCACAGGAAGAACTTGAGAT,chr10_35641179_+,FZD8 (8325),1.0,,True
1631,GCACAGTGCGGAGAGCAGGA,chr1_42164699_+,GUCA2A (2980),1.0,,True
1632,GCACATCGAGAATATCAGGC,chrX_71536238_+,OGT (8473),1.0,,True
1633,GCACATCTCTGAGCTCCGGC,chr17_43493482_+,DHX8 (1659),1.0,,True
1634,GCACATTTACAGCTGAAGGA,chrX_136706937_+,ARHGEF6 (9459),1.0,,True
1635,GCACCACTGGACGTTTGCAG,chr22_20086083_-,DGCR8 (54487),1.0,,True
1636,GCACCAGCAACGGGACGGCA,chr6_10410305_-,TFAP2A (7020),1.0,,True
1637,GCACCAGCAGTAGCAGCGCT,chr12_64759202_+,GNS (2799),1.0,,True
1638,GCACCAGCGGACACACCGGG,chr16_30397977_+,ZNF48 (197407),1.0,,True
1639,GCACCAGGAGGTGTCTTGTT,chr4_145096084_+,ANAPC10 (10393),1.0,,True
1640,GCACCATGCTGGGCCTGCCG,chr20_23568438_-,CST9L (128821),1.0,,True
1641,GCACCATTGATAAAAACAGG,chr6_151880707_+,ESR1 (2099),1.0,,True
1642,GCACCCAAAGAACTCAGCTT,chr3_124737934_+,UMPS (7372),1.0,,True
1643,GCACCCAGCATGCTTCGCCG,chr2_186849122_-,ZSWIM2 (151112),1.0,,True
1644,GCACCCCTACCTTCTCCACT,chr17_41489831_-,KRT36 (8689),1.0,,True
1645,GCACCCTGCCAGCAACACCG,chr16_27495387_-,GTF3C1 (2975),1.0,,True
1646,GCACCGCCACCATTGCACCA,chr14_103530046_-,TRMT61A (115708),1.0,,True
1647,GCACCGTTACGAGGAGAGCG,chr5_44809467_+,MRPS30 (10884),1.0,,True
1648,GCACCTACAAGGAGGCCTTT,chr1_154929122_-,PMVK (10654),1.0,,True
1649,GCACCTCTCTCTAGGCCCCG,chr6_31792513_-,VARS1 (7407),1.0,,True
1650,GCACCTGAAGAAAAACCCCA,chr19_1489797_-,PCSK4 (54760),1.0,,True
1651,GCACCTGAAGGAATACAAGC,chrX_64921896_-,ZC4H2 (55906),1.0,,True
1652,GCACCTGGCTGACCGCCTCG,chr17_72121615_-,SOX9 (6662),1.0,,True
1653,GCACCTGGCTGACGGCCTCG,chr22_37983563_+,SOX10 (6663),1.0,,True
1654,GCACCTGGTGGACTTCCTGG,chr12_32755318_-,YARS2 (51067),1.0,,True
1655,GCACCTTCTACCGCTGGCGG,chr14_74357680_+,VRTN (55237),1.0,,True
1656,GCACCTTCTGAAGCAATCCG,chr1_204411184_+,PPP1R15B (84919),1.0,,True
1657,GCACCTTGCTGTACACCATG,chr5_161873332_+,GABRA1 (2554),1.0,,True
1658,GCACGACCTGAACCTAGCCA,chr6_137493866_-,OLIG3 (167826),1.0,,True
1659,GCACGCCACAGAGTAATGGA,chr12_49999176_-,RACGAP1 (29127),1.0,,True
1660,GCACGGAGAGGATCACCAGG,chr11_92969904_-,MTNR1B (4544),1.0,,True
1661,GCACGGATCCGCTGTCCCAA,chr2_79158723_-,REG3A (5068),1.0,,True
1662,GCACGGCACTCAGGTAGGGG,chr3_9797675_-,ARPC4 (10093),1.0,,True
1663,GCACGGCTCAAGCTGGCGTA,chr2_95115162_+,MRPS5 (64969),1.0,,True
1664,GCACGGGTGCCTGCAGGCGA,chr12_4445456_+,FGF6 (2251),1.0,,True
1665,GCACGTACATGTTGCCCACG,chr2_43852406_-,ABCG8 (64241),1.0,,True
1666,GCACGTCCTCGATACCCCCA,chr11_47359887_-,SPI1 (6688),1.0,,True
1667,GCACGTTGTCTAGTTCTAAA,chr1_94205182_+,ARHGAP29 (9411),1.0,,True
1668,GCACTCACTGCGGATCTCCA,chr2_237566664_-,PRLH (51052),1.0,,True
1669,GCACTCCCAGAACTTCACGC,chrX_65524172_-,LAS1L (81887),1.0,,True
1670,GCACTCGCTGGATCTCTTGG,chr1_162754831_+,DDR2 (4921),1.0,,True
1671,GCACTCTGCTGTGTCGCCCG,chr13_27793000_+,GSX1 (219409),1.0,,True
1672,GCACTGAAGTAAGTGCTGAG,chr4_79407765_+,GK2 (2712),1.0,,True
1673,GCACTGCTCACAGAGCCCAC,chrX_78117410_+,PGK1 (5230),1.0,,True
1674,GCACTGGCCCCACAGAGCCA,chr5_138177635_-,BRD8 (10902),1.0,,True
1675,GCACTTCTATGATCTTGTCG,chr16_20032494_+,GPR139 (124274),1.0,,True
1676,GCACTTGGTAAGATTCCCAC,chr13_31758320_-,RXFP2 (122042),1.0,,True
1677,GCACTTTGACCGAAGCGCCC,chr17_7043365_-,SLC16A11 (162515),1.0,,True
1678,GCAGAACCTGAGTTTGACAG,chr17_80892860_+,RPTOR (57521),1.0,,True
1679,GCAGAAGGACAACCAGGAGG,chr6_30137064_+,TRIM40 (135644),1.0,,True
1680,GCAGAAGTGTGTGAAGTGCA,chr16_88707158_+,CTU2 (348180),1.0,,True
1681,GCAGACAGTTACTCACAGAG,chr12_8847697_-,A2ML1 (144568),1.0,,True
1682,GCAGACTTCCTCTTCCTCAG,chr11_18934557_-,MRGPRX1 (259249),2.0,,True
1683,GCAGAGAAAGAAGTACATCG,chr20_56249060_-,MC3R (4159),1.0,,True
1684,GCAGAGATCAGCATGTATTG,chr17_17267904_+,COPS3 (8533),1.0,,True
1685,GCAGAGATCCTGGCTATAGA,chr18_31401015_+,DSG4 (147409),1.0,,True
1686,GCAGAGCACCAAAGCACCGA,chr16_88712642_-,CTU2 (348180),1.0,,True
1687,GCAGAGTGCTGGCGGCCCAG,chr13_27792975_-,GSX1 (219409),1.0,,True
1688,GCAGAGTTCTGGAAATTCAG,chr12_125073945_+,AACS (65985),1.0,,True
1689,GCAGAGTTGGAAAAATATGA,chr5_43298849_-,HMGCS1 (3157),1.0,,True
1690,GCAGATAAAACCAAAAACCG,chr10_50836144_-,A1CF (29974),1.0,,True
1691,GCAGATCATCACCACAGCCC,chr17_34363142_-,CCL1 (6346),1.0,,True
1692,GCAGATGGACCGCTTCCGGG,chr12_125065681_+,AACS (65985),1.0,,True
1693,GCAGATTTCTCAGATCGTAT,chr12_57535532_-,DCTN2 (10540),1.0,,True
1694,GCAGCAAGATCATGGCCAGG,chr22_38468274_-,KDELR3 (11015),1.0,,True
1695,GCAGCACAAGAAGGACCACC,chr17_72122792_+,SOX9 (6662),1.0,,True
1696,GCAGCACTAGCGAGTCCACC,chr13_27792710_-,GSX1 (219409),1.0,,True
1697,GCAGCAGAATGAGAGTGCAG,chr2_127853027_-,POLR2D (5433),1.0,,True
1698,GCAGCAGACATCCTTTCAGA,chr6_89894914_-,GJA10 (84694),1.0,,True
1699,GCAGCAGCAATGCCATTGCA,chrX_40692804_+,MED14 (9282),1.0,,True
1700,GCAGCAGCAGCAGTAGCAGT,chr6_41335902_-,NCR2 (9436),2.0,,True
1701,GCAGCAGCGGGGGCTGCGGG,chr14_23321510_+,PABPN1 (8106),1.0,,True
1702,GCAGCAGCTCTACCGCCACA,chr11_47359923_-,SPI1 (6688),1.0,,True
1703,GCAGCAGCTTGAGCTCCCGG,chr9_78031122_+,GNAQ (2776),2.0,,True
1704,GCAGCAGCTTGAGCTCGCGC,chr19_3094764_-,GNA11 (2767),1.0,,True
1705,GCAGCAGGAGAAGGCCAAGG,chr19_33302140_-,CEBPA (1050),1.0,,True
1706,GCAGCAGTGGAAGAAACAGG,chr5_62485431_+,IPO11 (51194),1.0,,True
1707,GCAGCATGGACGCTCCCAGG,chr6_73362741_+,KHDC3L (154288),1.0,,True
1708,GCAGCCATGGAGTTGCAGAA,chr1_153728645_+,INTS3 (65123),1.0,,True
1709,GCAGCCCACAGCGCGCACCG,chr2_95121778_+,MRPS5 (64969),1.0,,True
1710,GCAGCCCAGGACTCACCGCT,chr20_62218491_+,HRH3 (11255),1.0,,True
1711,GCAGCCCTCTTTGCGCCCTA,chr11_66616791_+,RBM14 (10432),1.0,,True
1712,GCAGCCGGCTGGAAACCGTA,chr17_57849986_-,MRPS23 (51649),1.0,,True
1713,GCAGCCTGTGGGGATGACAA,chr21_33550789_+,SON (6651),1.0,,True
1714,GCAGCGCCTGGAGCCCTACG,chr11_116821645_-,APOA4 (337),1.0,,True
1715,GCAGCGCGCCCGCCACCCCG,chr19_29213056_+,UQCRFS1 (7386),2.0,,True
1716,GCAGCGGCAGAGAGGCCCAG,chr17_45845856_-,SPPL2C (162540),1.0,,True
1717,GCAGCGGGCCCACTATAAGA,chr5_16465595_-,ZNF622 (90441),1.0,,True
1718,GCAGCGTGTGGTCCGCCATG,chr12_57771994_+,METTL1 (4234),1.0,,True
1719,GCAGCTAGATTCACTTCTAG,chr12_52775457_-,KRT76 (51350),1.0,,True
1720,GCAGCTCCGAGTCTTCCAAG,chr17_5456010_-,DHX33 (56919),1.0,,True
1721,GCAGCTCCTGGACATCCGGG,chr3_126510759_+,UROC1 (131669),1.0,,True
1722,GCAGCTGCCGAAGAGCACTA,chr17_74941909_-,OTOP3 (347741),1.0,,True
1723,GCAGCTGGAGAAAGTGGTAG,chr16_13920302_-,ERCC4 (2072),1.0,,True
1724,GCAGCTGGAGAACCACCAGC,chrX_40735384_-,MED14 (9282),1.0,,True
1725,GCAGCTGGCCTACTCCCAGT,chr20_56631367_+,TFAP2C (7022),1.0,,True
1726,GCAGCTGGTGCAGTTTCAAG,chr14_20556990_-,RNASE9 (390443),1.0,,True
1727,GCAGCTGGTGGGCTCACAGT,chr21_30440493_-,KRTAP15-1 (254950),1.0,,True
1728,GCAGCTGTCCTGCAAAAAGA,chr12_117860388_-,KSR2 (283455),1.0,,True
1729,GCAGGACAAGAGAATCCAGT,chr1_173830760_+,DARS2 (55157),1.0,,True
1730,GCAGGACTACAACCGCGAGG,chr6_393345_+,IRF4 (3662),1.0,,True
1731,GCAGGACTCGTAATTTCCCT,chr10_37141974_-,ANKRD30A (91074),1.0,,True
1732,GCAGGAGAGCCAGAGGAGCG,chr20_58840200_-,GNAS (2778),1.0,,True
1733,GCAGGAGCCTGGCAGCACCA,chr22_37823572_+,GALR3 (8484),1.0,,True
1734,GCAGGAGGAAGTGCGCCGCG,chr22_42519759_-,RRP7A (27341),1.0,,True
1735,GCAGGAGGAGAGAGAAACGC,chr18_46104436_+,HAUS1 (115106),1.0,,True
1736,GCAGGAGGAGGAGCAGAGAA,chr6_34767948_-,SNRPC (6631),1.0,,True
1737,GCAGGAGGTGACCAAAGCAG,chr9_108862533_+,ACTL7A (10881),1.0,,True
1738,GCAGGCAGACAGAAACTCCT,chr11_62831056_+,STX5 (6811),1.0,,True
1739,GCAGGCAGTGAATCGGAAAG,chr5_16465352_-,ZNF622 (90441),1.0,,True
1740,GCAGGCCACAGCCAAGACAG,chr12_53314364_+,AAAS (8086),1.0,,True
1741,GCAGGCGACTGGGTTGGAGA,chr2_97647105_+,COX5B (1329),1.0,,True
1742,GCAGGCGTACGGATGCTGGA,chr19_1487300_-,PCSK4 (54760),1.0,,True
1743,GCAGGCTTAACTGACCAACC,chr11_124441026_-,OR8B8 (26493),1.0,,True
1744,GCAGGGACAGATGCGCCGGA,chr19_45025698_+,RELB (5971),1.0,,True
1745,GCAGGGATCTGGGAAAGCAC,chr1_68444809_+,RPE65 (6121),1.0,,True
1746,GCAGGGCAGCGCAGTCTCCA,chr3_187197536_-,RTP1 (132112),1.0,,True
1747,GCAGGGGAAATGCAAACACA,chr13_30642646_-,USPL1 (10208),1.0,,True
1748,GCAGGTACCACTGAGGTGCG,chr2_28894867_-,WDR43 (23160),1.0,,True
1749,GCAGGTAGCCACCACAGGAG,chr21_30396127_-,KRTAP13-1 (140258),1.0,,True
1750,GCAGGTAGTCGGTCCCCAAG,chr1_182057587_+,ZNF648 (127665),1.0,,True
1751,GCAGGTCTTCATCAAGCCCG,chr20_56248967_+,MC3R (4159),1.0,,True
1752,GCAGGTGACCCGGGACCGGG,chr21_43789708_+,RRP1 (8568),1.0,,True
1753,GCAGGTGGAGAGTTATGACG,chr19_10154676_-,DNMT1 (1786),1.0,,True
1754,GCAGGTGTACACCAGCCCCG,chr7_76480555_+,DTX2 (113878),2.0,,True
1755,GCAGTACCGGAAGCAGCGAA,chr9_122820560_-,PDCL (5082),1.0,,True
1756,GCAGTAGCCGGCATGCCGGG,chr14_37592526_-,FOXA1 (3169),1.0,,True
1757,GCAGTCAGATTGGGGATGAT,chr9_113284327_+,PRPF4 (9128),1.0,,True
1758,GCAGTCTGGAAAATACGCGG,chr10_30336924_+,MTPAP (55149),1.0,,True
1759,GCAGTCTTCCAAGCTCAGTG,chr8_39584648_-,ADAM18 (8749),1.0,,True
1760,GCAGTTCAATTCCTCCACAG,chr5_135446839_-,DCANP1 (140947),1.0,,True
1761,GCAGTTCTTGAGCGGCACCA,chrX_47089818_+,RGN (9104),1.0,,True
1762,GCAGTTGGAGACAGAGCAGA,chr9_122823143_-,PDCL (5082),1.0,,True
1763,GCAGTTGGTCTTCGGCAGCG,chr4_1799301_+,FGFR3 (2261),1.0,,True
1764,GCATACTCTTGCATGAACGT,chr8_86230143_-,SLC7A13 (157724),1.0,,True
1765,GCATAGGAAGAGCCAGCAGC,chr20_31368664_-,DEFB118 (117285),2.0,,True
1766,GCATATATTCGACTACACAA,chr3_101665024_-,ZBTB11 (27107),1.0,,True
1767,GCATATATTCTAGAACCACA,chr4_55871104_+,EXOC1 (55763),1.0,,True
1768,GCATCAATGGAGCACATACA,chr3_12618710_-,RAF1 (5894),1.0,,True
1769,GCATCACCACCCGCACCACC,chr13_27968633_-,CDX2 (1045),1.0,,True
1770,GCATCACTCACTCATTCACC,chr22_36923361_-,CSF2RB (1439),1.0,,True
1771,GCATCTGTCACATAACTGAG,chr2_199381782_+,SATB2 (23314),1.0,,True
1772,GCATGAGACTTCTCTGTGAG,chr19_51265597_+,SIGLECL1 (284369),1.0,,True
1773,GCATGATGGTGAATCCCAGG,chr6_132617930_+,TAAR2 (9287),1.0,,True
1774,GCATGATTCCAAACTGACAG,chr13_103066028_+,SLC10A2 (6555),1.0,,True
1775,GCATGCTTATCCATGTTAGC,chr10_103174907_+,NT5C2 (22978),1.0,,True
1776,GCATGGAAATGCTAACAGCG,chr13_31761777_+,RXFP2 (122042),1.0,,True
1777,GCATGGACTGGGTCAAGAAG,chr12_10802459_-,TAS2R7 (50837),1.0,,True
1778,GCATGGCATCAAGCACCCGG,chr20_35697792_+,NFS1 (9054),1.0,,True
1779,GCATGGCCAACGACAGCGCG,chr16_5072007_-,ALG1 (56052),1.0,,True
1780,GCATGGCCAAGCACTCCCAA,chr11_102702843_+,MMP27 (64066),1.0,,True
1781,GCATGGTTGACCGTTCTGGA,chr8_38421801_-,FGFR1 (2260),1.0,,True
1782,GCATGTCTCAGGCCACCAAG,chr11_66000374_-,EIF1AD (84285),1.0,,True
1783,GCATGTGTGGAGACAGAAGA,chr2_113074825_+,IL1F10 (84639),1.0,,True
1784,GCATGTTGTAATGCAGTGGG,chr19_15741781_-,OR10H3 (26532),1.0,,True
1785,GCATTGGCCGGAGTGGGCAG,chr10_49610992_-,SLC18A3 (6572),1.0,,True
1786,GCATTTATATCCATCAGTAC,chr3_112827664_+,CD200R1L (344807),1.0,,True
1787,GCATTTCCACAAGGTGGTAG,chr12_69257813_+,CPSF6 (11052),1.0,,True
1788,GCATTTCTCTTCGGGATCCA,chr4_73486018_-,AFM (173),1.0,,True
1789,GCATTTGGAGGACTTCCCTA,chr5_161875603_+,GABRA1 (2554),1.0,,True
1790,GCCAAGACAGAGGCACTAAG,chr12_53314374_+,AAAS (8086),1.0,,True
1791,GCCAAGAGAGAATCCAGCAT,chr19_29971222_+,URI1 (8725),1.0,,True
1792,GCCAAGATGAGAGGGAACTG,chr2_100470509_-,NMS (129521),1.0,,True
1793,GCCAAGCCAGAGAAGACCCG,chr16_21205760_+,ZP2 (7783),1.0,,True
1794,GCCAAGCCAGTCCCTCTCCG,chr17_39606420_-,NEUROD2 (4761),1.0,,True
1795,GCCACAACAGGAGTTTACCA,chr17_41118311_+,KRTAP4-11 (653240),1.0,,True
1796,GCCACACTCACCACACACAG,chr16_30397587_-,ZNF48 (197407),1.0,,True
1797,GCCACAGTCCCTCAACCCCA,chr22_25221478_+,CRYBB2 (1415),1.0,,True
1798,GCCACATTAGAGGACAACAC,chr8_86887606_+,CNBD1 (168975),1.0,,True
1799,GCCACCACACAGCCGACGAA,chr20_35529160_-,C20orf173 (140873),1.0,,True
1800,GCCACCTTCTCCAGGAAGGA,chr13_98177211_-,RNF113B (140432),1.0,,True
1801,GCCACGAAACAAAAGAACAG,chr4_7064181_-,GRPEL1 (80273),1.0,,True
1802,GCCACGTCTGTGGCTCAGGA,chr3_138131120_+,A4GNT (51146),1.0,,True
1803,GCCACTTTCCCAGTTCACCC,chr12_4445356_+,FGF6 (2251),1.0,,True
1804,GCCAGAATCTCAATTTCCCG,chr5_113434662_+,TSSK1B (83942),1.0,,True
1805,GCCAGAGCTGGAGTACGCGG,chr3_132722096_-,NPHP3 (27031),1.0,,True
1806,GCCAGCAGCAGGAAGCAGGG,chr20_1491311_+,SIRPB2 (284759),1.0,,True
1807,GCCAGCGTGACCAACGACAG,chr11_31509906_+,ELP4 (26610),1.0,,True
1808,GCCAGCTCTTACCTGGGCCG,chr16_88706593_-,CTU2 (348180),1.0,,True
1809,GCCAGGACAGAGACCTCTGT,chr9_6328621_+,TPD52L3 (89882),1.0,,True
1810,GCCAGGATGCACTTGCTCAG,chr10_84225429_-,LRIT2 (340745),1.0,,True
1811,GCCAGTACCTTGAAAGCGAT,chr21_34886851_+,RUNX1 (861),1.0,,True
1812,GCCAGTACTCACCCAAGAGA,chr6_41228785_+,TREML4 (285852),2.0,,True
1813,GCCAGTCGAGATACAGTCCG,chr18_13682056_+,FAM210A (125228),1.0,,True
1814,GCCATCATCTGGAAATACGG,chr3_138124804_-,A4GNT (51146),1.0,,True
1815,GCCATGGCTCAGCAGCACGA,chr1_26921910_+,NUDC (10726),2.0,,True
1816,GCCATGGGAGCCGTGACTGA,chr3_63863776_-,THOC7 (80145),1.0,,True
1817,GCCCACCAGCAATTCCCAAA,chr7_128359696_+,PRRT4 (401399),1.0,,True
1818,GCCCACCCAGAAGCAGCCCG,chr14_68790236_-,ZFP36L1 (677),1.0,,True
1819,GCCCAGATGTTCTTTCTACA,chr11_4821738_+,OR51F2 (119694),1.0,,True
1820,GCCCAGGGCAGCGCGCCGCG,chr2_176099939_-,HOXD12 (3238),1.0,,True
1821,GCCCATGTACAGGCACGCAG,chr13_27920238_-,PDX1 (3651),1.0,,True
1822,GCCCCACCCGGAGTTCAGCG,chr20_63674072_+,RTEL1 (51750),1.0,,True
1823,GCCCCTACCTGAGTGCCGTG,chr3_9797688_+,ARPC4 (10093),1.0,,True
1824,GCCCCTCACCTGGTAAACCG,chr16_20073497_+,GPR139 (124274),1.0,,True
1825,GCCCGAAGCAGAAATCCCGG,chr1_168179109_-,TIPRL (261726),1.0,,True
1826,GCCCGACGAGTCCGAATGAG,chr13_112554075_+,TUBGCP3 (10426),1.0,,True
1827,GCCCGTCGCAATAAACCAGC,chr10_21534760_-,MLLT10 (8028),1.0,,True
1828,GCCCGTTCTGAACGCCGTCG,chr4_163166507_-,NAF1 (92345),1.0,,True
1829,GCCCTCCCAAGTTCAAGCAG,chr12_14978093_+,PDE6H (5149),1.0,,True
1830,GCCCTTACCTTGACTGGACG,chrX_155027062_-,FUNDC2 (65991),1.0,,True
1831,GCCGAACAAGCAAAGAACAG,chr3_12618519_-,RAF1 (5894),1.0,,True
1832,GCCGACAAGATGAAGAACCG,chr4_40438315_-,RBM47 (54502),1.0,,True
1833,GCCGCCTTCGGCTTTCCCCG,chr19_33302313_-,CEBPA (1050),1.0,,True
1834,GCCGCGTCAGTGTTGCGGCG,chr13_21603971_-,MICU2 (221154),1.0,,True
1835,GCCGCTGGAAGGATTCCCGA,chr19_47802830_+,TPRX1 (284355),1.0,,True
1836,GCCGCTGGAGGCCAATCCCG,chr13_75549857_+,UCHL3 (7347),1.0,,True
1837,GCCGGGATTTAAATTCACGG,chr15_70096224_-,TLE3 (7090),1.0,,True
1838,GCCGGGGACTGGCTGCCGCG,chr9_99221667_-,ALG2 (85365),1.0,,True
1839,GCCGTTGTCGAACATGTCTG,chr1_47416772_-,FOXE3 (2301),1.0,,True
1840,GCCTAATCTCGTCGCCCACG,chr4_54695593_-,KIT (3815),1.0,,True
1841,GCCTAATGAAGAACTCTCCA,chr2_27367782_-,EIF2B4 (8890),1.0,,True
1842,GCCTATGCAGATGGAATAGA,chr6_132617642_-,TAAR2 (9287),1.0,,True
1843,GCCTCAGCCATGATGATCCA,chr1_168179085_+,TIPRL (261726),1.0,,True
1844,GCCTCATGTTTGAGTCCAGT,chr11_63370292_-,SLC22A9 (114571),1.0,,True
1845,GCCTCCTTACCGCCTCCTCG,chr2_9843552_-,TAF1B (9014),1.0,,True
1846,GCCTCGAACGATCAGCTCCG,chr5_157343358_-,FNDC9 (408263),1.0,,True
1847,GCCTCTGCTTGAACTTGGGA,chr12_14978083_-,PDE6H (5149),1.0,,True
1848,GCCTCTGTCCCTTTCCCGGA,chr19_48617320_-,RPL18 (6141),1.0,,True
1849,GCCTGACCTGGAGGGTCCCG,chr22_39532515_+,RPS19BP1 (91582),1.0,,True
1850,GCCTGCCCACCGCAGCCCGC,chr22_19150152_-,GSC2 (2928),1.0,,True
1851,GCCTGTCCTTCTTCAAACCA,chr22_43972975_+,SAMM50 (25813),1.0,,True
1852,GCCTTAGGACACCTTCATGA,chr19_41088646_-,CYP2A13 (1553),1.0,,True
1853,GCCTTCCTCAAGGAGCCGCA,chr10_117137916_-,VAX1 (11023),1.0,,True
1854,GCCTTCCTGAATTTGAAGAG,chr17_40406638_-,TOP2A (7153),1.0,,True
1855,GCCTTCTGAGAGCTACCAGC,chr1_151185575_+,VPS72 (6944),1.0,,True
1856,GCCTTGCTGTGCTACAACCG,chr11_90222934_-,CHORDC1 (26973),3.0,,True
1857,GCCTTGGTGCCATCATACAG,chr17_45845089_-,SPPL2C (162540),1.0,,True
1858,GCGAAGATGGCGGAGAACAG,chr1_161118015_-,PFDN2 (5202),1.0,,True
1859,GCGAGAGTCAAAGATCTCCC,chr1_8874880_+,ENO1 (2023),1.0,,True
1860,GCGAGCCAGCAGCCTCCACA,chr11_59810654_+,MRPL16 (54948),1.0,,True
1861,GCGAGCCCTCAGGGCCTGCG,chr2_97646129_-,COX5B (1329),1.0,,True
1862,GCGAGCGGCATGAACATGAG,chr14_36517983_-,NKX2-1 (7080),1.0,,True
1863,GCGAGCTTCGTCCTCATGCA,chr5_113434514_+,TSSK1B (83942),1.0,,True
1864,GCGAGTGCCGGGAAGAAGGA,chr17_61400284_-,TBX2 (6909),1.0,,True
1865,GCGATGTCCGAACAGCCTGA,chr16_24906712_-,SLC5A11 (115584),1.0,,True
1866,GCGATTATCCCCAGTCTTGG,chr9_108862644_-,ACTL7A (10881),1.0,,True
1867,GCGCACACTGACGTCTTGGA,chr22_19806733_+,GNB1L (54584),1.0,,True
1868,GCGCACGGCTGCTTCCCGGA,chr1_234609294_-,IRF2BP2 (359948),1.0,,True
1869,GCGCACGTAGGCGCAGACGG,chr9_99221632_+,ALG2 (85365),1.0,,True
1870,GCGCAGAGTGAGGATGGCCA,chr10_47349436_-,RBP3 (5949),1.0,,True
1871,GCGCAGCAGCAAAGGATGAG,chr11_73787973_+,MRPL48 (51642),1.0,,True
1872,GCGCAGCGCAGGACCCCAGG,chr10_97319777_-,FRAT1 (10023),1.0,,True
1873,GCGCATCATGGCCAAGACGT,chr3_62372753_-,FEZF2 (55079),1.0,,True
1874,GCGCCACCATAACCAAAGTA,chr10_119070983_-,EIF3A (8661),1.0,,True
1875,GCGCCCGCCATGGAACCGGA,chr2_214809486_-,BARD1 (580),1.0,,True
1876,GCGCCCTCACCTGTGCCATA,chr11_5580878_-,OR52B6 (340980),1.0,,True
1877,GCGCCTGCACTGACTCTTGG,chr21_44637465_+,KRTAP10-10 (353333),1.0,,True
1878,GCGCCTGGATAAATTCTACA,chr21_43793399_+,RRP1 (8568),1.0,,True
1879,GCGCGAGTCCGCGGAAGCCA,chr3_133805852_-,SRPRB (58477),1.0,,True
1880,GCGCGCCTGGGAGACCCGAG,chr12_32755509_-,YARS2 (51067),1.0,,True
1881,GCGCGGATAACAGCTCCCTG,chr3_189864315_-,TP63 (8626),1.0,,True
1882,GCGCGGCGCGGCGATGGCGG,chr2_127858096_-,POLR2D (5433),1.0,,True
1883,GCGCGTGGTACTGCATACGG,chr16_5071992_-,ALG1 (56052),1.0,,True
1884,GCGCTATGGGCCCTACAGCG,chr10_49679740_+,C10orf53 (282966),1.0,,True
1885,GCGCTCTCCGATGACGAGCA,chr4_188139884_+,TRIML1 (339976),1.0,,True
1886,GCGCTGACGCTGCCTCCCAA,chr12_114683057_-,TBX3 (6926),1.0,,True
1887,GCGCTGCTGCTGCTTCTCTT,chr20_23568397_-,CST9L (128821),1.0,,True
1888,GCGCTTCCTGGAGGATGCAG,chr6_30160446_-,TRIM10 (10107),1.0,,True
1889,GCGGAACGTGATCAGCGAGA,chr9_135699007_-,SOHLH1 (402381),1.0,,True
1890,GCGGAAGCAGATATCATAGA,chr6_30723684_-,TUBB (203068),2.0,,True
1891,GCGGACATCAGCCAGAAGCA,chr5_134138159_+,TCF7 (6932),1.0,,True
1892,GCGGATGGACATGGTGGACG,chr21_44627181_-,KRTAP10-9 (386676),1.0,,True
1893,GCGGCATGAGAAATTTAAGG,chr1_186374889_-,TPR (7175),1.0,,True
1894,GCGGCCATACAGCCTCCAGA,chr12_121328334_+,ANAPC5 (51433),1.0,,True
1895,GCGGCGGCAGAGGAGCAGCG,chr10_27100259_-,ANKRD26 (22852),1.0,,True
1896,GCGGCTTCTCATGAGCCGGG,chr6_7390030_+,RIOK1 (83732),1.0,,True
1897,GCGGGACTCATAATTTCCCT,chr10_37142076_-,ANKRD30A (91074),1.0,,True
1898,GCGGGACTCTGTATTACCAG,chr3_101676767_-,ZBTB11 (27107),1.0,,True
1899,GCGGGCCGAGGCCTTCGTGA,chr19_29610439_+,POP4 (10775),1.0,,True
1900,GCGGGTTTGCAGTTTCCCGT,chr6_25726447_-,H2AC1 (221613),1.0,,True
1901,GCGGTCTGTAAACTTCCCGG,chr6_149746426_+,NUP43 (348995),1.0,,True
1902,GCGTAACCTCGTCTTCCAAG,chr16_85909047_-,IRF8 (3394),1.0,,True
1903,GCGTAGACACGGAAGAGCGA,chr2_29920473_+,ALK (238),1.0,,True
1904,GCGTAGGTTGAAGGGCCGCG,chr17_1679672_+,PRPF8 (10594),1.0,,True
1905,GCGTCCGATCCTTTGGAACA,chr1_1564885_-,SSU72 (29101),1.0,,True
1906,GCGTCTGGAAGGCAACACAG,chr22_41274661_-,RANGAP1 (5905),1.0,,True
1907,GCGTGTACCTGAAGGAGCCG,chr7_44573844_+,DDX56 (54606),1.0,,True
1908,GCGTTTATGCAGATACCCAT,chr3_158649079_+,GFM1 (85476),1.0,,True
1909,GCGTTTCTTGCAAGAATGGG,chr7_97117892_+,SDHAF3 (57001),1.0,,True
1910,GCTAACATATATCATCAAAC,chr11_62827159_-,STX5 (6811),1.0,,True
1911,GCTAATCTTGGGACATCAGA,chr7_116731840_+,MET (4233),1.0,,True
1912,GCTAATGCAAGCTTTGAGAA,chr7_117422241_-,ASZ1 (136991),1.0,,True
1913,GCTACAGATGCTGCATACCA,chr5_138170349_-,BRD8 (10902),1.0,,True
1914,GCTACAGCCCTGCTTCTACC,chr2_15942149_+,MYCN (4613),1.0,,True
1915,GCTACATCACCAACCTGCGG,chr12_52383681_-,KRT84 (3890),1.0,,True
1916,GCTACCGGTGCGCTGTGCCG,chr9_99221683_-,ALG2 (85365),1.0,,True
1917,GCTACTGCGGCAGAACCAGA,chr19_58554157_-,CHMP2A (27243),1.0,,True
1918,GCTACTGCTGCTGAGCCTGG,chr6_52187624_+,IL17A (3605),1.0,,True
1919,GCTACTGGAAGAGGCCACCG,chr15_70058712_+,TLE3 (7090),1.0,,True
1920,GCTAGACTGCTGGTAGCATG,chr21_44637637_-,KRTAP10-10 (353333),1.0,,True
1921,GCTAGAGAAGGACTACCGCA,chr9_130878513_+,ABL1 (25),1.0,,True
1922,GCTAGAGTCACAAGTCCCAC,chr17_41041207_+,KRTAP1-1 (81851),1.0,,True
1923,GCTAGATGAGGCTCTAAAGG,chr4_55870750_+,EXOC1 (55763),1.0,,True
1924,GCTAGCAGTCCAGGATAATG,chr4_70480885_-,MUC7 (4589),1.0,,True
1925,GCTAGCATCATTGCACGTGT,chrX_118825264_+,ZCCHC12 (170261),1.0,,True
1926,GCTAGCCCAAGGCAAAGCTG,chr1_247532091_+,OR2C3 (81472),1.0,,True
1927,GCTAGCTGGAGAGATTGCCG,chr12_4445362_-,FGF6 (2251),1.0,,True
1928,GCTAGTGGAACAGTACACCA,chr22_30344937_-,SF3A1 (10291),1.0,,True
1929,GCTATGTCTGGGGACAGCAG,chr10_121975151_-,NSMCE4A (54780),1.0,,True
1930,GCTATTGTAAAGGAAACCCT,chr6_7402844_+,RIOK1 (83732),1.0,,True
1931,GCTCAAACATCACTGAGAAG,chr13_21566822_+,MICU2 (221154),1.0,,True
1932,GCTCACAGATTTCTGCAGGG,chr12_68253438_+,IL22 (50616),1.0,,True
1933,GCTCACCTATCTGTGTCAAG,chr7_44117143_+,POLD2 (5425),1.0,,True
1934,GCTCACGATGAGCAGCCCGT,chr17_45845255_-,SPPL2C (162540),1.0,,True
1935,GCTCAGCCAGGACCCATAGG,chr1_18859616_+,TAS1R2 (80834),1.0,,True
1936,GCTCAGCTCGGCCTTCCAGC,chr5_177386337_+,SLC34A1 (6569),1.0,,True
1937,GCTCAGGCTCCAAAGCCAGC,chr3_128650588_+,RPN1 (6184),1.0,,True
1938,GCTCATCCTGACGCAGTCGG,chr1_151762998_-,MRPL9 (65005),1.0,,True
1939,GCTCATCGTCACCACCGCCG,chr11_92969879_+,MTNR1B (4544),1.0,,True
1940,GCTCATGCACGGGTTCATGG,chr14_37592383_+,FOXA1 (3169),1.0,,True
1941,GCTCATTCCAGAACACATAG,chr11_124617464_-,PANX3 (116337),1.0,,True
1942,GCTCCAAAGTGGGGTCCAAA,chr21_18343990_+,TMPRSS15 (5651),1.0,,True
1943,GCTCCAATAATGATGTCACC,chr11_89047773_+,GRM5 (2915),2.0,,True
1944,GCTCCACCAAGACAGCTGCC,chr17_3292433_+,OR3A1 (4994),1.0,,True
1945,GCTCCAGGAAGAAAGCGCCA,chr16_58392732_-,GINS3 (64785),1.0,,True
1946,GCTCCAGTGGAGAGTTCTTA,chr20_44355848_+,HNF4A (3172),1.0,,True
1947,GCTCCATCCTCAACAAGTGG,chr8_10529652_+,PRSS55 (203074),1.0,,True
1948,GCTCCCCAGGACTCCCACCA,chr19_53267616_+,VN1R4 (317703),2.0,,True
1949,GCTCCCCGTTACCTGTGCCG,chr6_135181531_-,MYB (4602),1.0,,True
1950,GCTCCCCTCCGGATGCCCGA,chr18_47034722_-,ELOA2 (51224),1.0,,True
1951,GCTCCCCTGCAGGTTCTCCG,chr19_4101275_-,MAP2K2 (5605),1.0,,True
1952,GCTCCCTGTACCACGTTCAA,chr1_91976387_-,BRDT (676),1.0,,True
1953,GCTCCGAAACCTGGACAACG,chr17_5468585_-,DHX33 (56919),1.0,,True
1954,GCTCCGATATGCCAAGCTGA,chr4_55878013_+,EXOC1 (55763),1.0,,True
1955,GCTCCGCCGGGAAGGTGCCG,chr18_59273060_+,RAX (30062),1.0,,True
1956,GCTCCGCCTCTCGAATGAAA,chr6_21594857_-,SOX4 (6659),1.0,,True
1957,GCTCCTAAGGACAAATGGGT,chr3_51903017_+,IQCF1 (132141),1.0,,True
1958,GCTCCTCAGGAGTCTCCACA,chr14_104776676_+,AKT1 (207),1.0,,True
1959,GCTCCTCCTGGGCTGATAGG,chr7_128359555_+,PRRT4 (401399),1.0,,True
1960,GCTCCTGCAGGAAGTCAGGG,chr2_29073519_-,PCARE (388939),1.0,,True
1961,GCTCCTGGAGAAGAGACAGG,chrX_71123206_+,MED12 (9968),1.0,,True
1962,GCTCCTGGAGCTGATGCACA,chr17_10825551_+,PIRT (644139),1.0,,True
1963,GCTCCTTGTTCTTGTCCGGG,chr19_14518251_+,DNAJB1 (3337),1.0,,True
1964,GCTCGCACTATGTGGAAGCG,chr17_61403096_-,TBX2 (6909),1.0,,True
1965,GCTCGGACACCGAGAACACG,chr17_72121526_+,SOX9 (6662),1.0,,True
1966,GCTCGGCCGATGAAGTGCAG,chr5_179623052_-,HNRNPH1 (3187),1.0,,True
1967,GCTCGGCGTCCTCGTCTTCG,chr4_8871456_+,HMX1 (3166),1.0,,True
1968,GCTCTACCAAGATCCCCACG,chr17_74941785_+,OTOP3 (347741),1.0,,True
1969,GCTCTACGAGAGGTGTGAGG,chr12_56083837_+,ERBB3 (2065),1.0,,True
1970,GCTCTAGCAGTTGAACTCCA,chr14_54984829_+,WDHD1 (11169),1.0,,True
1971,GCTCTCAGATATGCAGACCA,chr13_28052611_+,FLT3 (2322),1.0,,True
1972,GCTCTCATAGTCGGTCTTGG,chr2_17738286_-,SMC6 (79677),1.0,,True
1973,GCTCTCCGATACCATCCCCG,chr20_35284229_-,EIF6 (3692),1.0,,True
1974,GCTCTCGGACGGGAGGAACG,chr1_58783018_+,JUN (3725),1.0,,True
1975,GCTCTCGTGGGAGTACCTGG,chr12_52848765_-,KRT78 (196374),1.0,,True
1976,GCTCTCTCGGAAACCACACG,chr19_18921881_+,DDX49 (54555),1.0,,True
1977,GCTCTGCCTGCTGCACAGCG,chr10_123666504_+,GPR26 (2849),1.0,,True
1978,GCTCTGGGTTCCCTTCCCAG,chr1_182057630_-,ZNF648 (127665),1.0,,True
1979,GCTCTGGTTAAAGCAGAAAG,chr11_111306603_-,POU2AF3 (120376),1.0,,True
1980,GCTCTTACAATGTGGAACCG,chr12_114679615_+,TBX3 (6926),1.0,,True
1981,GCTCTTCCTCAGGAACAATT,chr16_85909150_-,IRF8 (3394),1.0,,True
1982,GCTCTTCTGGGGGCTCCAAG,chr11_1585024_-,KRTAP5-1 (387264),1.0,,True
1983,GCTCTTGGTTCTGAAATCAC,chr11_62192092_+,SCGB1D1 (10648),1.0,,True
1984,GCTCTTGTGGGGGATCCAAG,chr11_1584964_-,KRTAP5-1 (387264),1.0,,True
1985,GCTCTTTCTGGTGCATCATG,chr14_94467294_+,SERPINA9 (327657),1.0,,True
1986,GCTGAAGCTAAAGATCAACA,chr12_10809696_-,TAS2R9 (50835),1.0,,True
1987,GCTGAAGCTAAGTCCAGCGA,chr3_38274728_-,SLC22A13 (9390),1.0,,True
1988,GCTGAAGGCACTCTTCATGA,chr1_47143350_-,CYP4A22 (284541),1.0,,True
1989,GCTGACCAGTAACTCCCAGG,chr17_3215664_-,OR1A1 (8383),1.0,,True
1990,GCTGACGGCGGGGATGGCCG,chrX_154478865_-,LAGE3 (8270),1.0,,True
1991,GCTGACTGAGAAGCAGACAG,chr6_41930178_+,BYSL (705),1.0,,True
1992,GCTGAGCCATCAAGGTCTAA,chr11_95799257_+,CEP57 (9702),1.0,,True
1993,GCTGAGCCGCACCTACCGCA,chr4_17811183_+,NCAPG (64151),1.0,,True
1994,GCTGAGCCGTGAATTCAACG,chr3_189864412_+,TP63 (8626),1.0,,True
1995,GCTGAGCGCAGGCCCCGCGG,chr18_63318422_+,BCL2 (596),1.0,,True
1996,GCTGAGGCCATGTCAGGAGA,chr11_33161317_-,CSTF3 (1479),1.0,,True
1997,GCTGAGTGAGGAGTACTGCA,chr3_169127977_+,MECOM (2122),1.0,,True
1998,GCTGATCAGGAACACGTGCG,chr19_41391920_-,EXOSC5 (56915),1.0,,True
1999,GCTGATGATGAACAGCAGAT,chr11_124617367_-,PANX3 (116337),1.0,,True
2000,GCTGATGCCCAGGAGCAGCG,chr8_6925913_-,DEFA6 (1671),1.0,,True
2001,GCTGATGTCCGCAGGTGCAG,chr5_134138137_-,TCF7 (6932),1.0,,True
2002,GCTGCAATCCTTACTGTTTG,chr7_6392038_-,RAC1 (5879),1.0,,True
2003,GCTGCACACCTACTTGGCCG,chr6_31793050_-,VARS1 (7407),1.0,,True
2004,GCTGCACGTCGGACATAAAC,chr1_193125199_-,CDC73 (79577),1.0,,True
2005,GCTGCAGACGTTCATCGGCG,chr19_8698406_-,ACTL9 (284382),1.0,,True
2006,GCTGCAGCTCCACAGCTTCA,chr17_5468665_+,DHX33 (56919),1.0,,True
2007,GCTGCAGGAGGAAGTCCCAG,chr22_24759934_-,PIWIL3 (440822),1.0,,True
2008,GCTGCAGGCCGAGTACACCG,chr11_842420_-,POLR2L (5441),1.0,,True
2009,GCTGCAGGCGCTCAACACCG,chr17_37744586_-,HNF1B (6928),1.0,,True
2010,GCTGCCAGCAAACTGCCACT,chr14_90260206_+,PSMC1 (5700),1.0,,True
2011,GCTGCCAGCAAGGATGGCCA,chr1_20140200_-,PLA2G2F (64600),1.0,,True
2012,GCTGCCCCCAAGACATGCAG,chr2_232456202_+,ALPI (248),1.0,,True
2013,GCTGCCCCGGCCGTCCCGGA,chr7_55019289_-,EGFR (1956),1.0,,True
2014,GCTGCCCTGTGAGCACGGCG,chr2_17816732_+,MSGN1 (343930),1.0,,True
2015,GCTGCCGGCCAACCAGACGG,chr4_1801885_+,FGFR3 (2261),1.0,,True
2016,GCTGCCGTCCGAGGGCCCGG,chr6_44265231_+,NFKBIE (4794),1.0,,True
2017,GCTGCCGTGGAAAGCAGCAG,chr2_29920623_+,ALK (238),1.0,,True
2018,GCTGCCTCTGTCCCTACCCA,chr11_5509232_-,UBQLN3 (50613),1.0,,True
2019,GCTGCCTTATCAGCTGCAGA,chr1_153303975_-,PGLYRP3 (114771),1.0,,True
2020,GCTGCCTTTCAACCAGGTTT,chr8_87206117_-,CNBD1 (168975),1.0,,True
2021,GCTGCGCTCTCCTAGCCGGA,chr7_44121935_+,POLD2 (5425),1.0,,True
2022,GCTGCGGCTCAAGAGCCCCG,chr12_32755243_-,YARS2 (51067),1.0,,True
2023,GCTGCGTCTTCACCTCCGCT,chr16_88901607_+,CBFA2T3 (863),1.0,,True
2024,GCTGCTAGCTGGGATGTGGC,chr17_34363112_-,CCL1 (6346),1.0,,True
2025,GCTGCTCAGAGAACCCCAGG,chr17_3127507_+,OR1G1 (8390),1.0,,True
2026,GCTGCTCAGCAGATACTCAG,chr9_130854959_-,ABL1 (25),1.0,,True
2027,GCTGCTCGCTGTCCACAAAG,chr16_68232440_+,ESRP2 (80004),1.0,,True
2028,GCTGCTCTCAGCTTCACCCG,chr12_53309620_-,AAAS (8086),1.0,,True
2029,GCTGCTCTCTGGACATGAAG,chr1_31293293_-,SNRNP40 (9410),2.0,,True
2030,GCTGCTCTTCATCAGACAGC,chr10_97445760_+,EXOSC1 (51013),1.0,,True
2031,GCTGCTGCTGACCAACCACA,chr4_88379045_+,HERC6 (55008),1.0,,True
2032,GCTGCTGTAGGAAGAGGTCA,chr17_41440917_+,KRT38 (8687),1.0,,True
2033,GCTGCTGTCCTCAAGCGACG,chr5_113434813_-,TSSK1B (83942),1.0,,True
2034,GCTGCTGTCGCTATGGAGAC,chr17_6651505_-,MED31 (51003),1.0,,True
2035,GCTGCTTCTGCCAAGCGCCG,chr7_103344603_-,DNAJC2 (27000),1.0,,True
2036,GCTGCTTGTGATCTGGTACG,chr20_49075354_+,CSE1L (1434),1.0,,True
2037,GCTGCTTTGTAACAAGCCTG,chr2_37228063_-,CEBPZ (10153),1.0,,True
2038,GCTGGACCCTGAGATCCAGA,chr12_52573377_-,KRT74 (121391),1.0,,True
2039,GCTGGAGCAAAAAAAGGAAG,chr2_95109980_-,MRPS5 (64969),1.0,,True
2040,GCTGGAGCACGACCTCCGAG,chr19_8698289_-,ACTL9 (284382),1.0,,True
2041,GCTGGAGCGGATGGACATGG,chr21_44627187_-,KRTAP10-9 (386676),1.0,,True
2042,GCTGGAGCTCTGCACCAGCA,chr5_177386509_-,SLC34A1 (6569),1.0,,True
2043,GCTGGAGCTGAAGTTTGACA,chr7_128359450_-,PRRT4 (401399),1.0,,True
2044,GCTGGAGGCCAATCCCGAGG,chr13_75549860_+,UCHL3 (7347),1.0,,True
2045,GCTGGATCAGGAAAAGAGAG,chr22_20086540_+,DGCR8 (54487),1.0,,True
2046,GCTGGCACAGAAGACCCGGC,chr1_26941505_+,NUDC (10726),1.0,,True
2047,GCTGGCAGACAGCCACGTAT,chr6_29462131_-,OR2H1 (26716),1.0,,True
2048,GCTGGCAGCTACAACCCCGG,chr2_55917883_+,EFEMP1 (2202),1.0,,True
2049,GCTGGCATCACTTTGAGGGA,chr1_236604055_+,HEATR1 (55127),1.0,,True
2050,GCTGGCATCGATACCAACGT,chr17_998830_+,TIMM22 (29928),1.0,,True
2051,GCTGGCCGCCAATATTTCCG,chr16_69340225_+,NIP7 (51388),1.0,,True
2052,GCTGGCGCTGAAGGAAGTGG,chr20_2652902_+,NOP56 (10528),1.0,,True
2053,GCTGGCTTCTGAAAACCCAC,chr20_6115976_-,FERMT1 (55612),1.0,,True
2054,GCTGGGACATTGTGGCCGAA,chr1_33312551_+,A3GALT2 (127550),1.0,,True
2055,GCTGGGCAGCGGCATGAACG,chr5_159099405_-,EBF1 (1879),1.0,,True
2056,GCTGGGCCCGCTGAAGCGCA,chr3_109118039_+,MORC1 (27136),1.0,,True
2057,GCTGGGCCTACGGCAAGACG,chrX_48791923_+,GATA1 (2623),1.0,,True
2058,GCTGGGGAGAAAGAAGACCA,chr2_199348986_+,SATB2 (23314),1.0,,True
2059,GCTGGGGCTGAATCGCCACT,chr19_42117345_+,POU2F2 (5452),1.0,,True
2060,GCTGGGGGAGCTCCACCGGC,chrX_154478813_+,LAGE3 (8270),1.0,,True
2061,GCTGGGGTCATATTAAATCG,chr13_24912930_-,CPAP (55835),1.0,,True
2062,GCTGGGTCACCTGTAATTGT,chr6_5260654_+,LYRM4 (57128),1.0,,True
2063,GCTGGGTGTGTAAGGAGTGA,chr5_73173298_-,TMEM174 (134288),1.0,,True
2064,GCTGGTACTTGTAATCCGGG,chr17_72122796_-,SOX9 (6662),1.0,,True
2065,GCTGGTACTTGTAGTCCGGG,chr22_37978057_+,SOX10 (6663),1.0,,True
2066,GCTGGTCTGACAGCAGGCCA,chr17_41041393_+,KRTAP1-1 (81851),1.0,,True
2067,GCTGGTGTACACCTGCACCA,chr7_76480537_-,DTX2 (113878),2.0,,True
2068,GCTGGTGTGGAAGTATTCCA,chr1_117073718_+,TTF2 (8458),1.0,,True
2069,GCTGGTTATGAAGTTTACAG,chr1_6549620_+,NOL9 (79707),1.0,,True
2070,GCTGGTTCATGCTACCTCGG,chr20_32995676_+,SUN5 (140732),1.0,,True
2071,GCTGGTTGTACCGATCATTG,chr11_56275822_+,OR5T1 (390155),1.0,,True
2072,GCTGGTTGTGTTGGTCATTG,chr11_56252437_+,OR5T3 (390154),1.0,,True
2073,GCTGTACTCCTCCTGGCCGG,chr11_533877_+,HRAS (3265),1.0,,True
2074,GCTGTAGAGGTGCTGCCCGG,chr20_56631262_-,TFAP2C (7022),1.0,,True
2075,GCTGTAGCGAGTCAAACTCG,chr2_15942123_-,MYCN (4613),1.0,,True
2076,GCTGTAGGCTCATTTGCAGG,chr12_6537110_+,GAPDH (2597),1.0,,True
2077,GCTGTATATGATTTAGGTGG,chr5_138567142_-,HSPA9 (3313),2.0,,True
2078,GCTGTCATCCTGACTCTACT,chr6_32369955_-,TSBP1 (10665),1.0,,True
2079,GCTGTCGGTCAGCTTCATGG,chr3_52278360_+,WDR82 (80335),2.0,,True
2080,GCTGTCTCGCGAGCTCAGAG,chr14_68790314_+,ZFP36L1 (677),1.0,,True
2081,GCTGTCTTCCTGGGACTGGA,chr2_17816603_+,MSGN1 (343930),1.0,,True
2082,GCTGTGCTAAGACAGGCAGT,chr19_18920611_+,DDX49 (54555),1.0,,True
2083,GCTGTTGCAGTTGTGATACG,chr17_7420424_-,SPEM1 (374768),1.0,,True
2084,GCTGTTGCTCCATAGGAAGG,chr7_44573587_-,DDX56 (54606),1.0,,True
2085,GCTGTTGGCCGCCGGCTCCG,chr9_128323111_+,COQ4 (51117),1.0,,True
2086,GCTGTTGTCAGTAGTGGTGG,chr3_133805972_+,SRPRB (58477),1.0,,True
2087,GCTGTTTAGCCAGCAACACA,chr12_57534408_+,DCTN2 (10540),1.0,,True
2088,GCTTAAGAGAGGAAACCCCA,chr18_47034478_-,ELOA2 (51224),1.0,,True
2089,GCTTAAGTTTCAGAGCCGTG,chrX_71557235_-,OGT (8473),1.0,,True
2090,GCTTAATGTTAGAAGATTAG,chr3_142558662_+,ATR (545),1.0,,True
2091,GCTTACCTGAGGGTCAAAGG,chr20_37256817_+,GHRH (2691),1.0,,True
2092,GCTTACTTACCCTCTAGCTG,chr10_49395413_+,DRGX (644168),1.0,,True
2093,GCTTAGCTTACTTCTTGCCA,chr20_33217657_-,BPIFA3 (128861),1.0,,True
2094,GCTTATAGACGCGATGTCGC,chr1_151763072_+,MRPL9 (65005),1.0,,True
2095,GCTTATTGTCCCCTACAGAT,chr3_169116222_+,MECOM (2122),1.0,,True
2096,GCTTCAAACCATCTTCCCAC,chr7_103341925_+,DNAJC2 (27000),1.0,,True
2097,GCTTCAATATCCTCATTCTG,chr14_54987320_+,WDHD1 (11169),1.0,,True
2098,GCTTCAGCCAGAAGAAAAAT,chr12_10809722_+,TAS2R9 (50835),1.0,,True
2099,GCTTCAGTGATGACTCCCCA,chr10_116547340_+,PNLIP (5406),1.0,,True
2100,GCTTCATCAAGATTCCGCGG,chr9_77019879_+,FOXB2 (442425),1.0,,True
2101,GCTTCCACCATTGTACAGCG,chr16_27545339_+,GTF3C1 (2975),1.0,,True
2102,GCTTCCTGCTGCAGACCCGC,chr1_47334008_+,CMPK1 (51727),1.0,,True
2103,GCTTCTCCCCAAGAGTCAGT,chr13_72775296_-,DIS3 (22894),1.0,,True
2104,GCTTCTGGTGTAGTAGCAAA,chr1_117079575_-,TTF2 (8458),1.0,,True
2105,GCTTCTGTGCCATTGAGAAA,chr11_62984420_+,SLC22A6 (9356),1.0,,True
2106,GCTTCTTAGCAAATTCCGCA,chrX_155033439_-,FUNDC2 (65991),1.0,,True
2107,GCTTCTTCCGGAGGAGCGTG,chr20_44406203_+,HNF4A (3172),1.0,,True
2108,GCTTCTTCGAGCAGCCCCCG,chr1_53459822_+,DMRTB1 (63948),1.0,,True
2109,GCTTCTTCTAGGCCATGGCA,chr3_129121486_-,RAB43 (339122),1.0,,True
2110,GCTTGAATCGGTCACTGCAG,chr1_68439593_+,RPE65 (6121),1.0,,True
2111,GCTTGAGGAGATGGAAGCCC,chr1_150579193_-,MCL1 (4170),1.0,,True
2112,GCTTGCACATCCATATAGAG,chr20_35698510_+,NFS1 (9054),1.0,,True
2113,GCTTGCACTCACATACCAGT,chr16_69752293_-,NOB1 (28987),1.0,,True
2114,GCTTGCAGACAGCCACATAC,chr11_6921417_-,OR2D3 (120775),1.0,,True
2115,GCTTGCAGACCGTCATGAAG,chr14_88263387_-,KCNK10 (54207),1.0,,True
2116,GCTTGCAGCAGCTCCCACGG,chr19_7501101_-,SAXO5 (374877),1.0,,True
2117,GCTTGCATGGAGATTCTGCA,chr1_155015082_+,ZBTB7B (51043),1.0,,True
2118,GCTTGCCAGCGTGTTTCCAA,chr16_85903134_-,IRF8 (3394),1.0,,True
2119,GCTTGCCCGCGTGCTTCCAG,chr6_393313_-,IRF4 (3662),1.0,,True
2120,GCTTGGACGGGTCATCCTTA,chr22_39318494_+,RPL3 (6122),3.0,,True
2121,GCTTGGAGAAGGCGGCAGCG,chr6_34544359_-,SPDEF (25803),1.0,,True
2122,GCTTGGAGATGGCTATATAG,chr11_59515280_-,OR4D9 (390199),1.0,,True
2123,GCTTGGTGAATGAATCCCAC,chrX_47081269_-,RGN (9104),1.0,,True
2124,GCTTGGTTCTCAGATGGTCA,chr1_43386948_+,MED8 (112950),1.0,,True
2125,GCTTGTACTTTCCAATGCCG,chr11_73825759_-,MRPL48 (51642),1.0,,True
2126,GCTTGTGCCAAGACCCAAAA,chr3_53122412_+,RFT1 (91869),1.0,,True
2127,GCTTGTTCACCTGTACCCCA,chr19_38921600_-,SARS2 (54938),1.0,,True
2128,GCTTGTTCGGCAAGAAAACA,chr3_12618542_+,RAF1 (5894),1.0,,True
2129,GCTTTAATCTTCTTTCCAGA,chr6_49786779_+,PGK2 (5232),1.0,,True
2130,GCTTTATCAACCAGAGACCG,chr20_6110329_+,FERMT1 (55612),1.0,,True
2131,GCTTTCCCAGACATTTCCAC,chr1_182057725_+,ZNF648 (127665),1.0,,True
2132,GCTTTCTGACCACTCATGGG,chr19_54058350_+,VSTM1 (284415),1.0,,True
2133,GCTTTGCCGCCGTCCAGCCA,chr10_8058351_-,GATA3 (2625),1.0,,True
2134,GCTTTGGGTAGAGGTCTAGA,chr10_102140172_-,PPRC1 (23082),1.0,,True
2135,GCTTTGTTGCAGAGTCCTTT,chr1_205115878_-,RBBP5 (5929),1.0,,True
2136,GGAAAAGCAGTGCCTGTAGG,chr18_41962596_+,PIK3C3 (5289),1.0,,True
2137,GGAAAAGGCCTTGGGAAAGG,chr6_26246939_-,H4C7 (8369),1.0,,True
2138,GGAAAATAAAAAACACAGGG,chr11_75089621_+,OR2AT4 (341152),1.0,,True
2139,GGAAAGACGGACTTAAAGCA,chr9_113276688_+,PRPF4 (9128),1.0,,True
2140,GGAAAGGGCAGCATTATGAG,chr1_152410685_-,CRNN (49860),1.0,,True
2141,GGAAATGTCTCTACGCTGCG,chr4_39459130_+,LIAS (11019),1.0,,True
2142,GGAACACCAGAACATCCCCT,chr7_152002714_-,GALNTL5 (168391),1.0,,True
2143,GGAACAGCGTAAACACCAGA,chr5_23517925_+,PRDM9 (56979),1.0,,True
2144,GGAACCTCATAAGAATATGG,chr5_62470297_+,IPO11 (51194),1.0,,True
2145,GGAACTCAATGAAGGCAAAG,chr8_86939612_+,CNBD1 (168975),1.0,,True
2146,GGAACTGCCTCCCCTCCTGA,chr1_155015451_+,ZBTB7B (51043),1.0,,True
2147,GGAAGACAGAGAAGCCGACG,chr19_15807993_+,OR10H1 (26539),1.0,,True
2148,GGAAGACCACGGCCACCCAG,chr10_123666721_-,GPR26 (2849),1.0,,True
2149,GGAAGATGAATTGGGTCGGG,chr12_39626348_+,REDIC1 (283461),1.0,,True
2150,GGAAGATGAGTGCCTGCGGG,chr17_66877344_+,CACNG5 (27091),1.0,,True
2151,GGAAGATGCCAGCTGCTCAG,chr11_118979112_+,FOXR1 (283150),1.0,,True
2152,GGAAGATGTGGAGTGTCCAG,chr8_132045869_+,OC90 (729330),1.0,,True
2153,GGAAGATTTGACAAACCCAG,chr10_42792512_+,BMS1 (9790),2.0,,True
2154,GGAAGCAAGGAAAAAAAAGG,chr3_126501263_-,UROC1 (131669),1.0,,True
2155,GGAAGCAGTAGTTATCCAAG,chr10_47348591_-,RBP3 (5949),1.0,,True
2156,GGAAGCTGTCAAAGTCCTGG,chr19_17840266_+,JAK3 (3718),1.0,,True
2157,GGAAGCTTCTGCAATAGCGG,chr17_40771937_-,KRT26 (353288),1.0,,True
2158,GGAAGGAAGAAATGTGGTCG,chr12_120446486_+,GATC (283459),1.0,,True
2159,GGAAGGCACTAGATTCCCGG,chr22_37098461_+,TMPRSS6 (164656),1.0,,True
2160,GGAAGGGACACATCAGTGGA,chr1_28532223_+,RCC1 (1104),1.0,,True
2161,GGAAGGGCCTCTTCATGCGG,chr3_138946279_+,FOXL2 (668),1.0,,True
2162,GGAAGGGGTTTCAAAGTCCA,chr11_62578891_+,TUT1 (64852),1.0,,True
2163,GGAATAGCAGGCATCCAGCA,chr9_122789149_-,OR5C1 (392391),1.0,,True
2164,GGAATATCCCGGCATAACCA,chr1_230759605_-,CAPN9 (10753),1.0,,True
2165,GGAATCAAATCACAAATCCG,chr10_50859921_-,A1CF (29974),1.0,,True
2166,GGAATCACACCGCTCTGACG,chr11_7796906_-,OR5P2 (120065),1.0,,True
2167,GGAATCTGACCACGAGCACG,chr20_58840368_+,GNAS (2778),1.0,,True
2168,GGAATTCCTTTCAAACACTG,chr7_103326561_+,DNAJC2 (27000),1.0,,True
2169,GGACAAGGATGCCATGAACG,chr5_16465280_-,ZNF622 (90441),1.0,,True
2170,GGACAAGGCCAGGTCCCCGG,chr10_97319718_+,FRAT1 (10023),1.0,,True
2171,GGACAAGGTGTGCTACCCGC,chr8_70069808_-,PRDM14 (63978),1.0,,True
2172,GGACAAGTATGTCTTCCTGG,chr20_23491866_+,CST8 (10047),1.0,,True
2173,GGACACCAGCACCTACAAGG,chr1_154929130_-,PMVK (10654),1.0,,True
2174,GGACACCTCCTGTCAGATGG,chr2_168889434_-,SPC25 (57405),1.0,,True
2175,GGACACGAAGATCAGCTGCA,chr13_20189343_+,GJB2 (2706),1.0,,True
2176,GGACAGCCTGGGGAACCCAT,chr2_86100116_-,POLR1A (25885),1.0,,True
2177,GGACAGTCATTGACGACAGT,chr17_6434041_-,AIPL1 (23746),1.0,,True
2178,GGACAGTTCAGCCACCGCGG,chr6_88963385_+,RNGTT (8732),1.0,,True
2179,GGACATAGCTTATCTGCAAG,chr1_117939567_+,WDR3 (10885),1.0,,True
2180,GGACATGTTGAAGGACGCCG,chr14_37592599_+,FOXA1 (3169),1.0,,True
2181,GGACCAAATTGATATTGCAG,chrX_151659728_+,PASD1 (139135),1.0,,True
2182,GGACCAACATTACTTGGAGG,chr5_37329232_+,NUP155 (9631),1.0,,True
2183,GGACCACATAGACATTTACG,chr12_69239677_+,CPSF6 (11052),2.0,,True
2184,GGACCACGAAGGGAAAGCAG,chr18_55302420_-,TCF4 (6925),1.0,,True
2185,GGACCAGAAGAAACTCCAGG,chr22_38479684_-,KDELR3 (11015),1.0,,True
2186,GGACCAGGAGAATATCAACC,chr4_121823528_-,CCNA2 (890),1.0,,True
2187,GGACCAGTACATGCGCACCG,chr11_533835_-,HRAS (3265),1.0,,True
2188,GGACCCATCCATCCCCTATG,chr17_3398130_-,OR1E1 (8387),1.0,,True
2189,GGACCCCAAGACCAATACCT,chr2_218267574_-,AAMP (14),1.0,,True
2190,GGACCCCCTCCACATAACCA,chr14_70524419_+,ADAM20 (8748),1.0,,True
2191,GGACCCCTACTATTGCAACA,chr8_59118890_-,TOX (9760),1.0,,True
2192,GGACCCGCGTAAAGACCACG,chr3_50256273_+,GNAI2 (2771),1.0,,True
2193,GGACCTCATGTAAGAATGGA,chr11_90210550_-,CHORDC1 (26973),3.0,,True
2194,GGACCTCTCTGGCTGCACCC,chr7_102913090_-,FBXL13 (222235),1.0,,True
2195,GGACCTGGAGGCCATCCTGG,chr19_18922395_+,DDX49 (54555),1.0,,True
2196,GGACCTTCAGATTCGTCCGG,chr3_112827456_-,CD200R1L (344807),1.0,,True
2197,GGACGAGAAGGTGTTCACCA,chr5_134225842_-,PPP2CA (5515),1.0,,True
2198,GGACGATGCGACTCCTGCCG,chr7_102926278_-,FBXL13 (222235),1.0,,True
2199,GGACGCCCGTGACCATGTGG,chr11_59810655_-,MRPL16 (54948),1.0,,True
2200,GGACGGCTTCCAGTGCAGCG,chr20_675549_-,SCRT2 (85508),1.0,,True
2201,GGACGGGCCTTACATCACAG,chr17_1676354_-,PRPF8 (10594),1.0,,True
2202,GGACGGTCACTCACCCACCG,chr5_177995827_+,PROP1 (5626),1.0,,True
2203,GGACTCGGAGAAACTGAAGG,chr11_116821762_-,APOA4 (337),1.0,,True
2204,GGACTCGGAGGCGATCCACA,chr1_18854577_+,TAS1R2 (80834),1.0,,True
2205,GGACTCTCCTCCCCAGGCCG,chrX_48791981_+,GATA1 (2623),1.0,,True
2206,GGACTCTGCTTCCAAGCCCG,chr5_71456016_+,BDP1 (55814),1.0,,True
2207,GGACTCTGTATTACCAGCGG,chr3_101676764_-,ZBTB11 (27107),1.0,,True
2208,GGACTGCTTCACAGGCCACG,chr19_48607129_+,SPACA4 (171169),1.0,,True
2209,GGACTGGGCGGTGGAACCGG,chr2_15942494_-,MYCN (4613),1.0,,True
2210,GGACTGTGAGACTTACCATA,chr6_41916814_-,MED20 (9477),1.0,,True
2211,GGACTTACTGAGGGCCAAGA,chr3_132719095_-,NPHP3 (27031),1.0,,True
2212,GGACTTGAAGAATTTCCCCA,chr5_151856339_-,GLRA1 (2741),1.0,,True
2213,GGAGAAAAACCCAAATGCCG,chr14_22924279_-,PRMT5 (10419),1.0,,True
2214,GGAGAACTCTGCTTCTTAGG,chr17_7420924_-,SPEM1 (374768),1.0,,True
2215,GGAGAAGATGGGGAGCCCCG,chr1_155014670_+,ZBTB7B (51043),1.0,,True
2216,GGAGAAGGCGGAATTCCTGC,chr14_88263251_-,KCNK10 (54207),1.0,,True
2217,GGAGAAGTAAACTGTCCAGA,chr21_18372224_-,TMPRSS15 (5651),1.0,,True
2218,GGAGAAGTATGGGGAAGTAG,chr21_43095499_-,U2AF1 (7307),2.0,,True
2219,GGAGACCAAAGAAGTCTACA,chr2_28912705_+,WDR43 (23160),1.0,,True
2220,GGAGACCTAAGCTAAAGGCA,chr11_5509166_+,UBQLN3 (50613),1.0,,True
2221,GGAGACCTCCGGGTAGGGCT,chr9_135699445_+,SOHLH1 (402381),1.0,,True
2222,GGAGAGCCAGAGGAGCGCGG,chr20_58840197_-,GNAS (2778),1.0,,True
2223,GGAGAGGAAGAATTAACCAA,chr6_30708020_-,MDC1 (9656),1.0,,True
2224,GGAGAGTTATGACGAGGCCG,chr19_10154670_-,DNMT1 (1786),1.0,,True
2225,GGAGATCATATCTATTGGCA,chr2_222642913_+,FARSB (10056),1.0,,True
2226,GGAGATGCTGAAATTAAAGA,chr3_139373299_-,COPB2 (9276),1.0,,True
2227,GGAGATGGAAAACTGCACCA,chr11_59477448_+,OR4D10 (390197),1.0,,True
2228,GGAGATGGTGTGAAACACAG,chr7_4920207_+,MMD2 (221938),1.0,,True
2229,GGAGATTCCAGTATCTGCCA,chr1_56883487_-,C8A (731),1.0,,True
2230,GGAGCAAGAGATTCCCCTGA,chr17_34361842_-,CCL1 (6346),1.0,,True
2231,GGAGCAATATTCCCATACCC,chr14_88227533_+,KCNK10 (54207),1.0,,True
2232,GGAGCAATGGAGCAGGGCAG,chr5_73173254_+,TMEM174 (134288),1.0,,True
2233,GGAGCAGCAAAGCACAGGAA,chr12_56361727_-,APOF (319),1.0,,True
2234,GGAGCAGCAATGGGAATCCG,chr20_56631234_+,TFAP2C (7022),1.0,,True
2235,GGAGCATGCAAAGTTCCCCA,chr11_108190484_-,NPAT (4863),1.0,,True
2236,GGAGCCACCATCCCACCCCG,chr19_42096164_-,POU2F2 (5452),1.0,,True
2237,GGAGCCCATAGGGCACCACG,chr20_63688316_-,RTEL1 (51750),1.0,,True
2238,GGAGCCTCCTCCAAGAAGGG,chr14_35534360_-,INSM2 (84684),1.0,,True
2239,GGAGCCTTAATTCCTTTGGG,chr12_52848798_-,KRT78 (196374),1.0,,True
2240,GGAGCGGAAACCCAGCACGA,chr2_27133261_-,PREB (10113),1.0,,True
2241,GGAGCGGCCAAAGTTCACGT,chr19_14516827_+,DNAJB1 (3337),1.0,,True
2242,GGAGCGGCTGGATCCAGCCG,chr19_17842434_-,JAK3 (3718),1.0,,True
2243,GGAGCTCTAAAATTAAACAT,chr11_244736_+,PSMD13 (5719),1.0,,True
2244,GGAGCTGCGCCACAACCCGT,chr9_101594764_-,PPP3R2 (5535),1.0,,True
2245,GGAGCTGCGGGCCCGCACCG,chr14_74357105_+,VRTN (55237),1.0,,True
2246,GGAGCTGGTGAAACACACGC,chr19_6828434_+,VAV1 (7409),1.0,,True
2247,GGAGCTTAGTCAGCATGCCA,chr1_150328447_-,PRPF3 (9129),2.0,,True
2248,GGAGGAAAATAAAAAACACA,chr11_75089618_+,OR2AT4 (341152),1.0,,True
2249,GGAGGAAGACCGATTAGCCA,chr18_50251626_-,CFAP53 (220136),1.0,,True
2250,GGAGGAATATAACCTTGCTG,chr17_32360695_-,ZNF207 (7756),1.0,,True
2251,GGAGGATGATGACAGTGAGG,chr2_231461692_-,NCL (4691),1.0,,True
2252,GGAGGATGATTAAAAACCAA,chr3_16596860_+,DAZL (1618),1.0,,True
2253,GGAGGATGCAGAATCCCTCA,chr3_187731849_+,BCL6 (604),1.0,,True
2254,GGAGGATGTGGAGGAGACCG,chr3_38138740_-,MYD88 (4615),1.0,,True
2255,GGAGGCCAAGAAGAAGAAGG,chr19_4422671_+,CHAF1A (10036),1.0,,True
2256,GGAGGCCCAGTCTCTCCCCG,chr13_44989213_-,NUFIP1 (26747),1.0,,True
2257,GGAGGCCCCAACTTTCCAGG,chr10_52770754_+,MBL2 (4153),1.0,,True
2258,GGAGGCTATGGGCAGCCAGG,chr3_53130390_-,RFT1 (91869),1.0,,True
2259,GGAGGGAGATGAGCACCAGC,chr2_43852695_-,ABCG8 (64241),1.0,,True
2260,GGAGGGCACAGGCTGTGTAA,chr9_122789225_-,OR5C1 (392391),1.0,,True
2261,GGAGGGGGCGGGTAAAGAAA,chr10_117209656_-,KCNK18 (338567),1.0,,True
2262,GGAGGGTATCTCAGATCACG,chr17_78821941_-,USP36 (57602),1.0,,True
2263,GGAGGGTCAGATGGTCCAAG,chr16_70535329_+,SF3B3 (23450),1.0,,True
2264,GGAGGGTGACGGGCTCCACG,chr3_196503102_+,RNF168 (165918),1.0,,True
2265,GGAGGTCCGAGTTCTTGGCG,chr1_58782906_+,JUN (3725),1.0,,True
2266,GGAGGTGCTGAAGCACGCCA,chr1_1407135_-,MRPL20 (55052),1.0,,True
2267,GGAGGTGGCTCAGGTCGCCG,chr22_38468256_-,KDELR3 (11015),1.0,,True
2268,GGAGGTTCTTGAAGGACAGG,chr1_20139524_-,PLA2G2F (64600),1.0,,True
2269,GGAGTAAAAGATACCCCACA,chr2_112238319_-,ZC3H8 (84524),1.0,,True
2270,GGAGTACGAGAGCCACCGCG,chr4_40438280_-,RBM47 (54502),1.0,,True
2271,GGAGTACTCACACAAAAGTG,chr19_39706667_-,LGALS14 (56891),1.0,,True
2272,GGAGTACTTGACGCTCCCAC,chr1_153261205_-,LORICRIN (4014),1.0,,True
2273,GGAGTAGCATTATTATTTGG,chr1_109411906_-,PSMA5 (5686),1.0,,True
2274,GGAGTCATATTACAAAACCG,chr22_41622032_+,XRCC6 (2547),2.0,,True
2275,GGAGTCCGAATCGGAAAGCG,chr2_218270067_-,AAMP (14),1.0,,True
2276,GGAGTCGGCCGACTTCTACG,chr19_33302395_-,CEBPA (1050),1.0,,True
2277,GGAGTGGAAAACTCTCCAGC,chr14_30670311_+,SCFD1 (23256),1.0,,True
2278,GGAGTGGGCCTCGATTCTAC,chr2_197423898_-,SF3B1 (23451),1.0,,True
2279,GGAGTTCCCTGAAGTCACAA,chr16_21211360_+,ZP2 (7783),1.0,,True
2280,GGAGTTCTTGAATTCCAGGG,chr15_31070058_-,TRPM1 (4308),1.0,,True
2281,GGAGTTGCAGAAGGGAAAAG,chr1_153728653_+,INTS3 (65123),1.0,,True
2282,GGAGTTGCTGGAGTGCAGGA,chr17_40487446_+,TNS4 (84951),1.0,,True
2283,GGAGTTGGAAAACTCGCCAA,chr6_7393266_+,RIOK1 (83732),1.0,,True
2284,GGATAACCACAGTCAGTGGG,chr19_50770731_-,GPR32 (2854),1.0,,True
2285,GGATAAGAAAGAGTTATCCG,chr7_103341840_-,DNAJC2 (27000),1.0,,True
2286,GGATAATACACAATTCCCCA,chr10_73156436_+,ECD (11319),1.0,,True
2287,GGATAGATAACAATTCAACA,chr18_50251760_+,CFAP53 (220136),1.0,,True
2288,GGATATGTACAGCTTCCTAG,chr12_9095543_-,A2M (2),1.0,,True
2289,GGATCAACGACGAGATCGAG,chr9_78031160_-,GNAQ (2776),2.0,,True
2290,GGATCCTGAACTCCTTAGCA,chr13_75560825_+,UCHL3 (7347),1.0,,True
2291,GGATCTCCACACTGTCACCG,chr3_128264753_-,EEFSEC (60678),1.0,,True
2292,GGATCTCTGGAAAAAGCTGA,chr7_44201220_-,YKT6 (10652),2.0,,True
2293,GGATCTCTTCTAAAAGGCAA,chr17_37379377_+,C17orf78 (284099),1.0,,True
2294,GGATGAACAGATACAAGAAA,chr11_95813069_+,CEP57 (9702),1.0,,True
2295,GGATGAAGATTGTAGAAGCA,chr12_39682672_+,REDIC1 (283461),1.0,,True
2296,GGATGACTGTGGGAACGGGG,chr13_31758383_+,RXFP2 (122042),1.0,,True
2297,GGATGAGGACAGTGACCACG,chr9_122826708_-,PDCL (5082),1.0,,True
2298,GGATGAGTCTGTGAAAGAGG,chr20_37765260_+,CTNNBL1 (56259),1.0,,True
2299,GGATGATGCGACCCTGGCCA,chr17_41439276_-,KRT38 (8687),1.0,,True
2300,GGATGCCATCCACTACATGA,chr5_225530_+,SDHA (6389),1.0,,True
2301,GGATGCCCCCAACAAATAAT,chr10_50836264_+,A1CF (29974),1.0,,True
2302,GGATGCGGCTGACCATCCCA,chr16_24898083_-,SLC5A11 (115584),1.0,,True
2303,GGATGGAAGGCACCTCCCAA,chr14_88263411_-,KCNK10 (54207),1.0,,True
2304,GGATGGGGCGACGGAAAACG,chr1_84479393_+,RPF1 (80135),1.0,,True
2305,GGATGGGGTAAACGACCCGA,chr6_106105047_-,PRDM1 (639),1.0,,True
2306,GGATTATGTGAACAGAAAAG,chr2_61492455_-,XPO1 (7514),1.0,,True
2307,GGATTCATATGTGCCCACAG,chr9_6328623_-,TPD52L3 (89882),1.0,,True
2308,GGATTCCAGCGATGGAGCCG,chr2_17816666_-,MSGN1 (343930),1.0,,True
2309,GGATTCCTACCGGAAGCAGG,chr11_533928_-,HRAS (3265),1.0,,True
2310,GGATTCTTACAGAAAACAAG,chr1_114713962_-,NRAS (4893),1.0,,True
2311,GGATTGAAATCATCACCAGG,chr6_132570476_-,TAAR6 (319100),1.0,,True
2312,GGATTGGGTAAATACAGCCA,chr6_37446334_+,CMTR1 (23070),1.0,,True
2313,GGCAAGATGTTCCAGCACCA,chr5_157343352_+,FNDC9 (408263),1.0,,True
2314,GGCAAGCGAGAAGCTCCCGT,chr18_59273169_+,RAX (30062),1.0,,True
2315,GGCAATGATGAAGTAAAACG,chr2_135862732_-,MCM6 (4175),1.0,,True
2316,GGCAATGTGCGGCAAACAAA,chr20_145519_+,DEFB126 (81623),1.0,,True
2317,GGCACCGTAGTGTTTGCCCG,chr20_44406147_-,HNF4A (3172),1.0,,True
2318,GGCACGCAGCAACCAACGCG,chr2_43995922_+,LRPPRC (10128),1.0,,True
2319,GGCACGTGCTGGGAGAGCAG,chr21_30396208_-,KRTAP13-1 (140258),1.0,,True
2320,GGCACTGAAGAAATATACTG,chr5_160414447_+,SLU7 (10569),1.0,,True
2321,GGCACTTCTAGAGGACAACA,chr12_57435157_+,INHBC (3626),1.0,,True
2322,GGCACTTTCTCCCAGCTCAG,chr11_47350531_+,MYBPC3 (4607),1.0,,True
2323,GGCAGCAGTGAAGTTCTGCA,chr11_62984578_+,SLC22A6 (9356),1.0,,True
2324,GGCAGCGACTGTCATGGCGG,chr17_997146_+,TIMM22 (29928),1.0,,True
2325,GGCAGCTGTGTCCAAGACAG,chr4_127730651_+,SLC25A31 (83447),1.0,,True
2326,GGCAGGCTGAAAGATGGCGG,chr11_95790702_+,CEP57 (9702),1.0,,True
2327,GGCAGTGAGGAGGACCACAG,chr16_5065854_+,C16orf89 (146556),2.0,,True
2328,GGCATCTTAGTCATGTTCCA,chr2_182866408_+,FRZB (2487),1.0,,True
2329,GGCATGATCCTCCTGATCCG,chr11_58190636_+,OR9Q2 (219957),1.0,,True
2330,GGCATGGACATCATGAACCG,chr20_33031742_+,BPIFB6 (128859),1.0,,True
2331,GGCCAAGCCCAAGCACCGCG,chr14_104775656_-,AKT1 (207),1.0,,True
2332,GGCCAGGAAAAAATACACAG,chr11_48325190_-,OR4C3 (256144),2.0,,True
2333,GGCCAGGTCTAGGTTCCCAG,chrX_65534676_-,LAS1L (81887),1.0,,True
2334,GGCCATCAAACTCCTCCTCG,chr9_21187343_+,IFNA4 (3441),1.0,,True
2335,GGCCCCAAGGAGGCACAGTG,chr1_42164687_+,GUCA2A (2980),1.0,,True
2336,GGCCGGGAGCGCTTACCGTG,chr4_17811187_-,NCAPG (64151),1.0,,True
2337,GGCCTCACTTTGAGGTACGG,chr7_128359873_+,PRRT4 (401399),1.0,,True
2338,GGCCTGTGCCAAGCATCGCA,chr10_84224407_+,LRIT2 (340745),1.0,,True
2339,GGCCTTGTACACTGTCCCAT,chr12_57751665_+,CDK4 (1019),1.0,,True
2340,GGCGACACTTAATGTTCACG,chr1_84479482_+,RPF1 (80135),1.0,,True
2341,GGCGACAGTCACATACCCAG,chr10_84224619_+,LRIT2 (340745),1.0,,True
2342,GGCGATGCCCAAGAACGCAG,chr10_49679710_+,C10orf53 (282966),1.0,,True
2343,GGCGCAGCACCAGCTCCACG,chr12_132570453_+,FBRSL1 (57666),1.0,,True
2344,GGCGCAGGTCGTCTTTGCCG,chr7_155070973_-,HTR5A (3361),1.0,,True
2345,GGCGCCTTCTCGGAGCGCCA,chr3_129121352_-,RAB43 (339122),2.0,,True
2346,GGCGGCAGAAGGCGAACGCG,chr17_39606218_-,NEUROD2 (4761),1.0,,True
2347,GGCGGTGGCTACTCTGGCGG,chr1_153261131_+,LORICRIN (4014),1.0,,True
2348,GGCGTTTGACAGCACTTGGA,chr4_119322083_-,FABP2 (2169),1.0,,True
2349,GGCTATCAGGATCATCCACG,chr3_50252404_+,GNAI2 (2771),1.0,,True
2350,GGCTATGGTGATGTGGGCAA,chr20_34290822_-,AHCY (191),1.0,,True
2351,GGCTCACTGCTTATATTCCG,chr8_10529686_+,PRSS55 (203074),1.0,,True
2352,GGCTCAGAGGATCTTCGTAA,chr19_53632129_+,DPRX (503834),1.0,,True
2353,GGCTCCGTGTGCTCTCACCA,chr17_41118280_-,KRTAP4-11 (653240),1.0,,True
2354,GGCTCGTGCTGGCATCTACG,chr21_34887098_+,RUNX1 (861),1.0,,True
2355,GGCTGACACTCCTCTAACTG,chr12_96936645_+,NEDD1 (121441),1.0,,True
2356,GGCTGCTGGTGCATGCCACG,chr19_41238086_-,AXL (558),1.0,,True
2357,GGCTGGCACCCAATGTCGAT,chr17_41440837_+,KRT38 (8687),1.0,,True
2358,GGCTGGGAGGAGAAGATGCC,chr18_63318525_+,BCL2 (596),1.0,,True
2359,GGCTGTGGTTGGTCTCCAAA,chr7_155070952_-,HTR5A (3361),1.0,,True
2360,GGCTTAATGCTGCGGCTAAG,chr2_113031066_+,IL36B (27177),1.0,,True
2361,GGCTTGTCCTCATAATACTT,chr2_98608396_+,COA5 (493753),1.0,,True
2362,GGGAACACCATTATGAAGAG,chr16_24898063_-,SLC5A11 (115584),1.0,,True
2363,GGGAAGATGAGAAAAACAAA,chr4_98887156_-,EIF4E (1977),4.0,,True
2364,GGGAAGGGAAGATTGCCGGT,chr19_49004360_+,RUVBL2 (10856),1.0,,True
2365,GGGAAGTCCTCCAAATGCAT,chr5_161875587_-,GABRA1 (2554),1.0,,True
2366,GGGAATAACAAACAGAAGCA,chr19_29208151_+,UQCRFS1 (7386),2.0,,True
2367,GGGAATCTCATGAGGACGAT,chr19_48040666_-,CABP5 (56344),1.0,,True
2368,GGGACACACCGAAAGCACAG,chr20_33000081_+,SUN5 (140732),1.0,,True
2369,GGGACAGTGGAGCTGTTGCT,chr11_6027677_+,OR56A1 (120796),1.0,,True
2370,GGGACCATACACATCCCATA,chr18_41962562_-,PIK3C3 (5289),1.0,,True
2371,GGGACGGCTCCAGGTCCGAG,chr10_125775720_+,MMP21 (118856),1.0,,True
2372,GGGACTAGTCCACGATGCCG,chr6_50714089_+,TFAP2D (83741),1.0,,True
2373,GGGAGAATGCCAAATTGCAG,chr19_49398063_+,KASH5 (147872),1.0,,True
2374,GGGAGATGCCAGAAAAACCA,chr5_159326742_+,IL12B (3593),1.0,,True
2375,GGGAGCAGCACTTACCCTGA,chr5_177385848_-,SLC34A1 (6569),1.0,,True
2376,GGGAGCCCCCGGCAGCCAAG,chr14_23321755_+,PABPN1 (8106),1.0,,True
2377,GGGAGCGGCAAGAACAAAGT,chr22_15690535_+,POTEH (23784),1.0,,True
2378,GGGAGCTGACACCTGATAGG,chr19_54773587_-,KIR2DL1 (3802),1.0,,True
2379,GGGAGGCTCCTAGGACCAGG,chr19_43415957_-,TEX101 (83639),1.0,,True
2380,GGGAGTCATCCGAGTCCCCA,chr19_38845928_+,HNRNPL (3191),1.0,,True
2381,GGGAGTTGTCCGAGGCCGAG,chr11_62581449_-,TUT1 (64852),1.0,,True
2382,GGGATATTAGAAAATCAAGG,chr19_57129169_+,USP29 (57663),1.0,,True
2383,GGGATGAGAATAAGGCCCGA,chr11_20604315_+,SLC6A5 (9152),1.0,,True
2384,GGGCAAGGTCCAGATCTCCG,chr10_47349109_-,RBP3 (5949),1.0,,True
2385,GGGCAATTCGAGCCACCACA,chr7_127614988_+,PAX4 (5078),1.0,,True
2386,GGGCACGCTCATCTTCTGCG,chr5_63961574_-,HTR1A (3350),1.0,,True
2387,GGGCACGTACTTTAGGCAGA,chr5_74770650_-,NSA2 (10412),3.0,,True
2388,GGGCACTGCTTGAGAAACCA,chr2_45579920_-,SRBD1 (55133),1.0,,True
2389,GGGCCAGCTGAATTTCACCA,chr1_158479999_-,OR10R2 (343406),1.0,,True
2390,GGGCCAGGCTCTGTTCAACG,chr7_140924645_-,BRAF (673),1.0,,True
2391,GGGCCCAGCAGGGTGACACG,chr20_62216899_-,HRH3 (11255),1.0,,True
2392,GGGCCCTGAACCGTGCCATG,chr19_58554137_-,CHMP2A (27243),1.0,,True
2393,GGGCCTGCTGAATCAACGAG,chr12_49323886_-,TROAP (10024),1.0,,True
2394,GGGCGTTGAATATTGAGCGG,chr12_49323865_-,TROAP (10024),1.0,,True
2395,GGGCTCCTCGGACATGGCCG,chr1_234609490_-,IRF2BP2 (359948),1.0,,True
2396,GGGCTCCTGCACACGCACCG,chr6_10410048_-,TFAP2A (7020),1.0,,True
2397,GGGCTGCACTGACTTCACCG,chr19_18922374_+,DDX49 (54555),1.0,,True
2398,GGGCTGCTCATCGCTGCGGG,chr2_27134329_-,PREB (10113),1.0,,True
2399,GGGCTGCTCGAAGAAGCAAG,chr1_53459805_-,DMRTB1 (63948),1.0,,True
2400,GGGCTTCAAGACACCCAAGG,chr19_49497320_+,RPS11 (6205),1.0,,True
2401,GGGGATGTAGCGCATCCACG,chr16_27494887_+,GTF3C1 (2975),1.0,,True
2402,GGGGCAGCAGAAGACCCCAG,chr6_30137181_-,TRIM40 (135644),1.0,,True
2403,GGGGCGTTCCCTTCATGTCG,chr1_151763380_+,MRPL9 (65005),1.0,,True
2404,GGGGCTCTCACAGAACTCAG,chr11_48325076_+,OR4C3 (256144),1.0,,True
2405,GGGGGCGCTTACCATTTCCG,chr20_62387383_-,RPS21 (6227),1.0,,True
2406,GGGGTGTTAAAGTTAGGACG,chr1_155784014_+,GON4L (54856),1.0,,True
2407,GGGTACAAGCTGCTGCCTCA,chr21_28882229_+,HEMK2 (29104),2.0,,True
2408,GGGTACTACCAACTCCTGCG,chr5_138573794_-,HSPA9 (3313),1.0,,True
2409,GGGTAGTCTCGTCCACTGAG,chr19_55663613_-,U2AF2 (11338),1.0,,True
2410,GGGTCAACTTTCACGTTGAG,chr12_52651653_+,KRT2 (3849),1.0,,True
2411,GGGTCAGGCAGTCCGCATAG,chr17_3398129_+,OR1E1 (8387),1.0,,True
2412,GGGTCCCCTTGCCGGCGCCG,chr1_47334079_-,CMPK1 (51727),1.0,,True
2413,GGGTGCCCAATAGAAAGAGG,chr11_77040012_-,B3GNT6 (192134),1.0,,True
2414,GGGTGGCCACAGCTGCCGCG,chrX_154478845_-,LAGE3 (8270),1.0,,True
2415,GGGTGGCTGCGGGAACCCGG,chr12_64759144_-,GNS (2799),1.0,,True
2416,GGGTGTATGTATTTACTCCG,chr7_44117715_+,POLD2 (5425),1.0,,True
2417,GGGTGTCTTCATGATCTCAA,chr11_102704627_+,MMP27 (64066),1.0,,True
2418,GGGTTGTAGCCACTAAGGTA,chr4_70481055_-,MUC7 (4589),1.0,,True
2419,GGGTTGTTCTTGTTGAGCAG,chr17_41767459_+,JUP (3728),1.0,,True
2420,GGGTTGTTGCAGGAGCCCCA,chr11_20607591_-,SLC6A5 (9152),1.0,,True
2421,GGGTTTATCCTGAACAACAT,chr17_66880629_+,CACNG5 (27091),1.0,,True
2422,GGGTTTCTCCAGCTGTGCTG,chr2_27369028_+,EIF2B4 (8890),1.0,,True
2423,GGGTTTGCATAATATGTGCG,chr4_70249144_-,CSN3 (1448),1.0,,True
2424,GGTAAAGCTGGTCCTCCAGG,chr12_69257777_+,CPSF6 (11052),1.0,,True
2425,GGTAACAGATGGCCACGAAG,chr19_14941856_-,OR7C2 (26658),1.0,,True
2426,GGTACACCAAATAGGGAGCA,chr7_141839433_+,PRSS37 (136242),1.0,,True
2427,GGTACACGAAGTCCTGGGCG,chr9_136199814_+,LHX3 (8022),1.0,,True
2428,GGTACAGATTATTAAAGACA,chr9_110337777_-,TXNDC8 (255220),1.0,,True
2429,GGTACCCTCCGGCAAAGTGG,chr5_146516048_+,GPR151 (134391),1.0,,True
2430,GGTACCTCTCAGAATAGCGA,chr7_19708774_+,POLR1F (221830),1.0,,True
2431,GGTACGGCGCTGAGCCCGAG,chr14_37592454_-,FOXA1 (3169),1.0,,True
2432,GGTACTTGATGGTGCTGCCG,chr19_18309817_+,LSM4 (25804),1.0,,True
2433,GGTAGAGATTGGCTGCGCCA,chr19_6825364_-,VAV1 (7409),1.0,,True
2434,GGTAGAGGACAGAGATGCAA,chr19_50771019_-,GPR32 (2854),2.0,,True
2435,GGTAGCAAATTGCCAGGTAG,chr6_29427270_+,OR11A1 (26531),1.0,,True
2436,GGTAGCCATCAGGAGTAGCA,chr20_23688944_+,CST4 (1472),1.0,,True
2437,GGTAGCTTGGAGTCGAAGGG,chr6_78997450_-,PHIP (55023),1.0,,True
2438,GGTAGTGCAAGTAACCCCCG,chr21_30425865_+,KRTAP13-3 (337960),1.0,,True
2439,GGTATGTGACTGTCGCCTAA,chr10_84224602_-,LRIT2 (340745),1.0,,True
2440,GGTATTCCAGAATCACAGGG,chr8_10529559_+,PRSS55 (203074),1.0,,True
2441,GGTATTCGCGAATGGCCCCA,chr14_101986021_-,DYNC1H1 (1778),1.0,,True
2442,GGTCACAGATGGCCACGTAG,chr11_6877018_-,OR10A4 (283297),2.0,,True
2443,GGTCACGCAGCCGTTCACGG,chr11_61332925_+,DDB1 (1642),1.0,,True
2444,GGTCAGACCCCCCAGCCAGG,chr1_247532063_+,OR2C3 (81472),1.0,,True
2445,GGTCAGATACCATCAATGGG,chr19_8842841_+,MBD3L1 (85509),1.0,,True
2446,GGTCATAAGCGAAGTTGGCG,chr17_75110493_-,ARMC7 (79637),1.0,,True
2447,GGTCATACGCCATTGCTGAC,chr11_124440738_+,OR8B8 (26493),1.0,,True
2448,GGTCATGATGATGAAGAGCA,chr1_179564736_+,NPHS2 (7827),1.0,,True
2449,GGTCCACCTGACCCTCCGCC,chr18_63318374_-,BCL2 (596),1.0,,True
2450,GGTCCACCTTCAGCACCCCG,chr6_32323595_-,TSBP1 (10665),1.0,,True
2451,GGTCCCCCGGATGGCCCCCG,chr5_77637151_+,OTP (23440),1.0,,True
2452,GGTCCCCCTTGGGAAGGGCG,chr9_132582859_-,BARHL1 (56751),1.0,,True
2453,GGTCCCGCCGCGGCTCTGCG,chr10_121975039_-,NSMCE4A (54780),1.0,,True
2454,GGTCCGGGTAGACATATGAT,chr13_24909995_+,CPAP (55835),1.0,,True
2455,GGTCCGGTAGAAATTTAAAA,chr8_72568032_-,KCNB2 (9312),1.0,,True
2456,GGTCCTATAGAATAGCACCC,chr21_33552171_+,SON (6651),1.0,,True
2457,GGTCGACTACAAGAAGAGGG,chr19_45040276_+,CLASRP (11129),1.0,,True
2458,GGTCGCGCCGGCAAGAGCAG,chr1_161117994_-,PFDN2 (5202),1.0,,True
2459,GGTCGCGTCACGTAGAGCAG,chr5_150527908_-,NDST1 (3340),1.0,,True
2460,GGTCTCCATTACACACAAGG,chr1_56876083_-,C8A (731),1.0,,True
2461,GGTCTGATAGTGAGACCGAG,chr6_37444036_+,CMTR1 (23070),1.0,,True
2462,GGTCTGATGTCCTATATGCG,chr14_21034112_-,RNASE13 (440163),1.0,,True
2463,GGTCTGGGAAGTCAAGACAA,chr16_68233368_-,ESRP2 (80004),1.0,,True
2464,GGTGAAGGTGCGCCACCGCG,chr13_27920371_-,PDX1 (3651),1.0,,True
2465,GGTGACAAATGGCCACATAG,chr19_9102875_+,OR7G2 (390882),1.0,,True
2466,GGTGACCCCGGAGCTCAGCA,chr17_37744835_+,HNF1B (6928),1.0,,True
2467,GGTGAGCGCGATCATGACGT,chr7_155071377_-,HTR5A (3361),1.0,,True
2468,GGTGAGGCCGAGCTGCCCAA,chr11_59843129_+,CBLIF (2694),1.0,,True
2469,GGTGATGACGCACTTCCAAA,chr22_43972251_+,SAMM50 (25813),1.0,,True
2470,GGTGATTGCAGAGAGCCTGT,chr3_53121784_-,RFT1 (91869),1.0,,True
2471,GGTGCACCGTGCACACCCAA,chr16_88892430_-,CBFA2T3 (863),1.0,,True
2472,GGTGCAGCATCCCAACCAGG,chr10_50844086_+,A1CF (29974),1.0,,True
2473,GGTGCCTCTGACATGAGAAC,chr3_179573451_-,ACTL6A (86),1.0,,True
2474,GGTGCTGAGTCTTTCTCGAA,chr19_29985254_-,URI1 (8725),1.0,,True
2475,GGTGCTGGACGCCAACACGG,chr5_159099357_-,EBF1 (1879),1.0,,True
2476,GGTGCTTCCGATCACAAACC,chr3_38274282_-,SLC22A13 (9390),1.0,,True
2477,GGTGCTTCTGGCGCTCACAG,chr1_9015218_-,SLC2A7 (155184),1.0,,True
2478,GGTGGACAAAGGGCTCCAGA,chr3_48695235_+,IP6K2 (51447),1.0,,True
2479,GGTGGACTCTTCATTCCAAT,chr1_155826841_-,GON4L (54856),1.0,,True
2480,GGTGGAGAAGCCCTGCCACA,chr11_5509532_-,UBQLN3 (50613),1.0,,True
2481,GGTGGCAGAGGAGTAGGTAG,chr12_52776953_-,KRT76 (51350),1.0,,True
2482,GGTGGCAGCTTGCTGTACCA,chr8_70069578_+,PRDM14 (63978),1.0,,True
2483,GGTGGCATCATTCCACCCAT,chr17_32362926_-,ZNF207 (7756),1.0,,True
2484,GGTGGCGACGATCTTCCGCA,chr11_69641482_-,CCND1 (595),1.0,,True
2485,GGTGGCTGCTCTGGAAGCCG,chr1_168179091_-,TIPRL (261726),1.0,,True
2486,GGTGGGAAGCGATACTGCCA,chr17_42773502_-,VPS25 (84313),1.0,,True
2487,GGTGGGAGCGTCAAGTACTC,chr1_153261218_+,LORICRIN (4014),1.0,,True
2488,GGTGGGCCTGGAGGACCTAA,chr12_69258618_-,CPSF6 (11052),1.0,,True
2489,GGTGGGTCGGAGAACAGCAG,chr19_8698263_+,ACTL9 (284382),1.0,,True
2490,GGTGGTAGCTCCAAAAACCT,chr17_50370504_-,MRPL27 (51264),1.0,,True
2491,GGTGGTCCAGAAGGAAGCAT,chr6_47795285_-,OPN5 (221391),1.0,,True
2492,GGTGGTGACGATGAGCACCG,chr11_92969861_-,MTNR1B (4544),1.0,,True
2493,GGTGGTGGATGAGAATGCAG,chr4_99315995_-,ADH1B (125),1.0,,True
2494,GGTGTACCAGTGATCAGCCT,chr19_13100980_-,LYL1 (4066),1.0,,True
2495,GGTGTAGTAGAGCTCCACGG,chr12_129700107_+,TMEM132D (121256),1.0,,True
2496,GGTGTCCCAGGGTAACCGGG,chr19_1490207_-,PCSK4 (54760),1.0,,True
2497,GGTGTCCTGCTCGAAGTCAG,chr13_98176899_+,RNF113B (140432),1.0,,True
2498,GGTGTGGTACCACTTGCCAT,chr1_15461585_-,CELA2A (63036),1.0,,True
2499,GGTTAAAACTTACTTCAAAA,chr1_75932049_+,ASB17 (127247),1.0,,True
2500,GGTTACACAGACATACCCGT,chr3_113784437_-,ATP6V1A (523),1.0,,True
2501,GGTTACCAAGATCTCCAGCA,chr7_143052539_-,OR6V1 (346517),1.0,,True
2502,GGTTCACCAGCTCAAACACG,chr3_156678365_-,TIPARP (25976),1.0,,True
2503,GGTTCCTTGACGGGTCCCGG,chr6_44265190_+,NFKBIE (4794),1.0,,True
2504,GGTTGACATCTTCTTCTCAT,chr17_3215840_+,OR1A1 (8383),1.0,,True
2505,GGTTGACCATCACAGTCCGG,chr6_52187703_-,IL17A (3605),1.0,,True
2506,GGTTGAGGCTGAGAATCAAG,chr13_44989139_+,NUFIP1 (26747),3.0,,True
2507,GGTTGATCAGCTGGAGAAGG,chr3_108757144_+,RETNLB (84666),1.0,,True
2508,GGTTGCACAGGAACATGAAG,chr2_200935811_-,ORC2 (4999),1.0,,True
2509,GGTTGCTACTCACGTCACCA,chr14_22924273_+,PRMT5 (10419),1.0,,True
2510,GGTTGGAGTGAGCACGTTGC,chr12_57772015_+,METTL1 (4234),1.0,,True
2511,GGTTGTTTGCAACGACCGTC,chr19_9828362_+,UBL5 (59286),2.0,,True
2512,GGTTTGATAGAATAGCTCTG,chr2_45599828_-,SRBD1 (55133),1.0,,True
2513,GGTTTGGTTCCAGAACAGAA,chr10_49386842_-,DRGX (644168),1.0,,True
2514,GTAAAACGATTGGAGAAAGG,chr10_34384221_-,PARD3 (56288),1.0,,True
2515,GTAAAACTCAGTGATCACCA,chr11_56613180_+,OR5M1 (390168),1.0,,True
2516,GTAAACAAATCCACACCTGG,chr4_154796902_-,RBM46 (166863),1.0,,True
2517,GTAAACCGAGGCACAGCAAG,chr16_20073509_+,GPR139 (124274),1.0,,True
2518,GTAAACTCACCTGCTTGCAG,chr1_68440859_+,RPE65 (6121),1.0,,True
2519,GTAAAGAAGATCAAAGGGGA,chr20_675566_-,SCRT2 (85508),1.0,,True
2520,GTAAATCCATTACATCACCA,chr6_149745958_+,NUP43 (348995),1.0,,True
2521,GTAAATGCACAGCTTCTCCG,chr12_4276170_-,CCND2 (894),1.0,,True
2522,GTAACAGAGAAGCATCCGCA,chr8_70069396_+,PRDM14 (63978),1.0,,True
2523,GTAACAGTGAACCAGAAGGT,chr15_34932382_+,AQR (9716),1.0,,True
2524,GTAACCCCCGTGGGAGCAGG,chr21_30425875_+,KRTAP13-3 (337960),1.0,,True
2525,GTAACGGCAGGTCTTCCGGC,chr1_43360025_-,CDC20 (991),1.0,,True
2526,GTAACTCAGTGGGAATCAGG,chr2_130344638_-,IMP4 (92856),1.0,,True
2527,GTAACTGGAGTAACTACTGT,chr19_29208007_-,UQCRFS1 (7386),2.0,,True
2528,GTAACTTACCTGATGCAGCA,chr5_138167941_+,BRD8 (10902),1.0,,True
2529,GTAACTTCCAAAACAGCAGG,chr21_30440364_-,KRTAP15-1 (254950),1.0,,True
2530,GTAAGAGGTGAATCACGGCC,chr2_86098698_+,POLR1A (25885),1.0,,True
2531,GTAAGCAGGAAGAAAAGCTG,chr11_75089420_+,OR2AT4 (341152),1.0,,True
2532,GTAAGCCCATCCACATTGGG,chr15_34942033_+,AQR (9716),1.0,,True
2533,GTAAGGGAAACTATGCAGAG,chr6_25726404_-,H2AC1 (221613),1.0,,True
2534,GTAAGGTCTCCAATTATATA,chr10_121518733_-,FGFR2 (2263),1.0,,True
2535,GTAAGTCAGCTGTCACCAGA,chr18_31873518_-,TRAPPC8 (22878),1.0,,True
2536,GTAAGTTTCCAAATCCATAG,chr3_72841087_+,SHQ1 (55164),1.0,,True
2537,GTAATGCAGAGGGTGACAAA,chr1_158480316_-,OR10R2 (343406),1.0,,True
2538,GTAATGTGTCCATTCGAGGG,chr19_49497579_+,RPS11 (6205),1.0,,True
2539,GTAATTGCCTGCAGGTGTAA,chr2_211657825_-,ERBB4 (2066),1.0,,True
2540,GTACAAGCAGGAACAGAGCT,chr19_54058443_-,VSTM1 (284415),1.0,,True
2541,GTACACACCCGCCAGGACAG,chr19_41392968_+,EXOSC5 (56915),1.0,,True
2542,GTACACGCCCATCTGCCTAG,chr10_35641140_-,FZD8 (8325),1.0,,True
2543,GTACAGACACCACCAGCTGG,chr11_63374017_-,SLC22A9 (114571),1.0,,True
2544,GTACAGCCTTTACCAGCTGA,chr14_44505785_-,FSCB (84075),1.0,,True
2545,GTACAGGGCCAGCTAGAACA,chr10_102140307_-,PPRC1 (23082),1.0,,True
2546,GTACAGGTCCACGAACTCGC,chr20_62387357_-,RPS21 (6227),1.0,,True
2547,GTACAGTTCCCATCCTCAGA,chr8_58851756_-,TOX (9760),1.0,,True
2548,GTACATACAAGCCAGAGAAA,chr2_112238380_-,ZC3H8 (84524),1.0,,True
2549,GTACATACAGGTCAGAGCCA,chr11_59841300_+,CBLIF (2694),1.0,,True
2550,GTACATCATCGTGTTCGTCG,chr6_55174783_+,HCRTR2 (3062),1.0,,True
2551,GTACATCGTGGGCTTCTACG,chr19_4110558_-,MAP2K2 (5605),2.0,,True
2552,GTACCACATTGATGTCAGCG,chrX_64921829_+,ZC4H2 (55906),1.0,,True
2553,GTACCAGAACAACTCATAGG,chr6_155440025_+,NOX3 (50508),1.0,,True
2554,GTACCAGCTACTGAATACAC,chr13_73062299_+,KLF5 (688),1.0,,True
2555,GTACCCCGCGGAGACTCCCA,chr17_48728253_-,HOXB13 (10481),1.0,,True
2556,GTACCCTGAGGACAGCAGCT,chr6_34544241_-,SPDEF (25803),1.0,,True
2557,GTACCTCAGCAATATTGCCA,chr12_101340597_-,UTP20 (27340),1.0,,True
2558,GTACCTGGAGCAACTCCCGA,chr17_1877269_+,RPA1 (6117),1.0,,True
2559,GTACCTGGCCATGAACAAGA,chr11_69816342_-,FGF3 (2248),1.0,,True
2560,GTACCTGGTGGAGGGCTCCA,chr22_36933886_-,CSF2RB (1439),1.0,,True
2561,GTACCTGTGCAGAACCCAAA,chr12_13608744_-,GRIN2B (2904),1.0,,True
2562,GTACGAATAGGAATAATTGA,chr2_55679773_-,PNPT1 (87178),1.0,,True
2563,GTACGATGACCACGAGAGCG,chr17_67826115_+,BPTF (2186),1.0,,True
2564,GTACGATTTCCTGTTCAAGC,chr3_129121431_-,RAB43 (339122),1.0,,True
2565,GTACGCTACGGACGGAAGGA,chr8_54621576_+,RP1 (6101),1.0,,True
2566,GTACGGCTACAACCTCTCTG,chr1_9024998_-,SLC2A7 (155184),1.0,,True
2567,GTACGGGTAGAAGAATGCCG,chr6_88057690_+,SPACA1 (81833),1.0,,True
2568,GTACGTAGAATGTTTCACCC,chr2_85046144_+,KCMF1 (56888),1.0,,True
2569,GTACGTCCCACAAAACCTTA,chr15_34906660_-,AQR (9716),1.0,,True
2570,GTACGTGGCGCTCATCGCCA,chr3_138946532_-,FOXL2 (668),1.0,,True
2571,GTACTACGTGGCCTTCTACG,chr13_113654912_-,ATP4B (496),1.0,,True
2572,GTACTACTATAGCAGCAGTG,chr9_122826729_-,PDCL (5082),1.0,,True
2573,GTACTCACAGGGGGGACGAG,chr11_47378317_+,SPI1 (6688),1.0,,True
2574,GTACTGAGCGATAATATTCA,chr6_26246897_-,H4C7 (8369),1.0,,True
2575,GTACTGCAGCGGAGCTTCGG,chr17_997200_-,TIMM22 (29928),1.0,,True
2576,GTACTGGCATTGCAGGAGGA,chr6_41228759_-,TREML4 (285852),1.0,,True
2577,GTACTTGCTGCTCTCTCCCG,chr6_137493977_+,OLIG3 (167826),1.0,,True
2578,GTACTTGGCCAAGAGTCTGG,chr16_22305180_+,POLR3E (55718),1.0,,True
2579,GTAGAACTCAAATCTCTGCT,chrX_78113890_+,PGK1 (5230),2.0,,True
2580,GTAGAAGCCAGAGAGGTCAG,chr5_134138974_-,TCF7 (6932),1.0,,True
2581,GTAGAAGTAGAGAATGAAAC,chr11_74203808_+,PPME1 (51400),1.0,,True
2582,GTAGAATGTTTACTACCAAA,chr3_179198905_+,PIK3CA (5290),1.0,,True
2583,GTAGACCTGCGCGTTGGCGG,chr6_151808114_-,ESR1 (2099),1.0,,True
2584,GTAGACGGAGAGGGGCCCCG,chr10_8058445_-,GATA3 (2625),1.0,,True
2585,GTAGAGACCGCTATGCAGAA,chr6_155436474_-,NOX3 (50508),1.0,,True
2586,GTAGAGATTGATGCTCACAT,chr1_109415241_-,PSMA5 (5686),1.0,,True
2587,GTAGAGCTGCTGCAGCTGCG,chr11_47359944_+,SPI1 (6688),1.0,,True
2588,GTAGAGGGGCTGGCTCCCCA,chr7_76483062_-,DTX2 (113878),2.0,,True
2589,GTAGATTCCAACTTTCAGTA,chr7_117422334_-,ASZ1 (136991),1.0,,True
2590,GTAGATTTATGTCCCAGCGA,chr12_114674822_-,TBX3 (6926),1.0,,True
2591,GTAGCAACTCCTGGTAAGAA,chr2_231461781_-,NCL (4691),1.0,,True
2592,GTAGCACCTCAAGCAAAGTA,chr1_11231360_+,MTOR (2475),1.0,,True
2593,GTAGCACTAATGTTCTCAGG,chr19_41238486_-,AXL (558),1.0,,True
2594,GTAGCCACCACAGGAGCGGG,chr21_30396123_-,KRTAP13-1 (140258),1.0,,True
2595,GTAGCCCACGAAGGACAGGA,chr1_20143520_-,PLA2G2F (64600),1.0,,True
2596,GTAGCCCCTGTTGATTTAGA,chr2_177232455_-,NFE2L2 (4780),1.0,,True
2597,GTAGCTCTCCACATTTCGAG,chr3_128637893_+,RPN1 (6184),1.0,,True
2598,GTAGCTGCCCACCAGATCCG,chrX_71127020_-,MED12 (9968),1.0,,True
2599,GTAGCTGCCGTAGTAGCTCA,chr21_30491953_+,KRTAP19-3 (337970),1.0,,True
2600,GTAGGAAAAGCCACAGGAGG,chr21_30396159_-,KRTAP13-1 (140258),1.0,,True
2601,GTAGGAATAATACCTCCAAA,chr14_52713939_+,PSMC6 (5706),3.0,,True
2602,GTAGGAGATAGGGGGAAGCG,chr2_176099916_-,HOXD12 (3238),1.0,,True
2603,GTAGGAGGTCACGATCAGGC,chr19_43416462_-,TEX101 (83639),1.0,,True
2604,GTAGGAGGTCTGGTAGAGCG,chr13_27793045_-,GSX1 (219409),1.0,,True
2605,GTAGGATCCCAGCATGTCTG,chr1_151400048_-,PSMB4 (5692),1.0,,True
2606,GTAGGCAAGATGGCGTCGAG,chr7_92528821_+,RBM48 (84060),1.0,,True
2607,GTAGGCGATGTGCATTGCAG,chr9_108862905_-,ACTL7A (10881),1.0,,True
2608,GTAGGGCGCCTGGGTCCCCA,chr20_33004314_+,SUN5 (140732),1.0,,True
2609,GTAGGGTACCCACTTAGCCA,chr12_57534295_+,DCTN2 (10540),1.0,,True
2610,GTAGGGTTCGAAGAGTTCAC,chr6_37458789_-,CMTR1 (23070),1.0,,True
2611,GTAGGGTTGATGGTGAGCGC,chr19_4123842_+,MAP2K2 (5605),2.0,,True
2612,GTAGGTACCAGGACACTGCA,chr19_48607075_-,SPACA4 (171169),1.0,,True
2613,GTAGGTCAGCAAAAGGTTGA,chr1_19257466_+,MRTO4 (51154),1.0,,True
2614,GTAGTAGCTGGGGAAGTACG,chr22_37084776_+,TMPRSS6 (164656),1.0,,True
2615,GTAGTATCTTGCCATGGGGA,chr2_113072751_-,IL1F10 (84639),1.0,,True
2616,GTAGTCATAGAGCAGGCCGA,chr8_101543413_-,GRHL2 (79977),1.0,,True
2617,GTAGTCCCCTGCGCCCCCCG,chr14_23321590_-,PABPN1 (8106),1.0,,True
2618,GTAGTCGTTGTAGCAGCGCA,chr22_36923267_-,CSF2RB (1439),1.0,,True
2619,GTAGTCTTTGAGCAGCGTAG,chr1_36462127_+,MRPS15 (64960),1.0,,True
2620,GTAGTGCAAGTAACCCCCGT,chr21_30425866_+,KRTAP13-3 (337960),1.0,,True
2621,GTAGTGCCAAGATTTGGTAT,chr12_77831539_-,NAV3 (89795),1.0,,True
2622,GTAGTGGGCCTGGATGGCGG,chr22_37977959_+,SOX10 (6663),1.0,,True
2623,GTAGTTCAAACAGATGACGC,chr2_95594069_-,TRIM43 (129868),1.0,,True
2624,GTAGTTGATGAGATGCACAA,chr17_41769503_+,JUP (3728),1.0,,True
2625,GTATAAACCAAAAAGTTCTG,chr8_39609057_-,ADAM18 (8749),1.0,,True
2626,GTATAACGCTGTCATGGACG,chr14_21366493_-,SUPT16H (11198),1.0,,True
2627,GTATAATCTTCTCCATTGAA,chr17_40412920_+,TOP2A (7153),1.0,,True
2628,GTATAGATAAGGAGGCACAG,chr13_103058330_+,SLC10A2 (6555),1.0,,True
2629,GTATAGCTCCTGCCTTAGTG,chr2_226864856_+,RHBDD1 (84236),1.0,,True
2630,GTATATTCAGTACATAGACA,chr10_7778968_-,KIN (22944),1.0,,True
2631,GTATCAGTACCCGAACAGAA,chr17_43491243_-,DHX8 (1659),1.0,,True
2632,GTATGACCATCTTTGGGCAG,chr10_101227764_-,LBX1 (10660),1.0,,True
2633,GTATGCCTGGAAGGGCGAAA,chr20_34292489_-,AHCY (191),1.0,,True
2634,GTATGGAGAGAAATAGCTTG,chr22_35067138_+,ISX (91464),1.0,,True
2635,GTATGGCATTCAGAGAGTGG,chr11_89047667_-,GRM5 (2915),2.0,,True
2636,GTATGGCGCCCCACTCCGGG,chr13_27968786_-,CDX2 (1045),1.0,,True
2637,GTATGGTCTTGAGAGCTAGT,chr21_30319903_+,KRTAP26-1 (388818),1.0,,True
2638,GTATGTGCGGAGTCACCCCT,chr3_49103945_-,QARS1 (5859),1.0,,True
2639,GTATGTTGATCCTTTAGCTG,chr10_27064038_-,ANKRD26 (22852),1.0,,True
2640,GTATTATCTGAAAGAAAGGC,chr6_116806963_+,GPRC6A (222545),1.0,,True
2641,GTATTCAAGGGAAATCTGAA,chr3_142560383_+,ATR (545),1.0,,True
2642,GTATTCTTGGATGAGCTTAA,chr11_101051508_-,PGR (5241),1.0,,True
2643,GTATTGTTTCCAGAGATGCA,chr3_109110779_-,MORC1 (27136),1.0,,True
2644,GTCAACAAACGGCAATCGGG,chr4_163473391_+,TKTL2 (84076),1.0,,True
2645,GTCAGAGCCAAGGCACTGCA,chr17_37379196_-,C17orf78 (284099),1.0,,True
2646,GTCAGAGGCTTATTTCCGAG,chr16_58392620_+,GINS3 (64785),1.0,,True
2647,GTCAGCACAGACCTTCCTGA,chr15_63713520_-,HERC1 (8925),1.0,,True
2648,GTCATAGCTGAGATCCTGCG,chr20_2654570_+,NOP56 (10528),1.0,,True
2649,GTCCAGCCCCTGCTGCCAGA,chr21_44637577_+,KRTAP10-10 (353333),1.0,,True
2650,GTCCGCAGCCGAAGAGGCCG,chr7_140924600_+,BRAF (673),1.0,,True
2651,GTCCTACTAATGCAGCACAT,chr4_79407418_+,GK2 (2712),1.0,,True
2652,GTCGAAGCAGATCAGCCCCG,chr4_127730720_+,SLC25A31 (83447),1.0,,True
2653,GTCGGCGCGCTACTTCCGAG,chr20_664305_-,SCRT2 (85508),1.0,,True
2654,GTCGGGGTCGCCATGTCGGG,chr14_35534484_+,INSM2 (84684),1.0,,True
2655,GTCTACATGCTCAAACACCA,chr12_57751286_+,CDK4 (1019),1.0,,True
2656,GTCTAGTGAGGACCCTTGGA,chr17_37739628_-,HNF1B (6928),1.0,,True
2657,GTCTCGCTGGATCAGCCCCA,chr8_142914755_-,CYP11B2 (1585),1.0,,True
2658,GTCTGCCTCTGCTTGAACTT,chr12_14978087_-,PDE6H (5149),1.0,,True
2659,GTCTTGAGTACATACCAGCG,chr7_141841017_+,PRSS37 (136242),1.0,,True
2660,GTCTTGATGTGTGTTACGCA,chr13_73062070_-,KLF5 (688),1.0,,True
2661,GTGAAGAGAGTGCCCCACAA,chr4_87662234_+,DMP1 (1758),1.0,,True
2662,GTGACGACCATAAGTTGCAG,chrX_65534520_-,LAS1L (81887),1.0,,True
2663,GTGACTCCGCACATACTCAA,chr3_49103963_+,QARS1 (5859),1.0,,True
2664,GTGACTGAAGGAAATAAACA,chr7_143183917_-,TAS2R39 (259285),1.0,,True
2665,GTGAGAAAGACACACTGCAG,chr6_34762617_+,SNRPC (6631),2.0,,True
2666,GTGAGGGTAGGTGCAGGGCA,chr3_187197553_-,RTP1 (132112),1.0,,True
2667,GTGAGTACTGGCATTGCAGG,chr6_41228763_-,TREML4 (285852),2.0,,True
2668,GTGAGTGCCCGATCCCGCCG,chr2_55693748_+,PNPT1 (87178),1.0,,True
2669,GTGATCTCCGAGATACAGGT,chr22_41636769_+,XRCC6 (2547),1.0,,True
2670,GTGATGCCAAAAATGCTGGA,chr6_29427390_-,OR11A1 (26531),1.0,,True
2671,GTGATGGTGAAACTTAAGTG,chr12_95861235_+,SNRPF (6636),1.0,,True
2672,GTGATGTGCTCAAAGCCTGG,chr19_55660576_-,U2AF2 (11338),1.0,,True
2673,GTGATTCTAGCCTCTAACAG,chr3_128055746_+,SEC61A1 (29927),2.0,,True
2674,GTGATTCTGAGAGCACTGGA,chr1_94188885_-,ARHGAP29 (9411),1.0,,True
2675,GTGATTGGCTCTCTGCATGG,chr19_15808036_+,OR10H1 (26539),1.0,,True
2676,GTGCAAGTATGCCAGTGTGG,chr20_57518762_-,CTCFL (140690),1.0,,True
2677,GTGCAGCAGCATCTCTACCA,chr14_74357111_-,VRTN (55237),1.0,,True
2678,GTGCAGCCGTGGCAGCTGGG,chr17_41350695_+,KRT33A (3883),1.0,,True
2679,GTGCAGCTCTTGCATCTGGG,chr9_113283453_-,PRPF4 (9128),1.0,,True
2680,GTGCCCCCTTGGCAGCCAGG,chrX_55623988_+,FOXR2 (139628),1.0,,True
2681,GTGCCTCAAGAAGAATCACG,chr17_41488250_-,KRT36 (8689),1.0,,True
2682,GTGCGAAGAGTATCGAAGAG,chr11_107457759_-,CWF19L2 (143884),1.0,,True
2683,GTGCGTGGCCGGCTACCACG,chr9_136507421_-,NOTCH1 (4851),1.0,,True
2684,GTGCTATCTACTCTTGACTG,chr11_55914146_-,OR5W2 (390148),1.0,,True
2685,GTGCTCCGAGCCCTACCCGG,chr9_135699439_-,SOHLH1 (402381),1.0,,True
2686,GTGCTGCAGATGGATTACAA,chr14_94467222_-,SERPINA9 (327657),1.0,,True
2687,GTGCTGCTTATGGATACCCA,chr2_38318616_-,ATL2 (64225),1.0,,True
2688,GTGGAAGCCGAGCCAGGACA,chr10_123666840_-,GPR26 (2849),1.0,,True
2689,GTGGAAGGAGAAATAGGGAG,chr1_18857349_+,TAS1R2 (80834),1.0,,True
2690,GTGGACAGCAAACTCCACTG,chr20_23568299_+,CST9L (128821),1.0,,True
2691,GTGGAGATATTTCTACAGAA,chr10_17981352_+,SLC39A12 (221074),1.0,,True
2692,GTGGATACTTGCATTTAACG,chr19_9828384_-,UBL5 (59286),1.0,,True
2693,GTGGCCAATGACATGCACAT,chr10_116553754_-,PNLIP (5406),1.0,,True
2694,GTGGCCATCAAACTCCTCCT,chr9_21187341_+,IFNA4 (3441),1.0,,True
2695,GTGGCGATCATCATGAAGAA,chr12_64743257_+,GNS (2799),1.0,,True
2696,GTGGCTGTGCACAACAACCG,chr4_7064210_+,GRPEL1 (80273),1.0,,True
2697,GTGGGCGTAACTCACAGCCG,chr19_51034077_-,KLK12 (43849),1.0,,True
2698,GTGTATCTGGGGCAGAAAGG,chr10_27155587_+,MASTL (84930),1.0,,True
2699,GTGTCACTGTCCTCTCCAGG,chr6_30713056_+,MDC1 (9656),1.0,,True
2700,GTGTCATTGTCAAATAGCAG,chr14_102006117_-,DYNC1H1 (1778),1.0,,True
2701,GTGTCGGGCAGCAAGTAGTG,chr13_72781640_+,DIS3 (22894),1.0,,True
2702,GTGTCTGCTTTGGCAATCAG,chr7_55834568_+,SEPTIN14 (346288),2.0,,True
2703,GTGTGAACAGACTCAGGCCG,chr17_7042477_+,SLC16A11 (162515),1.0,,True
2704,GTGTGATTAGGTAGATCGCA,chr11_56613404_+,OR5M1 (390168),1.0,,True
2705,GTGTGCTCTCACCAAGGCTG,chr17_41118274_-,KRTAP4-11 (653240),1.0,,True
2706,GTGTGTCCTGGGACTCTGAA,chr12_56083766_+,ERBB3 (2065),1.0,,True
2707,GTGTGTCTCCACGATCCCCG,chr3_50256277_-,GNAI2 (2771),1.0,,True
2708,GTGTGTGCAGAACAATGTGA,chr2_211725166_-,ERBB4 (2066),1.0,,True
2709,GTGTTGACTGAGGAGCCAAA,chr10_30336892_+,MTPAP (55149),1.0,,True
2710,GTGTTGGCTGAACAGAGGGC,chr20_56248866_-,MC3R (4159),1.0,,True
2711,GTTAATTTGTTCATAGGCCG,chr10_68963291_+,DDX21 (9188),1.0,,True
2712,GTTACCACCCTGGATGGCCA,chr22_19820657_-,GNB1L (54584),1.0,,True
2713,GTTAGAGGTCACCATGCTGA,chr1_36464271_-,MRPS15 (64960),1.0,,True
2714,GTTATAGAGCGCCATCGCCG,chr9_128323117_-,COQ4 (51117),1.0,,True
2715,GTTATCTGCGAACACAGTAG,chr17_57401430_+,MSI2 (124540),1.0,,True
2716,GTTCAAGGCTACAACAATGA,chr11_78478652_-,NARS2 (79731),1.0,,True
2717,GTTCACCAGCGCACAAGCAG,chr7_19708907_+,POLR1F (221830),1.0,,True
2718,GTTCACCCAAAAAAACAGCA,chr7_143478311_-,TAS2R41 (259287),1.0,,True
2719,GTTCACCCAGAGCTTGTGAG,chr2_135868770_-,MCM6 (4175),1.0,,True
2720,GTTCAGCCAACACTGCCTAA,chr20_56248887_+,MC3R (4159),1.0,,True
2721,GTTCAGCCAAGGTCAATGCA,chr3_196270501_-,PCYT1A (5130),1.0,,True
2722,GTTCAGCTATGTGGACCTAG,chr2_219246676_+,STK16 (8576),1.0,,True
2723,GTTCAGTAAGTTACAGTCCA,chr9_27524421_-,IFNK (56832),1.0,,True
2724,GTTCAGTGAAGGTCGAGAAA,chr4_70480814_+,MUC7 (4589),1.0,,True
2725,GTTCATCCGTCATCTCCAAG,chr12_117855540_+,KSR2 (283455),1.0,,True
2726,GTTCATCCTCAACCTGGCGG,chr22_37823599_+,GALR3 (8484),1.0,,True
2727,GTTCATGGCCAGGTACCGCC,chr11_69816360_+,FGF3 (2248),1.0,,True
2728,GTTCATGTACTTGGTCACGG,chr17_3127439_-,OR1G1 (8390),1.0,,True
2729,GTTCCAACATGTACTCTGGT,chr2_68871113_+,BMP10 (27302),1.0,,True
2730,GTTCCAGCTGGGGCACCGCG,chr12_117761035_-,KSR2 (283455),1.0,,True
2731,GTTCCAGGTAGCAGAAAACG,chr1_54205389_-,MRPL37 (51253),1.0,,True
2732,GTTCCAGTGCGAGTGCCCCA,chr9_136517277_-,NOTCH1 (4851),1.0,,True
2733,GTTCCCCTCTACTGAACAAA,chr4_67929978_-,TMPRSS11A (339967),1.0,,True
2734,GTTCCTCAGGAAAATGATGA,chrX_72275672_+,RPS4X (6191),1.0,,True
2735,GTTCGTAGAGAGAGAGTTGG,chr5_134138093_-,TCF7 (6932),1.0,,True
2736,GTTCGTCCGGAAGCTCCGGA,chr22_30587376_-,PES1 (23481),1.0,,True
2737,GTTCGTGCGTGATAATCACA,chr19_39706647_+,LGALS14 (56891),1.0,,True
2738,GTTCTAGTCATTGGAGCTGG,chr3_69075463_-,UBA3 (9039),1.0,,True
2739,GTTCTCGATGAGGAAGGAGG,chr4_8871562_+,HMX1 (3166),1.0,,True
2740,GTTCTCGGAAACTTTGCCAA,chr12_10986792_-,TAS2R50 (259296),1.0,,True
2741,GTTCTTGAATTCCAGGGTGG,chr15_31070055_-,TRPM1 (4308),1.0,,True
2742,GTTCTTGCTGAGGTTGGCAT,chr11_62984527_+,SLC22A6 (9356),1.0,,True
2743,GTTCTTGTCCTTCTTCACTA,chr12_68835947_-,MDM2 (4193),1.0,,True
2744,GTTGAGCACCTGATACAGCG,chr5_63961436_+,HTR1A (3350),1.0,,True
2745,GTTGAGGATGAACAGGTCCG,chr22_37823578_-,GALR3 (8484),1.0,,True
2746,GTTGAGGTTCTTCAGAAGGA,chr3_124737679_+,UMPS (7372),1.0,,True
2747,GTTGCAACTGGACCAAAAGA,chr11_85895364_+,CCDC83 (220047),1.0,,True
2748,GTTGCAGAAGGGAAAAGGGG,chr1_153728656_+,INTS3 (65123),1.0,,True
2749,GTTGCAGACTTGCTTCCAGG,chr8_58851592_+,TOX (9760),1.0,,True
2750,GTTGCAGTAGCCCCCCACGG,chr14_36519110_+,NKX2-1 (7080),1.0,,True
2751,GTTGCCATCAAACACCTCCT,chr9_21217115_+,IFNA16 (3449),1.0,,True
2752,GTTGCCCGCCAACAAAACAG,chr8_38424648_-,FGFR1 (2260),1.0,,True
2753,GTTGCTCTCCCACAGCCAGT,chr11_101062682_-,PGR (5241),1.0,,True
2754,GTTGCTGGCGACACTGAGCG,chr1_9025040_-,SLC2A7 (155184),1.0,,True
2755,GTTGGAATTTCAGGTAACAC,chr11_14281716_-,RRAS2 (22800),1.0,,True
2756,GTTGGACAAGGACAGCCGCC,chr6_31794942_+,VARS1 (7407),1.0,,True
2757,GTTGGAGTAAGAGCTGACAG,chr12_78116857_-,NAV3 (89795),1.0,,True
2758,GTTGGCACACGGCAGCACAC,chr11_1585093_+,KRTAP5-1 (387264),1.0,,True
2759,GTTGGCACCAGCTAATGCAG,chr1_70232318_+,SRSF11 (9295),1.0,,True
2760,GTTGGTGAAAGCACAAGCCC,chr17_3292125_+,OR3A1 (4994),1.0,,True
2761,GTTGTCATAGATCCAGCCAT,chr11_62984368_+,SLC22A6 (9356),1.0,,True
2762,GTTGTCATCTGTGGGTTCAA,chr12_112090785_+,NAA25 (80018),1.0,,True
2763,GTTGTGAAGAAGAAGAACAA,chr17_40411384_-,TOP2A (7153),1.0,,True
2764,GTTGTGCGTGGTGTGCCGGG,chr6_30160494_-,TRIM10 (10107),1.0,,True
2765,GTTGTGGCAGAAGATCCCGC,chr1_117078030_+,TTF2 (8458),1.0,,True
2766,GTTGTGTCGTTCCACAACCT,chr3_9797740_-,ARPC4 (10093),1.0,,True
2767,GTTGTTAATGAAGAACACAG,chr4_17823018_+,NCAPG (64151),1.0,,True
2768,GTTGTTCAGGAAGAGCGCAA,chr10_42793005_-,BMS1 (9790),1.0,,True
2769,GTTTACTCACCAATATTGGC,chr2_27629945_-,GPN1 (11321),1.0,,True
2770,GTTTATATATAGGTTCAACA,chr5_102458486_-,SLCO6A1 (133482),1.0,,True
2771,GTTTCAAATAGAAGTATCCA,chr11_123885399_-,TMEM225 (338661),1.0,,True
2772,GTTTCATTCCAAGCTTCAGG,chr16_88891931_-,CBFA2T3 (863),1.0,,True
2773,GTTTCCGTCTGCACAACGAC,chr16_69340072_+,NIP7 (51388),1.0,,True
2774,GTTTCCTGTCAGCCCGACAA,chr11_18934666_+,MRGPRX1 (259249),1.0,,True
2775,GTTTCCTGTCAGTCCGACAA,chr11_18173374_-,MRGPRX4 (117196),1.0,,True
2776,GTTTCCTTCAGGTTGGGGCA,chr22_25224977_-,CRYBB2 (1415),1.0,,True
2777,GTTTCTCGCCAATTTCCAGG,chr19_38920121_+,SARS2 (54938),1.0,,True
2778,GTTTGCAGCCAGATGCTGCG,chr1_153307122_-,PGLYRP3 (114771),1.0,,True
2779,GTTTGCCAGTGATTGGACCA,chr13_30621185_+,USPL1 (10208),1.0,,True
2780,GTTTGGCAACCAGTTCCAAA,chr9_21385118_-,IFNA2 (3440),1.0,,True
2781,GTTTGGCAAGTTCTTCCGCG,chr17_43484093_-,DHX8 (1659),1.0,,True
2782,GTTTGGCCTCAAAAGAAACG,chr1_150579511_-,MCL1 (4170),1.0,,True
2783,GTTTGTACATCTGCTCTGTG,chr3_9803880_-,ARPC4 (10093),1.0,,True
2784,GTTTGTCAGTGGCTTTCCCA,chr11_62589113_-,TUT1 (64852),1.0,,True
2785,GTTTGTTTCAGGGTATCCAA,chr3_66263337_+,SLC25A26 (115286),1.0,,True
2786,TAAACGCTATGGATACCGTT,chr5_74768976_+,NSA2 (10412),2.0,,True
2787,TAACACTTGTGCGCGACTGG,chr6_5260720_+,LYRM4 (57128),1.0,,True
2788,TAACCATGCTGACCAGCAAG,chr8_42768418_-,CHRNA6 (8973),1.0,,True
2789,TAACTTGTCCCAGATTACAG,chr4_79407908_+,GK2 (2712),1.0,,True
2790,TAAGATACTTACAAACACAC,chrX_72276161_+,RPS4X (6191),1.0,,True
2791,TAATCAGCTGAGGCCATGTC,chr11_33161323_-,CSTF3 (1479),1.0,,True
2792,TAATCCCCCGACTACAGAAG,chr4_98901948_-,EIF4E (1977),1.0,,True
2793,TAATGGAGCTGGCTACCGGA,chr8_86064393_-,PSKH2 (85481),1.0,,True
2794,TACAGATCAGAAGCAATCAA,chr5_138573838_-,HSPA9 (3313),1.0,,True
2795,TACAGCGGCAGACTGAAGGA,chr1_43386986_-,MED8 (112950),1.0,,True
2796,TACAGCTCACCTTCTCGCAG,chr5_134225766_+,PPP2CA (5515),1.0,,True
2797,TACAGGTTCATACGTTCCAA,chr11_60518159_-,MS4A13 (503497),1.0,,True
2798,TACATGTTGTTCGAACCCAG,chr1_152356464_+,FLG2 (388698),1.0,,True
2799,TACCACGACCCAGATCCCAG,chr7_129054699_-,TNPO3 (23534),1.0,,True
2800,TACCCAGGATTAAGTTAAGG,chr11_123884578_+,TMEM225 (338661),1.0,,True
2801,TACCTGCAGACAGACAGCAT,chr19_51387273_-,LIM2 (3982),1.0,,True
2802,TACGAAATGACACTGCCTGG,chrX_40591335_-,ATP6AP2 (10159),1.0,,True
2803,TACGAGCTCTTCCCCGGCCG,chr9_77019663_-,FOXB2 (442425),1.0,,True
2804,TACGCATCCAAGAAGTCGGG,chr17_50370522_-,MRPL27 (51264),1.0,,True
2805,TACGGTGTCCCAAATCAATG,chr15_34969558_-,AQR (9716),1.0,,True
2806,TACTACGGCAGCTACTATGG,chr21_30491934_-,KRTAP19-3 (337970),1.0,,True
2807,TACTATCTAAAACTTCAAGG,chr19_29208091_+,UQCRFS1 (7386),2.0,,True
2808,TACTCACATCATCCACACGC,chr9_133463545_-,CACFD1 (11094),1.0,,True
2809,TACTCCCTGAAGCAACCTGA,chr14_65027736_+,FNTB (2342),1.0,,True
2810,TACTCGGAGGAGGACAAGCG,chr19_3110227_+,GNA11 (2767),1.0,,True
2811,TACTCTTGAGAGCATCTGCC,chr16_18789090_+,RPS15A (6210),1.0,,True
2812,TAGAAAATGGAAGTGAGCAA,chr3_72844383_-,SHQ1 (55164),1.0,,True
2813,TAGAACTGTGGCAATGGACG,chr12_96937318_-,NEDD1 (121441),1.0,,True
2814,TAGACAAAAGAAATACGCCT,chr3_173117154_-,SPATA16 (83893),1.0,,True
2815,TAGACAAACTGGATGTTAGA,chr6_49787145_-,PGK2 (5232),1.0,,True
2816,TAGAGATTCCGGGTGCCAGT,chr7_128324592_+,RBM28 (55131),1.0,,True
2817,TAGAGGCAGCCAAAACGAGG,chr16_28495267_+,APOBR (55911),1.0,,True
2818,TAGCATGCAGAAGCAGTAGA,chr2_100470531_-,NMS (129521),1.0,,True
2819,TAGCATGGCAGAAAGAACAA,chr7_55861983_-,SEPTIN14 (346288),1.0,,True
2820,TAGCCGATGCCCTTACACAG,chr10_35641303_+,FZD8 (8325),1.0,,True
2821,TAGCCTAGAGGATACCCAAA,chr7_25227012_-,NPVF (64111),1.0,,True
2822,TAGCTCCTCATACTGTTGGT,chr3_121584958_-,ARGFX (503582),1.0,,True
2823,TAGCTTATCCAGGAAATCCG,chr5_151892376_+,GLRA1 (2741),1.0,,True
2824,TAGGAAATAGAGCGGCGGCG,chr15_43814674_-,MFAP1 (4236),1.0,,True
2825,TAGGACTCACATGGGCCACG,chr1_151264021_-,PSMD4 (5710),1.0,,True
2826,TAGGCTCCGTGGTTTCCACG,chr2_17731125_-,SMC6 (79677),1.0,,True
2827,TAGGGCCTCATGCATCTGCA,chr3_52260487_-,WDR82 (80335),1.0,,True
2828,TAGGTCAGCAAAAGGTTGAG,chr1_19257467_+,MRTO4 (51154),1.0,,True
2829,TAGTCCCCCAGACCTACCAA,chr6_47795311_-,OPN5 (221391),1.0,,True
2830,TAGTCCCGCCATCTGACAGG,chr2_168889440_+,SPC25 (57405),1.0,,True
2831,TATAGCCTCGATACAACCCT,chr3_66263342_-,SLC25A26 (115286),1.0,,True
2832,TATAGGGTGACTTGACCCCG,chr12_53321426_+,AAAS (8086),1.0,,True
2833,TATCACAGAGAAATTCTAGA,chr4_165040503_+,TRIM60 (166655),1.0,,True
2834,TATCATCCTTGGACATGCTG,chr14_20584280_+,RNASE11 (122651),1.0,,True
2835,TATCCTTCGAAGGAAGCCTG,chr3_9801748_+,ARPC4 (10093),1.0,,True
2836,TATCGCTCAGTACCTTGCGA,chr6_26246918_+,H4C7 (8369),1.0,,True
2837,TATCTCGGCCACTAAAAGAG,chr22_24756496_-,PIWIL3 (440822),1.0,,True
2838,TATCTTCTCAAACATGACAC,chr16_69339860_-,NIP7 (51388),1.0,,True
2839,TATGAAGAAGTTCTTCACCG,chr1_20140194_+,PLA2G2F (64600),1.0,,True
2840,TATGAAGAGGGACATCAAGA,chr9_27524586_+,IFNK (56832),1.0,,True
2841,TATGAATTCAGGAGTCTGGG,chr21_39180400_-,PSMG1 (8624),1.0,,True
2842,TATGACCAGGAAATTTATGG,chr2_197423871_-,SF3B1 (23451),1.0,,True
2843,TATGAGCGCCCCAACTACCA,chr2_208145873_-,CRYGB (1419),1.0,,True
2844,TATGAGGACAAGCCGCAGGG,chr2_98608376_-,COA5 (493753),1.0,,True
2845,TATGATGCAGAAGATGCCCG,chr6_137494016_-,OLIG3 (167826),1.0,,True
2846,TATGCAGTCTGGAAAATACG,chr10_30336921_+,MTPAP (55149),1.0,,True
2847,TATGGAACAAGGCATCCAAG,chr20_6107593_-,FERMT1 (55612),1.0,,True
2848,TATGGAGCCCTCACCCTCAA,chr6_28510848_-,GPX6 (257202),1.0,,True
2849,TATGGAGGCTCCGTTCACAG,chr11_4821579_-,OR51F2 (119694),1.0,,True
2850,TATGTTGCCTGGACCACGAA,chr18_55302430_-,TCF4 (6925),1.0,,True
2851,TATGTTTAACTGGACCACAG,chr19_43416176_+,TEX101 (83639),1.0,,True
2852,TATTATGAGGACAAGCCGCA,chr2_98608379_-,COA5 (493753),1.0,,True
2853,TATTGATGGCAAATACACAG,chr1_114713850_+,NRAS (4893),1.0,,True
2854,TATTGGCCTCAAAGACCTCA,chr3_156677857_-,TIPARP (25976),1.0,,True
2855,TATTGTTTCCAGAGATGCAG,chr3_109110778_-,MORC1 (27136),1.0,,True
2856,TATTTGACTTCAGTCAGCGA,chr2_177234193_-,NFE2L2 (4780),1.0,,True
2857,TATTTGCCATCTCAGAAGTG,chr1_66801164_-,INSL5 (10022),1.0,,True
2858,TCAAACAGCCCCACCTGCCA,chr19_51034071_+,KLK12 (43849),1.0,,True
2859,TCAAAGCCTGAGATACTACA,chr17_17147364_+,MPRIP (23164),2.0,,True
2860,TCAAATAAAGGAAGATGCCG,chr11_85873230_+,CCDC83 (220047),1.0,,True
2861,TCAAGCAGTTCGCACTACAG,chr17_80730685_+,RPTOR (57521),1.0,,True
2862,TCAAGGCCCGACACAGGTAA,chr2_135870349_+,MCM6 (4175),1.0,,True
2863,TCAAGGTTCTCCCCGCAAGG,chr5_177994271_-,PROP1 (5626),1.0,,True
2864,TCAAGTGCTCGCAGAAGCAT,chr13_28036019_-,FLT3 (2322),1.0,,True
2865,TCACAATGAAGCAAGCACTG,chr12_8457961_-,CLEC6A (93978),1.0,,True
2866,TCACAGATGCCATCAGACGT,chr2_68866281_-,BMP10 (27302),1.0,,True
2867,TCACAGCCTGGGTAACAGGA,chr9_21409279_+,IFNA8 (3445),1.0,,True
2868,TCACAGCTCATCTTTCCTAA,chr2_127858032_-,POLR2D (5433),1.0,,True
2869,TCACATACAGGACCGCAGCA,chr10_1000768_-,GTPBP4 (23560),1.0,,True
2870,TCACCAACAAGCTCAACGGA,chr6_166166603_-,TBXT (6862),1.0,,True
2871,TCACCAACACTCCCGCCAAA,chr22_20086455_-,DGCR8 (54487),1.0,,True
2872,TCACCAATATTGGCAGGAAA,chr2_27629939_-,GPN1 (11321),1.0,,True
2873,TCACCACCTCATCCACGTAG,chr3_196247430_+,PCYT1A (5130),1.0,,True
2874,TCACCAGCATCAAGGCACAA,chr18_50251528_-,CFAP53 (220136),1.0,,True
2875,TCACCATCCTCGGTTTCAGG,chr6_88048100_-,SPACA1 (81833),1.0,,True
2876,TCACCCAAGCCACTGCACAG,chr3_38266009_-,SLC22A13 (9390),1.0,,True
2877,TCACCCCACGACAGAGTAGA,chr6_41043145_-,TSPO2 (222642),1.0,,True
2878,TCACCCGAGAGCAGATTGCG,chr7_27245205_+,EVX1 (2128),1.0,,True
2879,TCACCCTTGTAGATTCCTGG,chr6_88904912_+,RNGTT (8732),1.0,,True
2880,TCACCTCTAAAAAATGGGAT,chr3_179570236_+,ACTL6A (86),1.0,,True
2881,TCACCTGCACCAGGTAGCCG,chr20_63297991_-,COL20A1 (57642),1.0,,True
2882,TCACCTGGTACTGTAGCATG,chr20_227323_-,DEFB129 (140881),1.0,,True
2883,TCACCTTTCAGAACGCAACA,chr18_46105293_+,HAUS1 (115106),2.0,,True
2884,TCACCTTTCGTCAGAGTCCG,chr2_112254920_+,ZC3H8 (84524),1.0,,True
2885,TCACGCGTGGAAAGGCCAGT,chr13_27920535_+,PDX1 (3651),1.0,,True
2886,TCACGCTTCACGCTGACAGT,chr2_222656064_+,FARSB (10056),1.0,,True
2887,TCACGGGTGACAGCTCGGCG,chr21_43094711_+,U2AF1 (7307),2.0,,True
2888,TCACGTCTTCGCTCTCCGTA,chr10_49611090_-,SLC18A3 (6572),1.0,,True
2889,TCACGTTCTTCCTTACCAAG,chr17_67854365_+,BPTF (2186),1.0,,True
2890,TCACTCTCGTTGAATCCCCG,chr19_55858293_-,NLRP4 (147945),1.0,,True
2891,TCACTGACCTTGGCTGCCAA,chr6_41916793_+,MED20 (9477),1.0,,True
2892,TCACTGAGACCAGGTCACCC,chr1_151762484_+,MRPL9 (65005),1.0,,True
2893,TCACTTACTGGCATTGCCAG,chr16_29779312_-,ZG16 (653808),1.0,,True
2894,TCAGAAATCTACCAGCCCCG,chr19_55858289_+,NLRP4 (147945),1.0,,True
2895,TCAGAAGCCGCCGCTGGCCG,chr7_19708986_+,POLR1F (221830),1.0,,True
2896,TCAGACCATTACAATAGCCC,chr14_21034139_+,RNASE13 (440163),1.0,,True
2897,TCAGACGGTGACTCACCCCA,chr6_30713990_+,MDC1 (9656),1.0,,True
2898,TCAGAGTGATACCAGCACTG,chr7_128335563_-,RBM28 (55131),1.0,,True
2899,TCAGATGCAGGAAAAAGCAG,chr12_78119327_+,NAV3 (89795),1.0,,True
2900,TCAGCACCAGTGACTTTGGA,chr19_46918864_+,ARHGAP35 (2909),1.0,,True
2901,TCAGCACTGCTTTAAAACAA,chr1_117938535_+,WDR3 (10885),1.0,,True
2902,TCAGCAGGATTGCTGTAGCG,chr2_43852843_-,ABCG8 (64241),1.0,,True
2903,TCAGCATGTCGGGCTCGGCG,chr16_46689752_-,ORC6 (23594),1.0,,True
2904,TCAGCTCCAGGAAATCCAGG,chr19_53267323_-,VN1R4 (317703),2.0,,True
2905,TCAGCTGTAGAACAGACCTG,chr16_28495340_+,APOBR (55911),1.0,,True
2906,TCAGCTTCCCAACTTCACCG,chr7_116699223_+,MET (4233),1.0,,True
2907,TCAGCTTCTGAAAATTCAAC,chr4_68099031_+,TMPRSS11F (389208),1.0,,True
2908,TCAGCTTTGCTGAGACAGGT,chr12_57435198_+,INHBC (3626),1.0,,True
2909,TCAGGACTAATACATCTGGA,chr1_196984021_+,CFHR5 (81494),1.0,,True
2910,TCAGGAGCATACCTTCCTGG,chr16_68233998_+,ESRP2 (80004),1.0,,True
2911,TCAGGAGCTGATTAGCCAGG,chr17_1681621_+,PRPF8 (10594),1.0,,True
2912,TCAGGATCTTCATCAATGAA,chr8_66592535_+,MYBL1 (4603),1.0,,True
2913,TCAGGCGCATCATTTCAAAG,chr11_59806797_+,MRPL16 (54948),1.0,,True
2914,TCAGGGGTCTCTTCTCCGGG,chr11_69816364_-,FGF3 (2248),1.0,,True
2915,TCAGGGTCCTTCGCCCACCA,chr19_51387327_-,LIM2 (3982),1.0,,True
2916,TCAGGTAGTTCTTAGTAGGT,chr1_114581350_+,BCAS2 (10286),1.0,,True
2917,TCAGGTGTCGCATTAGCACA,chr11_61795927_-,FEN1 (2237),1.0,,True
2918,TCAGGTTGACCACATCCAGA,chr1_152356777_+,FLG2 (388698),1.0,,True
2919,TCAGTAAGAATACAGAGCAA,chr11_128807223_+,FLI1 (2313),1.0,,True
2920,TCAGTCCTCAGCAAAATGAA,chr1_66801219_-,INSL5 (10022),1.0,,True
2921,TCAGTGTCAAAAGCAGCAGA,chr5_159322398_-,IL12B (3593),1.0,,True
2922,TCAGTTATACCCTTACAGGG,chrX_40682986_+,MED14 (9282),1.0,,True
2923,TCAGTTATGTCTGGAAAACG,chr2_9904927_-,TAF1B (9014),1.0,,True
2924,TCAGTTCCCATATGGCCACG,chr5_159326720_+,IL12B (3593),1.0,,True
2925,TCATAAATGCAATACCAGAA,chr11_63373954_-,SLC22A9 (114571),1.0,,True
2926,TCATAACCTTGATCAAAATA,chr1_114581537_+,BCAS2 (10286),3.0,,True
2927,TCATAATGCGAAAAATGAAG,chr13_20189495_+,GJB2 (2706),1.0,,True
2928,TCATAGATAACTGGATACAG,chr2_222633256_+,FARSB (10056),1.0,,True
2929,TCATATACGTCAAACCACAG,chr17_57849364_+,MRPS23 (51649),1.0,,True
2930,TCATCAGCGATACCAGAGGG,chr1_12859203_-,PRAMEF2 (65122),1.0,,True
2931,TCATCAGCTGCAACCAGCCA,chr3_16598521_-,DAZL (1618),1.0,,True
2932,TCATCAGTACTGGTTTCCGA,chr11_107428923_+,CWF19L2 (143884),1.0,,True
2933,TCATCATTAGACTCGAGAGT,chr2_39067729_+,SOS1 (6654),1.0,,True
2934,TCATCCACAGACCATCATAG,chr12_69588195_+,CCT2 (10576),1.0,,True
2935,TCATCGGCCGAGCAAGACCA,chr5_179623073_+,HNRNPH1 (3187),1.0,,True
2936,TCATCTATGAAGCACATAAG,chr8_66597379_-,MYBL1 (4603),1.0,,True
2937,TCATCTTCATACATATCACG,chr4_154797869_-,RBM46 (166863),1.0,,True
2938,TCATGAAGCACACCAAACGC,chr11_62776413_+,TAF6L (10629),1.0,,True
2939,TCATGACCTGAAAGGAAGCG,chr10_47324999_+,GDF2 (2658),1.0,,True
2940,TCATGCCTGTGGACACACAT,chr20_33034257_-,BPIFB6 (128859),1.0,,True
2941,TCATGCTTGCGATTCTTCTG,chr12_10809673_-,TAS2R9 (50835),1.0,,True
2942,TCATGGCGTTTGACAGCACT,chr4_119322087_-,FABP2 (2169),1.0,,True
2943,TCATGGGTATCCACTGTTGG,chr1_196977711_+,CFHR5 (81494),1.0,,True
2944,TCCAACCTGCCCATGCCAGA,chrX_71122318_+,MED12 (9968),1.0,,True
2945,TCCACGCCCGACCTTCCCAG,chr11_12879828_+,TEAD1 (7003),1.0,,True
2946,TCCACTCTAGGATCTCCAAG,chrX_153469172_+,HAUS7 (55559),1.0,,True
2947,TCCAGAAGACGAAATACGCG,chr7_4958975_-,MMD2 (221938),1.0,,True
2948,TCCAGACTCCTTAATCCTGC,chr1_157588107_-,FCRL4 (83417),1.0,,True
2949,TCCAGAGTGGATGCACAAAG,chr1_21981133_-,CELA3B (23436),1.0,,True
2950,TCCAGATTCCCGAACCTCGA,chr1_157589284_+,FCRL4 (83417),1.0,,True
2951,TCCAGGCGCCAAGGTCCCCG,chr11_77039659_+,B3GNT6 (192134),1.0,,True
2952,TCCATACTCTCCACTATAGG,chr16_29779525_-,ZG16 (653808),1.0,,True
2953,TCCCAAATATGCTCTGTCCC,chr1_115034012_+,TSHB (7252),1.0,,True
2954,TCCCACTGCCACATACCGGG,chr19_53267655_+,VN1R4 (317703),2.0,,True
2955,TCCCATGGAGAACATCACCA,chr13_103066116_+,SLC10A2 (6555),1.0,,True
2956,TCCCCAGCCAAAAAGCAGCG,chr7_155071428_-,HTR5A (3361),1.0,,True
2957,TCCCGGATGTAGAATCCTAG,chr20_50749876_-,PARD6B (84612),1.0,,True
2958,TCCCTTCTCAGGATTCCTAC,chr12_25227406_-,KRAS (3845),1.0,,True
2959,TCCGAAATGCTAAAGCCTGG,chr1_84479431_-,RPF1 (80135),1.0,,True
2960,TCCGACATCCTCCAACATGG,chr17_63910442_-,CSHL1 (1444),1.0,,True
2961,TCCGCAGCAGAGTGACCGTA,chr20_57519244_+,CTCFL (140690),1.0,,True
2962,TCCGGGAAGTTTACAGACCG,chr6_149746413_-,NUP43 (348995),1.0,,True
2963,TCCTATTGCACAATGATCCG,chr2_86125066_+,PTCD3 (55037),1.0,,True
2964,TCCTCACTATGGCCTTTGAC,chr11_5200313_-,OR51V1 (283111),1.0,,True
2965,TCCTCAGTCCCAGCTCGGCA,chr21_39183343_+,PSMG1 (8624),1.0,,True
2966,TCCTCCTGCAGGATTCCTAC,chr11_533938_-,HRAS (3265),1.0,,True
2967,TCCTCTACGTCGCCAGCCCG,chr2_127858073_+,POLR2D (5433),1.0,,True
2968,TCCTGGAACTGTAATGCAAA,chr11_56613113_+,OR5M1 (390168),1.0,,True
2969,TCCTGGATATCAGAAGCGAG,chr2_55881629_-,EFEMP1 (2202),1.0,,True
2970,TCCTGGCCGGGAAAACAAGA,chr19_48616790_-,RPL18 (6141),1.0,,True
2971,TCCTTCACCAAGATTTACCG,chr19_17838025_-,JAK3 (3718),1.0,,True
2972,TCCTTCAGTGGCAGGAGCCA,chr12_52777250_-,KRT76 (51350),1.0,,True
2973,TCCTTTGTCGACACCAACAG,chr12_112061345_-,NAA25 (80018),1.0,,True
2974,TCGAGAATCACGAATAGCAT,chr2_113031131_+,IL36B (27177),1.0,,True
2975,TCGAGGAAAGAGCATCAAAA,chr7_31339123_-,NEUROD6 (63974),1.0,,True
2976,TCGATGGCACAAGCCATGAA,chr19_58552298_-,CHMP2A (27243),1.0,,True
2977,TCGATTGGACCCTAACGGCG,chr6_73363172_+,KHDC3L (154288),1.0,,True
2978,TCGCCTTTCCTGCAGCCCCA,chr6_151808280_+,ESR1 (2099),1.0,,True
2979,TCGCGGCGACCCCCGTCGCG,chr5_44809085_+,MRPS30 (10884),1.0,,True
2980,TCGCTACAGCTTCCACCACG,chr5_157343388_-,FNDC9 (408263),1.0,,True
2981,TCGGAGCGCGAAACATGGCG,chrX_153470554_-,HAUS7 (55559),1.0,,True
2982,TCGGCTCCATGAAGGCGCTG,chr21_13610605_-,POTED (317754),2.0,,True
2983,TCGGCTGTCCATTAAACCAA,chr21_43094735_+,U2AF1 (7307),2.0,,True
2984,TCGGGCCGAGAGCCGTCGAG,chr11_114400132_-,C11orf71 (54494),1.0,,True
2985,TCGGGCCTCAGACTGTACAG,chr14_64987022_-,FNTB (2342),1.0,,True
2986,TCGGGCTGCACTACCCCCCG,chr3_128486002_+,GATA2 (2624),1.0,,True
2987,TCGTGCGGAGACAACAGCAG,chr4_88379073_+,HERC6 (55008),1.0,,True
2988,TCGTGGACCTGTACGTGCCG,chr20_62387377_+,RPS21 (6227),2.0,,True
2989,TCGTGTAGAGCTCCTCCAGA,chr11_237123_-,PSMD13 (5719),1.0,,True
2990,TCGTTACTGCTCTTCACCAG,chrX_27747477_+,DCAF8L2 (347442),1.0,,True
2991,TCTAAATTATGCTTTCTTAG,chr12_39646384_-,REDIC1 (283461),1.0,,True
2992,TCTACACCGTCACTGAACAG,chr15_63725328_+,HERC1 (8925),1.0,,True
2993,TCTACATCTGAAGCACTTCG,chr2_39067645_+,SOS1 (6654),1.0,,True
2994,TCTACTCACCCACTGCCTTG,chr17_62393636_-,EFCAB3 (146779),1.0,,True
2995,TCTACTCTCTTGAAATAGAA,chr11_102704742_-,MMP27 (64066),1.0,,True
2996,TCTAGAACAGAAAATGAAAG,chr17_42338793_-,STAT3 (6774),1.0,,True
2997,TCTAGGACTTCCCTACCTGT,chr1_156483239_+,MEF2D (4209),1.0,,True
2998,TCTATCCTGGAAATTCAGAA,chr5_138567106_-,HSPA9 (3313),1.0,,True
2999,TCTATGTATTTGGTAAGCGG,chr12_96917670_+,NEDD1 (121441),1.0,,True
3000,TCTCAAAGCAGAAGTGGCAG,chr5_55781964_+,DDX4 (54514),1.0,,True
3001,TCTCAATCACCTCAGCTTCG,chr18_31942649_-,TRAPPC8 (22878),1.0,,True
3002,TCTCACGCGAGGATCGGCCA,chr5_77776253_+,TBCA (6902),2.0,,True
3003,TCTCAGCGTGTGTACCCCAA,chr8_54622256_+,RP1 (6101),1.0,,True
3004,TCTCATACCCCCCAGCCTCG,chr22_43889333_-,PNPLA5 (150379),1.0,,True
3005,TCTCATTGACGGTAACCTGG,chr12_52552766_+,KRT71 (112802),1.0,,True
3006,TCTCCAACACAAATGACCAG,chr1_17823253_-,ACTL8 (81569),1.0,,True
3007,TCTCCAAGCGGTACTCTGAG,chrX_153469184_+,HAUS7 (55559),1.0,,True
3008,TCTCCACCCCGCTTGAGCCG,chr16_22316644_-,POLR3E (55718),1.0,,True
3009,TCTCCACGCCAGTTTCCTTC,chr22_25224988_-,CRYBB2 (1415),1.0,,True
3010,TCTCCAGCACCATCTCAGCA,chr1_211481350_+,RD3 (343035),1.0,,True
3011,TCTCCAGGCTGCCGTTGACG,chr11_69818742_+,FGF3 (2248),1.0,,True
3012,TCTCCAGGTCTCCAAATAAC,chr17_3398093_+,OR1E1 (8387),1.0,,True
3013,TCTCCATCTGACAGCACTGG,chr4_163164303_+,NAF1 (92345),1.0,,True
3014,TCTCCCAGTGACACTCTTGA,chr16_23635460_-,PALB2 (79728),1.0,,True
3015,TCTCCTCCTCTCCCACTAAA,chrX_27747209_-,DCAF8L2 (347442),1.0,,True
3016,TCTCCTCCTGGGATTCGCAG,chr19_14941540_+,OR7C2 (26658),1.0,,True
3017,TCTCCTCGTCCGACGCGCCG,chr19_14518308_+,DNAJB1 (3337),1.0,,True
3018,TCTCGATGACGAACTCGACG,chr1_234609348_+,IRF2BP2 (359948),1.0,,True
3019,TCTCGGCTCAATTTGCGGGA,chr3_187731798_-,BCL6 (604),1.0,,True
3020,TCTCGTGTAGTCCCACTTGA,chr19_7504138_-,SAXO5 (374877),1.0,,True
3021,TCTCTAGCACTAGAAAGTTT,chr1_93353917_+,DR1 (1810),1.0,,True
3022,TCTCTGCTCCTCCTCCTGCA,chr6_34767963_+,SNRPC (6631),1.0,,True
3023,TCTCTGTTATAGGAGCAGCG,chr19_55858031_-,NLRP4 (147945),1.0,,True
3024,TCTCTTCCCCTACAGCCCCC,chr22_39532521_-,RPS19BP1 (91582),1.0,,True
3025,TCTGAGCCTCACGTAAAGAA,chr17_42773523_-,VPS25 (84313),1.0,,True
3026,TCTGATGGAGAACCTCAGGG,chr4_188139589_+,TRIML1 (339976),1.0,,True
3027,TCTGCAGGTGTGTTACCGAG,chr22_30342340_-,SF3A1 (10291),1.0,,True
3028,TCTGCATCCTCTTCTTGTCA,chr20_45629887_-,WFDC10A (140832),1.0,,True
3029,TCTGCCACCAAATCCACCAG,chr12_52651883_+,KRT2 (3849),1.0,,True
3030,TCTGCCTCCGCACCTCAGCG,chr19_47802843_-,TPRX1 (284355),1.0,,True
3031,TCTGCGGTGAGAAAACCAGA,chr12_101295634_-,UTP20 (27340),1.0,,True
3032,TCTGCTCCTGAACGTGGAAG,chr17_6435076_-,AIPL1 (23746),1.0,,True
3033,TCTGCTGAATCACCTCATGG,chr9_21350645_+,IFNA6 (3443),1.0,,True
3034,TCTGCTTCTCCATCACTGGA,chr1_151185857_+,VPS72 (6944),1.0,,True
3035,TCTGCTTTGATTGCATCCAG,chr6_112349813_+,RFPL4B (442247),1.0,,True
3036,TCTGGAACAAAGATCCCTGT,chr20_45610091_-,WFDC9 (259240),1.0,,True
3037,TCTGGAATCTCTGAGAGCAA,chr16_13930860_+,ERCC4 (2072),1.0,,True
3038,TCTGGACGAGGGAAGCAGGG,chr6_25726507_-,H2AC1 (221613),1.0,,True
3039,TCTGGAGAAAATCAGCAAAG,chr1_43386615_-,MED8 (112950),1.0,,True
3040,TCTGGAGAATGGTACAAGAG,chr5_160414334_-,SLU7 (10569),1.0,,True
3041,TCTGGAGCAGAGCTGTGCAC,chr10_58385612_+,TFAM (7019),1.0,,True
3042,TCTGGAGTAGAGCCAATAGT,chr22_36702482_+,CACNG2 (10369),1.0,,True
3043,TCTGGCATGCCCTGTCACAA,chr2_43976164_+,LRPPRC (10128),1.0,,True
3044,TCTGGCCGCTCTCCTGGCCA,chr12_123584682_+,TMED2 (10959),1.0,,True
3045,TCTGGCCTCGAGCTCCAAGG,chr20_23688899_-,CST4 (1472),1.0,,True
3046,TCTGGCTGAAGATTCCCAAC,chr1_248593724_+,OR2T10 (127069),1.0,,True
3047,TCTGGCTGCGGCTACTCCGG,chr1_153261110_+,LORICRIN (4014),1.0,,True
3048,TCTGGGACCGAGAAGGAAAA,chr19_46918755_+,ARHGAP35 (2909),1.0,,True
3049,TCTGGGCTCCGCTTTAGCAG,chr14_44506152_+,FSCB (84075),1.0,,True
3050,TCTGGGGGACTCCTTTACAG,chr19_53267489_+,VN1R4 (317703),2.0,,True
3051,TCTGGGTCACCAGGACCAAA,chr10_52770704_-,MBL2 (4153),1.0,,True
3052,TCTGGTAGAAGTGTACCAGG,chr22_30466986_-,SEC14L3 (266629),1.0,,True
3053,TCTGGTAGCTTGGAGTCGAA,chr6_78997453_-,PHIP (55023),1.0,,True
3054,TCTGGTGTCCAGAGAAGCAG,chr11_111308174_-,POU2AF3 (120376),1.0,,True
3055,TCTGGTTGAGACACAGACAG,chr3_51896863_-,IQCF1 (132141),1.0,,True
3056,TCTGTATAACTGATATGCCA,chr15_59652273_+,GTF2A2 (2958),2.0,,True
3057,TCTGTCTTCGTTCAGCTGCA,chr3_72832431_+,SHQ1 (55164),1.0,,True
3058,TCTGTGCCCAGATCTCACTA,chr22_41264837_-,RANGAP1 (5905),1.0,,True
3059,TCTGTGGCCTGGATCAAAGA,chr1_43360343_+,CDC20 (991),1.0,,True
3060,TCTGTTACCTTGAATAACAT,chr2_61493902_+,XPO1 (7514),1.0,,True
3061,TCTTACCATAAAGAACACAC,chr1_205114799_+,RBBP5 (5929),1.0,,True
3062,TCTTACCCACGACATCCAGC,chr8_38426132_+,FGFR1 (2260),1.0,,True
3063,TCTTACCCAGAAGCAGAAGG,chr15_66435121_+,MAP2K1 (5604),1.0,,True
3064,TCTTACCTGGAGTCAAACTG,chr6_116809529_-,GPRC6A (222545),1.0,,True
3065,TCTTAGCTGTGGATCCCAAA,chr16_70529177_+,SF3B3 (23450),1.0,,True
3066,TCTTCAATGTTGTCTGGCAT,chr3_151734104_-,AADACL2 (344752),1.0,,True
3067,TCTTCACCAAGGGATTGGCG,chr12_132570082_-,FBRSL1 (57666),1.0,,True
3068,TCTTCACCTCCATAGTGCCC,chr20_50731830_-,PARD6B (84612),1.0,,True
3069,TCTTCATCAGCGATACCAGA,chr1_12859206_-,PRAMEF2 (65122),1.0,,True
3070,TCTTCCACCTCCTCAAAACG,chr1_150328388_-,PRPF3 (9129),1.0,,True
3071,TCTTCCTGCCCAACAAACAG,chr7_140834620_-,BRAF (673),1.0,,True
3072,TCTTCCTTACCAAGAGGCAG,chr17_67854371_+,BPTF (2186),1.0,,True
3073,TCTTCCTTCATACGGTGAAA,chr12_55819368_+,ORMDL2 (29095),1.0,,True
3074,TCTTCCTTGCTACATCCAAA,chr5_179620928_+,HNRNPH1 (3187),1.0,,True
3075,TCTTCGCTGAAAAACTCGTA,chr2_39120398_+,SOS1 (6654),1.0,,True
3076,TCTTCGTCCGGGTAGAAGCA,chr2_15942145_-,MYCN (4613),1.0,,True
3077,TCTTCTCTGTGGCCAACATG,chr1_19256001_+,MRTO4 (51154),2.0,,True
3078,TCTTGACCGGAACCAGGAAG,chr9_135698475_-,SOHLH1 (402381),1.0,,True
3079,TCTTGATGAAGCTCAAGGAG,chr2_197423914_-,SF3B1 (23451),1.0,,True
3080,TCTTGCAGACAGGAGCACCT,chr4_39460916_+,LIAS (11019),1.0,,True
3081,TCTTGGTTCTTGGTAGCGCA,chr10_13172715_-,MCM10 (55388),1.0,,True
3082,TCTTGTCTCCTAGATGATGC,chr17_6650429_-,MED31 (51003),1.0,,True
3083,TCTTTAAATGAAGAAAAAGA,chr12_10986510_+,TAS2R50 (259296),1.0,,True
3084,TCTTTGCTGGGGGTGTAGCG,chr19_1487807_+,PCSK4 (54760),1.0,,True
3085,TGAAAAACCAGACTTCTGAA,chr10_30340306_-,MTPAP (55149),1.0,,True
3086,TGAAAACCCTGAGAACCAAG,chr11_6877095_-,OR10A4 (283297),1.0,,True
3087,TGAAAGCTACACCCATTGAA,chr12_21373426_+,IAPP (3375),1.0,,True
3088,TGAAATCCAACTTTCCAGTG,chr1_248488620_-,OR2T5 (401993),1.0,,True
3089,TGAACAAGTAAACCACAGGT,chr17_40411721_-,TOP2A (7153),1.0,,True
3090,TGAACACTCTGAAAGACGGA,chr17_1844681_+,RPA1 (6117),1.0,,True
3091,TGAACAGCATAGAGGCCAAG,chr6_41043623_-,TSPO2 (222642),1.0,,True
3092,TGAACATCACAGCCACCAAC,chr20_33034814_+,BPIFB6 (128859),1.0,,True
3093,TGAACCACTAGCTTTCCAAA,chr4_54725917_-,KIT (3815),1.0,,True
3094,TGAACGTGATCTTCTCCTCG,chr19_45064074_-,CLASRP (11129),1.0,,True
3095,TGAACTCGCTGACCTTGTGG,chr22_30346417_+,SF3A1 (10291),1.0,,True
3096,TGAAGAAGAGGCTGACCAGA,chr17_66880587_-,CACNG5 (27091),1.0,,True
3097,TGAAGACTCCTTTAATGCCC,chr7_88760032_-,ZNF804B (219578),1.0,,True
3098,TGAAGAGCGAACGGGAGCGA,chr1_37554202_-,SNIP1 (79753),1.0,,True
3099,TGAAGAGCTGAGGCAAGAAG,chr12_125086380_+,AACS (65985),1.0,,True
3100,TGAAGAGGAAAGCAAACAGG,chr15_31070143_-,TRPM1 (4308),1.0,,True
3101,TGAAGCCAAGAAACAGAAAG,chr2_231460486_-,NCL (4691),1.0,,True
3102,TGAAGCCTAAGGATGCTGGG,chr19_54058387_-,VSTM1 (284415),1.0,,True
3103,TGAAGTGCTGGAGAGCAAAG,chr2_68866385_-,BMP10 (27302),1.0,,True
3104,TGAATGATTCTCCACCCACC,chr2_47155198_+,STPG4 (285051),1.0,,True
3105,TGAATTGCCTTCGTCTTCCG,chr22_39532464_+,RPS19BP1 (91582),1.0,,True
3106,TGACAAATCTGGAAGCATGG,chr1_86485556_+,CLCA1 (1179),1.0,,True
3107,TGACAAGCCAAAAATAGCAA,chr12_11091818_+,TAS2R43 (259289),1.0,,True
3108,TGACAATGCTGGCAGTCGGG,chr7_151983018_-,GALNTL5 (168391),1.0,,True
3109,TGACAGGGAAGTCCTCCAAG,chr5_73173266_-,TMEM174 (134288),1.0,,True
3110,TGACATCCTGAAGCCATACG,chr1_47142197_+,CYP4A22 (284541),1.0,,True
3111,TGACATGCGGAGATTCCAGG,chr5_158840030_-,EBF1 (1879),1.0,,True
3112,TGACCACCTTAACCTGCACA,chr4_55860429_-,EXOC1 (55763),1.0,,True
3113,TGACCTTGAGAGGAGCTCAG,chr10_42796778_+,BMS1 (9790),1.0,,True
3114,TGACGCTGTAGCGCTCACAG,chr14_74357640_-,VRTN (55237),1.0,,True
3115,TGACGTTGTCAAAAATCCGA,chr1_91977370_+,BRDT (676),1.0,,True
3116,TGACTGTTGTGGAGACAGTA,chr7_55844557_-,SEPTIN14 (346288),1.0,,True
3117,TGACTTCAGATTTCCCCAGG,chr9_21350700_-,IFNA6 (3443),1.0,,True
3118,TGACTTCCTGAATAGATGGA,chr3_151744122_+,AADACL2 (344752),1.0,,True
3119,TGACTTCTCTCTGCAGACCG,chr10_43102342_+,RET (5979),1.0,,True
3120,TGACTTTACTCAAGAAAGCG,chr16_56805627_+,NUP93 (9688),1.0,,True
3121,TGACTTTGAATTCCCCCAGG,chr9_21409363_+,IFNA8 (3445),1.0,,True
3122,TGAGAACGAGGAACATCAGG,chr10_117209572_-,KCNK18 (338567),1.0,,True
3123,TGAGAATGACACATTCCGCC,chr22_38479680_+,KDELR3 (11015),1.0,,True
3124,TGAGACCTCCAGCTTTCCAG,chr11_118979016_-,FOXR1 (283150),1.0,,True
3125,TGAGAGACCCAAACACCAGG,chr6_46799138_+,MEP1A (4224),1.0,,True
3126,TGAGAGATACAGTAGTGCCA,chr11_5736637_-,OR56B1 (387748),1.0,,True
3127,TGAGAGCATGAAATCGGCAA,chr19_50770859_-,GPR32 (2854),2.0,,True
3128,TGAGCAAAGTCTGCACGTGA,chr6_112349964_+,RFPL4B (442247),1.0,,True
3129,TGAGCACCCAAAAGACCCAC,chr20_35529344_+,C20orf173 (140873),1.0,,True
3130,TGAGCAGGAGGGCTTCGCCG,chr1_58782739_-,JUN (3725),1.0,,True
3131,TGAGCAGGTTCTGCAGGACG,chr12_4274117_-,CCND2 (894),1.0,,True
3132,TGAGCAGTATTCGTTAGAGG,chrX_27747391_+,DCAF8L2 (347442),1.0,,True
3133,TGAGCAGTCCAGGTCAGCCA,chr4_1727850_-,TACC3 (10460),1.0,,True
3134,TGAGCATGAGGTCATCCTGT,chr7_141837999_+,PRSS37 (136242),1.0,,True
3135,TGAGCCGGACAGACTCCCGA,chr11_62775824_-,TAF6L (10629),1.0,,True
3136,TGAGGACCACCATTTCTCCA,chr5_159323289_+,IL12B (3593),1.0,,True
3137,TGAGGACGTGAAGCGCACAG,chr3_128650685_-,RPN1 (6184),1.0,,True
3138,TGAGGACTGGAGATAACAGA,chr2_214781132_+,BARD1 (580),1.0,,True
3139,TGAGGAGGCTATTTCCCAGG,chr9_104694636_-,OR13D1 (286365),1.0,,True
3140,TGAGGATCCCCACAATCAGA,chr3_151814188_-,AADAC (13),1.0,,True
3141,TGAGGGACAGGTCATGGCGG,chr6_50715501_-,TFAP2D (83741),1.0,,True
3142,TGAGGTCCGGGGGCAGAACA,chr7_97117788_-,SDHAF3 (57001),1.0,,True
3143,TGAGTGAATGCACAAGACAG,chr12_48681554_+,KANSL2 (54934),1.0,,True
3144,TGAGTGGGCTCATCTACGAT,chr1_86476480_+,CLCA1 (1179),1.0,,True
3145,TGAGTTCCTGAAGAATCCGA,chr6_73362853_+,KHDC3L (154288),1.0,,True
3146,TGATACCTCTGAGCTTACGA,chr3_138714664_+,PIK3CB (5291),1.0,,True
3147,TGATATATCTCCTTTCAGTG,chr4_87845634_+,MEPE (56955),1.0,,True
3148,TGATATGAAGAAAAGGGTGG,chr7_56058051_+,CCT6A (908),2.0,,True
3149,TGATCCTGATCAGATGAACG,chr2_162147464_-,GCG (2641),1.0,,True
3150,TGATGAAGAGATTATCGAGG,chr2_218270001_-,AAMP (14),1.0,,True
3151,TGATGACTGTGTATCTAAGG,chr19_9102854_+,OR7G2 (390882),1.0,,True
3152,TGATGAGGACGCCCACACAG,chr7_141839394_+,PRSS37 (136242),1.0,,True
3153,TGATGCTCCTGGCACAGATG,chr9_21385200_-,IFNA2 (3440),1.0,,True
3154,TGATGGAATGGATCCGCAGG,chr4_163473666_+,TKTL2 (84076),1.0,,True
3155,TGATGGCCAAGAGTTCACAG,chr19_8842693_+,MBD3L1 (85509),1.0,,True
3156,TGATGGTGCTGTTAGCCCAG,chr19_51265539_-,SIGLECL1 (284369),1.0,,True
3157,TGATGTACAGAAAATAGTCG,chr12_122173884_-,IL31 (386653),1.0,,True
3158,TGATTAAAAACCAAAGGACG,chr3_16596866_+,DAZL (1618),1.0,,True
3159,TGATTACCTGGGATCACTTG,chr20_31368698_-,DEFB118 (117285),1.0,,True
3160,TGATTATGTGAACATCTGGT,chr6_46819683_+,MEP1A (4224),1.0,,True
3161,TGATTCTCGACAGATGGTGT,chr2_113031107_-,IL36B (27177),1.0,,True
3162,TGATTCTGTCTCATTCAGAA,chr2_42640195_-,MTA3 (57504),1.0,,True
3163,TGATTTCCACCATCTCTCCG,chr12_13866021_-,GRIN2B (2904),1.0,,True
3164,TGATTTCCGAATCCCCCAGG,chr9_21206910_-,IFNA10 (3446),1.0,,True
3165,TGATTTCCTGGATTCTACTG,chr12_10802168_-,TAS2R7 (50837),1.0,,True
3166,TGATTTCGGATTCCCCCAGG,chr9_21217118_-,IFNA16 (3449),1.0,,True
3167,TGCACTGCAGCACCTCCACG,chr12_57435124_+,INHBC (3626),1.0,,True
3168,TGCAGAGCACAGCCATAGAA,chr11_55914300_+,OR5W2 (390148),1.0,,True
3169,TGCAGAGGTGAACAAGAAGG,chr22_39317617_-,RPL3 (6122),1.0,,True
3170,TGCAGGCCGAGTACACCGAG,chr11_842418_-,POLR2L (5441),1.0,,True
3171,TGCAGGCTCAGGAAGAAGAG,chr1_37540551_-,SNIP1 (79753),1.0,,True
3172,TGCAGTAAACGCTCTCCCCT,chr9_136200614_+,LHX3 (8022),1.0,,True
3173,TGCAGTAGACAGAATAGCAG,chr5_43297045_+,HMGCS1 (3157),1.0,,True
3174,TGCCAGCTGTGGAGGCCCCG,chr13_98177035_+,RNF113B (140432),1.0,,True
3175,TGCCATCAAACACCTCCTGG,chr9_21217117_+,IFNA16 (3449),1.0,,True
3176,TGCCCGTCGCAATAAACCAG,chr10_21534761_-,MLLT10 (8028),1.0,,True
3177,TGCCCTCACCATATTCTGCG,chr19_38840495_+,HNRNPL (3191),1.0,,True
3178,TGCCCTGCTCCTGTGCTCCG,chr5_135895773_-,IL9 (3578),1.0,,True
3179,TGCCGCCGTCACCAGCCACG,chr19_17842358_+,JAK3 (3718),1.0,,True
3180,TGCCGGACACAAACTCGCAG,chr9_110334277_-,TXNDC8 (255220),1.0,,True
3181,TGCCGGGCTCTGAATTCACG,chr18_31388896_+,DSG4 (147409),1.0,,True
3182,TGCCTATCATCACATCAAAG,chr3_12496549_+,TSEN2 (80746),1.0,,True
3183,TGCGCTCCCGCGCAGAGCCG,chr10_121975043_+,NSMCE4A (54780),1.0,,True
3184,TGCTCCACTACGTACCTGCG,chr5_146339230_-,POU4F3 (5459),1.0,,True
3185,TGCTCCCTACGGTTTCCAGC,chr17_57849993_+,MRPS23 (51649),1.0,,True
3186,TGCTCTCTCTCAGCATCGCC,chr6_5260689_+,LYRM4 (57128),1.0,,True
3187,TGCTCTTCCCCATCTCCCCG,chr8_101558662_-,GRHL2 (79977),1.0,,True
3188,TGCTGCTTACGCCAATAAGG,chr12_52548771_-,KRT71 (112802),1.0,,True
3189,TGCTGGATATTGTATGACAC,chr1_115033519_+,TSHB (7252),1.0,,True
3190,TGCTGGGGCATGGCTTCAAA,chr8_142917726_+,CYP11B2 (1585),1.0,,True
3191,TGCTTCCTGCTAGATTACCA,chr8_54622230_+,RP1 (6101),1.0,,True
3192,TGGAAACCAGAAATGTGCAG,chr16_69749588_+,NOB1 (28987),2.0,,True
3193,TGGAAAGGACTGGAACAGTA,chr4_145096036_-,ANAPC10 (10393),1.0,,True
3194,TGGAAGTCAGAAGCAGAAGG,chr5_55785468_+,DDX4 (54514),1.0,,True
3195,TGGACAGCGCGCAGTCCCCG,chr13_27968826_-,CDX2 (1045),1.0,,True
3196,TGGACGATACTCACTCCGGC,chr1_70221836_-,SRSF11 (9295),1.0,,True
3197,TGGACTATCCGGGAACCGGC,chrX_70134046_-,IGBP1 (3476),2.0,,True
3198,TGGAGATTGCCAAGATAATG,chr12_10909152_+,TAS2R13 (50838),1.0,,True
3199,TGGAGCAGAAGTTAATACCC,chr7_117385720_-,ASZ1 (136991),1.0,,True
3200,TGGAGCTTATGTACACAACG,chr10_69197065_+,SUPV3L1 (6832),1.0,,True
3201,TGGAGGTGAGAGGAATATGG,chr21_30319973_+,KRTAP26-1 (388818),1.0,,True
3202,TGGAGTTGCCAGATGACTGG,chr21_18379300_+,TMPRSS15 (5651),1.0,,True
3203,TGGATCCTACTGCTGTAACG,chrX_14020246_+,GEMIN8 (54960),1.0,,True
3204,TGGCAGCATTCAACTAAGCG,chr12_50005328_-,RACGAP1 (29127),2.0,,True
3205,TGGCAGGTGCTACAGCCCGA,chr20_1480019_-,SIRPB2 (284759),1.0,,True
3206,TGGCAGGTGGGGCTGTTTGA,chr19_51034057_-,KLK12 (43849),1.0,,True
3207,TGGCATGTACCTGGTCACCA,chr9_122553332_+,OR1N2 (138882),1.0,,True
3208,TGGCCATGACAGACGACCAG,chr18_31873438_-,TRAPPC8 (22878),1.0,,True
3209,TGGCCCACCAAAATGATGCA,chr8_72936464_-,KCNB2 (9312),1.0,,True
3210,TGGCCCATGGACCTGCCCGA,chr19_49390894_+,KASH5 (147872),1.0,,True
3211,TGGCCCCTCGAACTGTGCAG,chr1_23693864_-,RPL11 (6135),2.0,,True
3212,TGGCCTCCTGACATGCCCAG,chr1_162753114_-,DDR2 (4921),1.0,,True
3213,TGGCGGCGACGACTACTCAG,chrX_153470511_-,HAUS7 (55559),1.0,,True
3214,TGGCTAGGAGTAAGGCAAAG,chr8_142840448_-,GML (2765),1.0,,True
3215,TGGCTATTGGATCTTCCCGG,chr12_96936695_+,NEDD1 (121441),1.0,,True
3216,TGGCTCCTCAGCACGATGGG,chr6_31972694_-,WHR1 (8859),1.0,,True
3217,TGGCTCTTGGAAGAGAAAAA,chr1_186362890_-,TPR (7175),2.0,,True
3218,TGGCTTATCCTGTTCAGACG,chr11_83165791_-,PCF11 (51585),1.0,,True
3219,TGGGATTTACCCACATCCAG,chr11_118978981_-,FOXR1 (283150),1.0,,True
3220,TGGGCAATGTACCTTCCAGA,chr2_29531994_+,ALK (238),1.0,,True
3221,TGGGCTCCTGGGGCTCCTGG,chr1_42163557_+,GUCA2A (2980),1.0,,True
3222,TGGGTACCCACACAAAAGCA,chr10_997261_-,GTPBP4 (23560),1.0,,True
3223,TGGTACTTACAACAGCTCCT,chr8_10529692_-,PRSS55 (203074),1.0,,True
3224,TGGTAGCTGGCACACACCAA,chr17_41350473_+,KRT33A (3883),1.0,,True
3225,TGGTCATCACCAAGTCCGGG,chr17_61400566_+,TBX2 (6909),1.0,,True
3226,TGGTCCACAGACATGAGGAA,chr3_128264667_-,EEFSEC (60678),1.0,,True
3227,TGGTCTGGCAGCAGCTGGGA,chr17_41178096_+,KRTAP4-2 (85291),2.0,,True
3228,TGGTCTTGATGTCAGTCTGG,chr19_41088540_+,CYP2A13 (1553),2.0,,True
3229,TGGTGAGCTGAACAGCATAG,chr6_41043631_-,TSPO2 (222642),1.0,,True
3230,TGGTGGTCCTGGCCATCGAG,chr3_129530913_+,RHO (6010),1.0,,True
3231,TGGTGTCAGCAATAAGGCAA,chr6_41909440_+,MED20 (9477),1.0,,True
3232,TGGTGTGCGGGTATTGACAA,chr11_5351949_+,OR51B6 (390058),1.0,,True
3233,TGGTGTGGTCGCAGATCGAG,chr6_21594750_+,SOX4 (6659),1.0,,True
3234,TGGTGTTCCTATCCTCCAGA,chr10_1000711_-,GTPBP4 (23560),1.0,,True
3235,TGGTTAAGTCAGCTGTACAG,chr1_173825261_+,DARS2 (55157),1.0,,True
3236,TGGTTACCAAGATCTCCAGC,chr7_143052540_-,OR6V1 (346517),1.0,,True
3237,TGGTTGTGAGAGGCTCAGAT,chr18_31391113_+,DSG4 (147409),1.0,,True
3238,TGGTTTATAAAGAAGTACAT,chr1_248593591_+,OR2T10 (127069),1.0,,True
3239,TGTAAAGGAGAAGTTCACCA,chr3_113786277_+,ATP6V1A (523),1.0,,True
3240,TGTAACACAAAAATAGCCTG,chr12_8465484_+,CLEC6A (93978),1.0,,True
3241,TGTACACCTGAGGATTTGAG,chr1_39745403_-,PPIE (10450),1.0,,True
3242,TGTACCATCTATCCAGGGAA,chr19_54775280_+,KIR2DL1 (3802),1.0,,True
3243,TGTACCGGAGGACTGCACAG,chr7_74240076_+,RFC2 (5982),1.0,,True
3244,TGTACTGTCCATTTCATCAA,chr2_197523654_-,MOB4 (25843),1.0,,True
3245,TGTAGCTTACACTGACTCCG,chr12_68252770_+,IL22 (50616),1.0,,True
3246,TGTAGGATGGAATAGCAACC,chr1_211829204_+,LPGAT1 (9926),1.0,,True
3247,TGTAGGTTCGAGACTATAAG,chr10_69198383_+,SUPV3L1 (6832),1.0,,True
3248,TGTCAACTGTGCAGGCATCG,chrX_53432323_-,HSD17B10 (3028),1.0,,True
3249,TGTCACCATGGAACTCCGAG,chr1_11259252_-,MTOR (2475),1.0,,True
3250,TGTCAGAGCGAGAAGAGCGG,chr11_62775801_+,TAF6L (10629),1.0,,True
3251,TGTCAGTGATGGCCTTTGAT,chr11_55914222_-,OR5W2 (390148),1.0,,True
3252,TGTCCAGCTTGGCCTCGCGG,chr3_132722011_+,NPHP3 (27031),1.0,,True
3253,TGTCCAGTTACACATTCAAG,chr19_8842783_+,MBD3L1 (85509),1.0,,True
3254,TGTCCCAGATGAAATCCAAG,chr15_63746922_-,HERC1 (8925),1.0,,True
3255,TGTCCTCGCCTGACACACCA,chr17_41769610_+,JUP (3728),1.0,,True
3256,TGTCGACCATAGTCTCCCAG,chr6_126340297_+,CENPW (387103),1.0,,True
3257,TGTCGAGGAAGGCAGCCAGG,chr10_123666649_-,GPR26 (2849),1.0,,True
3258,TGTCGCTCGTACTCCAGCAG,chr16_13920210_-,ERCC4 (2072),1.0,,True
3259,TGTCGGACTGACAGGAAACG,chr11_18173389_+,MRGPRX4 (117196),1.0,,True
3260,TGTCGGAGAGCAGCTCCAGG,chr11_128810492_-,FLI1 (2313),1.0,,True
3261,TGTCTCCATAGCGACAGCAG,chr17_6651518_+,MED31 (51003),1.0,,True
3262,TGTCTCCGTGATGATCACAG,chr1_17823300_-,ACTL8 (81569),1.0,,True
3263,TGTCTCCTGTCAAAATCACG,chr10_47324969_+,GDF2 (2658),1.0,,True
3264,TGTCTCTGATGATACCACAA,chr21_33550150_-,SON (6651),1.0,,True
3265,TGTCTGCTCTAGTAATAAGC,chr3_41227331_+,CTNNB1 (1499),1.0,,True
3266,TGTCTGGTCAGCTTGCTACA,chr20_63661855_+,RTEL1 (51750),1.0,,True
3267,TGTCTTCTCCAAGGAGCAAG,chr19_51265394_-,SIGLECL1 (284369),1.0,,True
3268,TGTGAGCTCAAAGTCACTGG,chrX_55624159_-,FOXR2 (139628),1.0,,True
3269,TGTGAGCTGCTCCAACACCT,chr1_23692717_-,RPL11 (6135),1.0,,True
3270,TGTGATTGTGAGGAATGCGG,chr3_12489960_+,TSEN2 (80746),1.0,,True
3271,TGTGCACTGTGAGATCAACG,chr9_136506955_-,NOTCH1 (4851),1.0,,True
3272,TGTGCAGCGACGAAGCCGAG,chr18_31942680_-,TRAPPC8 (22878),1.0,,True
3273,TGTGCCCCCATACTGCACAG,chr22_42518009_-,RRP7A (27341),2.0,,True
3274,TGTGCCGGCCCAGCCCCACG,chr1_15462753_-,CELA2A (63036),1.0,,True
3275,TGTGCTCAGCAAGGGCCACA,chr5_177386041_-,SLC34A1 (6569),1.0,,True
3276,TGTGGAACGACACAACAAGC,chr3_9797758_+,ARPC4 (10093),1.0,,True
3277,TGTGGACTTCGGCAGCCGCG,chr12_120446726_+,GATC (283459),1.0,,True
3278,TGTGGAGCCGACGATCGCCA,chr11_58190642_-,OR9Q2 (219957),1.0,,True
3279,TGTGGAGCTGACCAAGGCCG,chr2_27225094_+,CAD (790),1.0,,True
3280,TGTGGAGTCCTGCGCCCACG,chr17_78835395_+,USP36 (57602),1.0,,True
3281,TGTGGCAAGGATACTCCAAA,chr3_100630804_+,ADGRG7 (84873),1.0,,True
3282,TGTGGCTCGCAGCATCGCGG,chr18_12948143_+,SEH1L (81929),1.0,,True
3283,TGTGTCGTGGAGCAGTTGGA,chr2_199433477_-,SATB2 (23314),1.0,,True
3284,TGTGTTGGAGAACCACAGAC,chr1_17823276_+,ACTL8 (81569),1.0,,True
3285,TGTGTTGTCCCTGACAGTGG,chr4_67946494_-,TMPRSS11A (339967),1.0,,True
3286,TGTTATTTCCCAAACCACAA,chr9_103003203_+,CYLC2 (1539),1.0,,True
3287,TGTTCAGACTTACTTCAAAG,chr1_56881630_-,C8A (731),1.0,,True
3288,TGTTCAGGCTGGCTAGACGG,chr9_99218800_-,ALG2 (85365),1.0,,True
3289,TGTTCCATAGGAAAACTGAA,chr22_43972925_-,SAMM50 (25813),1.0,,True
3290,TGTTCCTCGTGCCATCCTGG,chr6_30722944_+,TUBB (203068),1.0,,True
3291,TGTTGAATTTGAGTTGGCAG,chr1_39741404_+,PPIE (10450),2.0,,True
3292,TGTTGACTGTATAGAGCAGG,chr11_55914193_+,OR5W2 (390148),1.0,,True
3293,TGTTGCAGAAGAAGAAAGGA,chr1_154330404_+,ATP8B2 (57198),1.0,,True
3294,TGTTGCAGAGAGGTACGCTG,chr2_219247121_+,STK16 (8576),1.0,,True
3295,TGTTGCATCTTGGGTCACCC,chr19_57129469_-,USP29 (57663),1.0,,True
3296,TGTTGCGCCAACCAACCCAA,chr2_135866136_-,MCM6 (4175),1.0,,True
3297,TGTTGCTGTAGACAACCGCC,chr3_50252447_-,GNAI2 (2771),1.0,,True
3298,TGTTGGGCAACTCTGCGCCG,chr4_121823610_-,CCNA2 (890),1.0,,True
3299,TGTTGGTGAAGGTACTCCTG,chr17_63910258_+,CSHL1 (1444),1.0,,True
3300,TGTTGGTGTCAGCAATCAGA,chr4_79407923_-,GK2 (2712),1.0,,True
3301,TGTTGTTAATCATTTCAGCA,chr3_12489925_-,TSEN2 (80746),1.0,,True
3302,TGTTTACTACAAACACCGTT,chr14_20556780_-,RNASE9 (390443),1.0,,True
3303,TGTTTATGAGTCGCACCAAC,chr19_48617345_-,RPL18 (6141),4.0,,True
3304,TGTTTGCACATCCTTCTCAG,chrX_53432401_+,HSD17B10 (3028),1.0,,True
3305,TTAAAACTCCTCAATGCACC,chr12_7765289_+,NANOGNB (360030),1.0,,True
3306,TTAAAAGTAATTGAACCAGT,chr3_179199136_+,PIK3CA (5290),1.0,,True
3307,TTAAACCTAGAGATGTAGGA,chr7_89334869_-,ZNF804B (219578),1.0,,True
3308,TTAAACTTACTGATTTAAAA,chr4_73486066_-,AFM (173),1.0,,True
3309,TTAAATCCTGAATTGATAAA,chr8_66599083_-,MYBL1 (4603),1.0,,True
3310,TTAACAACCCGGAAATTATG,chr11_5508910_-,UBQLN3 (50613),1.0,,True
3311,TTAACACCCTACAAGCTCAA,chrX_118825664_+,ZCCHC12 (170261),1.0,,True
3312,TTAACAGGGAATATATAAGG,chr11_18934545_+,MRGPRX1 (259249),1.0,,True
3313,TTAACTCTGGGCCTACTCCA,chr2_9851619_-,TAF1B (9014),1.0,,True
3314,TTAACTGTATCTCCATCAGC,chr7_55861954_+,SEPTIN14 (346288),2.0,,True
3315,TTAACTTACCAAAAAAGGCA,chr4_70244865_-,CSN3 (1448),1.0,,True
3316,TTAAGTGATTTAGAGCCCAA,chr13_30630849_-,USPL1 (10208),1.0,,True
3317,TTAATGGTTAGGTTGCTGCG,chr18_46105199_+,HAUS1 (115106),1.0,,True
3318,TTACAAAGTTCCCCTCCTTT,chr2_186847747_+,ZSWIM2 (151112),1.0,,True
3319,TTACAACCATATACAATAGA,chr11_56376012_-,OR8U1 (219417),1.0,,True
3320,TTACAACTAGATGAAGAGAC,chr2_177234080_-,NFE2L2 (4780),1.0,,True
3321,TTACAATTCATGCCGTAGGG,chr6_106105411_-,PRDM1 (639),1.0,,True
3322,TTACACTGACACATATACAG,chr21_33552652_+,SON (6651),1.0,,True
3323,TTACAGACATCAGCAGGCGT,chr12_101291870_-,UTP20 (27340),1.0,,True
3324,TTACAGACCCTGAGGAAGAA,chr1_156480960_-,MEF2D (4209),1.0,,True
3325,TTACAGACTCTATCAGATAG,chr16_23635781_-,PALB2 (79728),1.0,,True
3326,TTACAGAGCGGGATGCCGTC,chr8_86064336_-,PSKH2 (85481),1.0,,True
3327,TTACAGCTCATGCCACAGGT,chr6_116809314_-,GPRC6A (222545),1.0,,True
3328,TTACATCCTGGAACATACTC,chr10_103099971_+,NT5C2 (22978),1.0,,True
3329,TTACATGGTCTGGTTCCAGC,chr7_128997401_+,TNPO3 (23534),1.0,,True
3330,TTACATTATAATGACCCCAA,chr14_20584217_-,RNASE11 (122651),1.0,,True
3331,TTACATTTATATCCAAAGTG,chr5_62443002_-,IPO11 (51194),1.0,,True
3332,TTACATTTATCATCAAGTAA,chr11_31594787_-,ELP4 (26610),1.0,,True
3333,TTACCCGAACTGTTTCCCTT,chr14_20584213_+,RNASE11 (122651),1.0,,True
3334,TTACCCGGAAGGAGCCCCAG,chr1_28532337_-,RCC1 (1104),1.0,,True
3335,TTACCCGTTTGAAAACAAGA,chr9_92264995_-,IARS1 (3376),1.0,,True
3336,TTACCCTTAGAAGCTGCTAG,chr17_67726635_-,NOL11 (25926),1.0,,True
3337,TTACCTTGATAGGCAATTTA,chr11_56252415_+,OR5T3 (390154),1.0,,True
3338,TTACCTTTGCTAAGCTCGGA,chr17_58692775_-,RAD51C (5889),1.0,,True
3339,TTACGGCTAGGATGAATGTG,chr12_55819005_+,ORMDL2 (29095),1.0,,True
3340,TTACTACAAACACCGTTGGG,chr14_20556777_-,RNASE9 (390443),1.0,,True
3341,TTACTCATATAGGATCCCAA,chr12_9110030_-,A2M (2),1.0,,True
3342,TTACTCTCCAGAGTGGTAGG,chr10_17981470_-,SLC39A12 (221074),1.0,,True
3343,TTACTGCTGGAACCCGGACA,chr13_113658071_-,ATP4B (496),1.0,,True
3344,TTACTGTCCAGCACTCGAAG,chr1_211829158_+,LPGAT1 (9926),1.0,,True
3345,TTACTTCTTGACGGTCCAAA,chr7_116699877_+,MET (4233),1.0,,True
3346,TTACTTGCTGAATACCTCAT,chr7_143183555_+,TAS2R39 (259285),1.0,,True
3347,TTAGAACATATGCTGTCAGG,chr6_5216725_-,LYRM4 (57128),1.0,,True
3348,TTAGAAGATGCCAGGCTCAG,chr19_53632116_+,DPRX (503834),2.0,,True
3349,TTAGACCCGTAGCGTTTCCG,chr11_62831231_+,STX5 (6811),1.0,,True
3350,TTAGACCGAAACTTGTCAAC,chr19_4409075_+,CHAF1A (10036),1.0,,True
3351,TTAGACTGCAAGTGGCAACG,chr2_42579119_+,MTA3 (57504),1.0,,True
3352,TTAGAGCTCTGAAGATGAGT,chr11_107443036_-,CWF19L2 (143884),1.0,,True
3353,TTAGAGGCAGAAAAAGAAGA,chr2_214781199_-,BARD1 (580),1.0,,True
3354,TTAGATTTCCCACTACACCT,chr6_30714170_-,MDC1 (9656),1.0,,True
3355,TTAGCATCTTCCCTAGCAGC,chr19_13100705_-,LYL1 (4066),1.0,,True
3356,TTAGCATGTTGTAATGCAGT,chr19_15741784_-,OR10H3 (26532),1.0,,True
3357,TTAGCCTGCTGAGTCTTCTG,chr7_143477926_+,TAS2R41 (259287),1.0,,True
3358,TTAGCGTTACCTTCGAAGAA,chr4_55114132_+,KDR (3791),1.0,,True
3359,TTAGGAAAATGAAAACAATG,chr1_248060770_-,OR2L3 (391192),2.0,,True
3360,TTAGGAAATGGATCAGACAA,chr1_47372967_+,CMPK1 (51727),1.0,,True
3361,TTAGGAAGCATTCAAAGCTG,chr10_119069641_-,EIF3A (8661),1.0,,True
3362,TTAGGTGGCCAGTAAAGCTG,chr16_70510008_-,COG4 (25839),1.0,,True
3363,TTAGGTTCTCCTGTTCCTAG,chr5_37328407_-,NUP155 (9631),1.0,,True
3364,TTAGTATATTAAAATCACCA,chrX_40589020_+,ATP6AP2 (10159),1.0,,True
3365,TTATACCTACGAGGACAGCA,chr19_45057793_+,CLASRP (11129),1.0,,True
3366,TTATAGCTATAGCTTCCTAA,chr11_56376083_+,OR8U1 (219417),1.0,,True
3367,TTATAGGTAGTAAGTCTCCA,chr20_50737990_-,PARD6B (84612),1.0,,True
3368,TTATCATAGAGGAGCCCCCG,chr12_13865825_+,GRIN2B (2904),1.0,,True
3369,TTATCCGGCCCGATTTCAAA,chr20_63307620_-,COL20A1 (57642),1.0,,True
3370,TTATCCTTCAGAAAATAAAG,chr9_104113969_+,SMC2 (10592),1.0,,True
3371,TTATCGAAGCAGCTTCACCA,chr1_158181679_+,CD1D (912),1.0,,True
3372,TTATCTGCAAAAATATCCCC,chr2_208248431_-,IDH1 (3417),2.0,,True
3373,TTATCTGGCAAGGAGCTTAA,chr4_39460828_-,LIAS (11019),1.0,,True
3374,TTATGCTGAGATTACCAGAT,chr11_7796835_+,OR5P2 (120065),1.0,,True
3375,TTATGGAGCAAAAAATACAT,chr11_59477606_-,OR4D10 (390197),2.0,,True
3376,TTATTAACCTGCACAATGCG,chr6_50715430_+,TFAP2D (83741),1.0,,True
3377,TTATTAATGTAGCCTCACGG,chr3_179198938_-,PIK3CA (5290),1.0,,True
3378,TTATTAGTAGAGTTCAGTGT,chr11_74222335_+,PPME1 (51400),1.0,,True
3379,TTATTCATGACCACAATGAA,chr2_27638237_-,GPN1 (11321),1.0,,True
3380,TTATTTACTGGTGGCCCTAG,chr9_21409207_+,IFNA8 (3445),1.0,,True
3381,TTCAAACCAGAAGACACCAA,chr11_4821674_-,OR51F2 (119694),1.0,,True
3382,TTCAAAGGCAGAATAATCCG,chr1_114581315_+,BCAS2 (10286),1.0,,True
3383,TTCACAATCAGAGATGGCAG,chrX_14021474_-,GEMIN8 (54960),2.0,,True
3384,TTCACCTGAGAAGAGTCACC,chr9_27524456_+,IFNK (56832),1.0,,True
3385,TTCACCTTCCAAATTGGCCA,chr6_159780545_+,TCP1 (6950),1.0,,True
3386,TTCACTATCCCACACAGCCA,chr1_31289384_+,SNRNP40 (9410),2.0,,True
3387,TTCACTGACCAGCTCCCCAA,chr17_67719694_-,NOL11 (25926),2.0,,True
3388,TTCACTTGTGGCAAGATCGT,chr11_842470_-,POLR2L (5441),1.0,,True
3389,TTCCCTGTAGGCCATCTCCC,chr4_7064216_-,GRPEL1 (80273),1.0,,True
3390,TTCCCTTTAGGTATCTACGG,chr3_139369360_-,COPB2 (9276),1.0,,True
3391,TTCCTAGCTTCTCAACCGGT,chr17_41041211_-,KRTAP1-1 (81851),1.0,,True
3392,TTCGCCAAGAAAATATACAT,chr6_29427458_+,OR11A1 (26531),1.0,,True
3393,TTCGCCACAGAGTACCAGCA,chr15_73885009_+,TBC1D21 (161514),1.0,,True
3394,TTCGCCGTAGGTCTTTGCAA,chr7_74249773_-,RFC2 (5982),1.0,,True
3395,TTCGGCTCCAAGGTGACGTG,chr14_103530154_+,TRMT61A (115708),1.0,,True
3396,TTCTACTTACAGCTGCACGT,chr1_193125210_-,CDC73 (79577),1.0,,True
3397,TTCTCCAGCTGATCAACCCG,chr3_108757128_-,RETNLB (84666),1.0,,True
3398,TTCTGCATGTCACAGTTCCA,chr8_39585307_+,ADAM18 (8749),1.0,,True
3399,TTCTGCGTAGAAAACAGCGC,chr10_49391196_-,DRGX (644168),1.0,,True
3400,TTCTGCGTCTTGGAGTAGCA,chr17_39606149_+,NEUROD2 (4761),1.0,,True
3401,TTCTGGAACAAAGATCCCTG,chr20_45610092_-,WFDC9 (259240),1.0,,True
3402,TTCTGGAATCTTTCTGGCCG,chr1_1544944_+,SSU72 (29101),1.0,,True
3403,TTCTGGTGTCCAGAGAAGCA,chr11_111308175_-,POU2AF3 (120376),1.0,,True
3404,TTCTTCTTCCACCTTCTGGG,chr11_59515232_+,OR4D9 (390199),1.0,,True
3405,TTCTTCTTCTCGGCATTAGG,chr1_248060998_+,OR2L3 (391192),1.0,,True
3406,TTGAAACATGAATTGCTCCA,chr11_85873236_-,CCDC83 (220047),1.0,,True
3407,TTGAAGTCTCTGGCTCCGTA,chr11_108185271_+,NPAT (4863),1.0,,True
3408,TTGAATTTCTCACCACAGGG,chrX_48792217_-,GATA1 (2623),1.0,,True
3409,TTGACAGGCTTTACATGGCG,chr2_38318966_-,ATL2 (64225),1.0,,True
3410,TTGACGCCCGTCGTGCCTGG,chr19_48607023_-,SPACA4 (171169),1.0,,True
3411,TTGAGCACCGGAAAGAACGT,chr19_29986416_+,URI1 (8725),1.0,,True
3412,TTGATACTCCTGGGACAAAT,chr9_21206969_-,IFNA10 (3446),1.0,,True
3413,TTGCAATGTGATGGAAGGGG,chr12_68839315_-,MDM2 (4193),1.0,,True
3414,TTGCACATGGAACATTTAAA,chr20_57518790_+,CTCFL (140690),1.0,,True
3415,TTGCCTTCTCAAAAGTACAG,chr6_46826381_-,MEP1A (4224),1.0,,True
3416,TTGCTGAGAAACAAATACAT,chr17_3398233_+,OR1E1 (8387),1.0,,True
3417,TTGCTTATCCTCAAGCAACA,chr2_211702139_-,ERBB4 (2066),1.0,,True
3418,TTGGAACCAGAGCACAGCCA,chr19_57129463_+,USP29 (57663),1.0,,True
3419,TTGGACAGATCTATTCCAGA,chr6_106099308_+,PRDM1 (639),1.0,,True
3420,TTGGAGATGCAGCCTCCCCG,chr19_38930673_+,SARS2 (54938),1.0,,True
3421,TTGGGCCACTTGATCCCAAG,chr22_30468606_-,SEC14L3 (266629),1.0,,True
3422,TTGGGCCTGGAATTGAGCCA,chr19_47802666_+,TPRX1 (284355),1.0,,True
3423,TTGGTGCTGACACTAGGCCA,chr1_28531851_+,RCC1 (1104),1.0,,True
3424,TTGGTTATAGAAACTTGGGA,chr11_60529371_+,MS4A13 (503497),1.0,,True
3425,TTGTACACCTTCCTTCACAG,chr1_186343987_+,TPR (7175),1.0,,True
3426,TTGTCGCCCAGGTCCCGCCG,chr10_121975049_-,NSMCE4A (54780),1.0,,True
3427,TTGTCTCCTTAGGCCATGGA,chr2_113246914_-,PAX8 (7849),1.0,,True
3428,TTGTCTGTGTGCCCACCTGG,chr12_52573451_-,KRT74 (121391),1.0,,True
3429,TTGTGGTCAATGTCACTCCG,chr11_5351716_-,OR51B6 (390058),1.0,,True
3430,TTGTGGTTTGGGAAATAACA,chr9_103003189_-,CYLC2 (1539),1.0,,True
3431,TTTACAGAGGTCCAATCACG,chr1_151399716_+,PSMB4 (5692),1.0,,True
3432,TTTACTGGCAAAGAAATCCG,chr2_86117079_+,PTCD3 (55037),2.0,,True
3433,TTTATCCAAGAACTTTAGAG,chr22_19434872_-,MRPL40 (64976),1.0,,True
3434,TTTATCCCCACAGCACACGG,chr17_6428502_-,AIPL1 (23746),1.0,,True
3435,TTTATGCCCTGGGTGCCAAA,chr2_29072368_-,PCARE (388939),1.0,,True
3436,TTTCACGTACTGGTCGCCCA,chr7_97117814_-,SDHAF3 (57001),1.0,,True
3437,TTTCAGAGTTTCCAGCTGAG,chr4_163166699_+,NAF1 (92345),1.0,,True
3438,TTTCAGGCCCTAGACACTGG,chr5_148170946_+,SPINK14 (408187),1.0,,True
3439,TTTCAGGCGACTGTGACCAG,chr1_205105083_-,RBBP5 (5929),1.0,,True
3440,TTTCAGTCACAGATAGAGGC,chr11_14294764_-,RRAS2 (22800),1.0,,True
3441,TTTCATCAGGACCAGCACGT,chr22_42693623_+,A4GALT (53947),1.0,,True
3442,TTTCATGGAGAAGTTACATG,chr1_155813686_-,GON4L (54856),1.0,,True
3443,TTTCCAAGAAAGAAATACAT,chr9_104694694_-,OR13D1 (286365),2.0,,True
3444,TTTCCCCCAGAACTGCTCAG,chr17_78807393_-,USP36 (57602),1.0,,True
3445,TTTCCCTATGGCACAGGTGA,chr11_5580886_+,OR52B6 (340980),1.0,,True
3446,TTTCCGCAAAGAGTTCTACG,chr22_19479999_+,CDC45 (8318),1.0,,True
3447,TTTCCGGGCTGGGGTCTGCG,chrX_54440470_+,TSR2 (90121),1.0,,True
3448,TTTCCTATGATTGCATTGGG,chr5_43298704_-,HMGCS1 (3157),1.0,,True
3449,TTTCCTCAAGAAGATGCAGG,chr19_48043897_+,CABP5 (56344),1.0,,True
3450,TTTCGACATTCTTCTGTAGG,chr4_68073980_-,TMPRSS11F (389208),1.0,,True
3451,TTTCGAGTGAAGCATCTGCG,chr5_135446799_-,DCANP1 (140947),1.0,,True
3452,TTTCGCCAGAAAAACAAACG,chr16_13926642_+,ERCC4 (2072),1.0,,True
3453,TTTCTCCTCTGTGTCTTGAA,chr2_162149108_+,GCG (2641),1.0,,True
3454,TTTCTCGTAGATGTTGCCAG,chr9_92278279_-,IARS1 (3376),1.0,,True
3455,TTTCTGAACTGGATTCCCCT,chr2_61498721_-,XPO1 (7514),1.0,,True
3456,TTTCTGGAGATAGTGCAGGA,chr3_151824801_+,AADAC (13),1.0,,True
3457,TTTCTGTCCCAGCACTTCCG,chr1_1407014_-,MRPL20 (55052),1.0,,True
3458,TTTCTTGTCGTTATCCACCG,chrX_47084531_-,RGN (9104),1.0,,True
3459,TTTGAAGGATCAATATACCA,chr5_160414426_+,SLU7 (10569),1.0,,True
3460,TTTGACCTCTTCGACGTGGA,chr18_580533_+,CETN1 (1068),1.0,,True
3461,TTTGAGTGCAAGTATCTGGA,chr2_197540364_-,MOB4 (25843),2.0,,True
3462,TTTGCACACATACCAATCCG,chr1_47141611_-,CYP4A22 (284541),1.0,,True
3463,TTTGCAGAAGGACAACCAGG,chr6_30137061_+,TRIM40 (135644),1.0,,True
3464,TTTGCTAGCTGACTGAACAA,chr1_236603311_+,HEATR1 (55127),1.0,,True
3465,TTTGGACTCGATACACCCCA,chr11_62578659_+,TUT1 (64852),1.0,,True
3466,TTTGGAGGAAGATGACCAGG,chr2_200957454_-,ORC2 (4999),1.0,,True
3467,TTTGGAGGCGTGCATCCTGG,chr19_49395166_-,KASH5 (147872),1.0,,True
3468,TTTGGCAAGTGGTTGAGCCG,chr16_68235862_-,ESRP2 (80004),1.0,,True
3469,TTTGGTTATAGAAACTTGGG,chr11_60529370_+,MS4A13 (503497),1.0,,True
3470,TTTGGTTTCCTCTTTCCATG,chr19_14941490_-,OR7C2 (26658),1.0,,True
3471,TTTGTCCAGGAACTGAGCAG,chr4_54723693_+,KIT (3815),1.0,,True
3472,TTTGTCTTCCAACAGGCCAA,chr10_52770784_-,MBL2 (4153),1.0,,True
3473,TTTGTGTCTGTACTACCCTG,chr11_20607587_+,SLC6A5 (9152),1.0,,True
