,sgrna,GenomeAlignment,gene,nAlignments,DropReason,UsedByChronos
0,AAAAAATCAGCCACGCGAC,chr11_18173799_-,MRGPRX4 (117196),1.0,,True
1,AAAAATAGCGTACCCAGCG,chr22_37095553_+,TMPRSS6 (164656),1.0,,True
2,AAAAATCGCTGCTACAGGT,chr1_1406988_-,MRPL20 (55052),1.0,,True
3,AAAACCAAGCGGTCCCTGA,chr1_230762710_-,CAPN9 (10753),1.0,,True
4,AAAACCGTAACCATCCTAC,chr13_24909794_-,CPAP (55835),1.0,,True
5,AAAACGTCCGATAAAAGTC,chr16_58404500_-,GINS3 (64785),1.0,,True
6,AAAACTCGAGCCCTTACCG,chr2_37228093_-,CEBPZ (10153),1.0,,True
7,AAAAGACTTGGTGCGCACC,chr19_58552402_-,CHMP2A (27243),1.0,,True
8,AAAAGGTACTTCAGGTCGG,chrX_70134557_-,IGBP1 (3476),1.0,,True
9,AAAAGTGCGTCTCTGGCGC,chr1_150335171_-,PRPF3 (9129),1.0,,True
10,AAAAGTGTCCGGGAGAAGT,chr16_5062550_-,C16orf89 (146556),1.0,,True
11,AAAAGTGTCTAAACGACGT,chr20_145445_+,DEFB126 (81623),1.0,,True
12,AAAAGTTTCGATTACCTGC,chr2_197548414_-,MOB4 (25843),1.0,,True
13,AAAATAGCTGGTGGAGTCC,chr8_42756753_+,CHRNA6 (8973),1.0,,True
14,AAAATGACGGACCCCGATG,chr11_128810572_+,FLI1 (2313),1.0,,True
15,AAAATGGGGACCTTGGTGC,chr2_113074761_-,IL1F10 (84639),1.0,,True
16,AAAATGGTGGAAATACCAT,chr4_87845815_+,MEPE (56955),1.0,,True
17,AAAATTACCTTTATCGCCA,chr13_21539309_+,MICU2 (221154),1.0,,True
18,AAAATTGTAGGGCGCACCA,chr4_17814957_+,NCAPG (64151),1.0,,True
19,AAACAGCCAGAGCCCCCGC,chr1_153261244_-,LORICRIN (4014),1.0,,True
20,AAACAGTAAACAGTTCAGA,chr6_126346212_-,CENPW (387103),1.0,,True
21,AAACATCATCACAGGATAG,chr11_18934488_+,MRGPRX1 (259249),1.0,,True
22,AAACATGCATATAAAAGAC,chr12_10908839_-,TAS2R13 (50838),1.0,,True
23,AAACATGTTGTTCTGCCGG,chr1_205103942_-,RBBP5 (5929),1.0,,True
24,AAACCTGTGGCATGTTCAG,chr12_9922196_-,CLEC2A (387836),1.0,,True
25,AAACGTTATAAGCTGAACG,chr10_58390800_-,TFAM (7019),1.0,,True
26,AAACTATGCAGAGCGGATA,chr6_25726398_-,H2AC1 (221613),1.0,,True
27,AAACTGTAGTTTTCAAGGA,chr22_38479722_-,KDELR3 (11015),1.0,,True
28,AAACTTGCGCACATAGCGC,chr19_58552394_+,CHMP2A (27243),1.0,,True
29,AAAGAAAGTTTACCGGTGC,chr15_40176670_-,BUB1B (701),1.0,,True
30,AAAGACGGACCCGAAGAGC,chr2_176100087_+,HOXD12 (3238),1.0,,True
31,AAAGACTGCGCTTTGTGGC,chr16_88711672_+,CTU2 (348180),1.0,,True
32,AAAGCATCATGAGGAGACG,chr14_20693731_+,ANG (283),1.0,,True
33,AAAGCGAATTTTGTCACTC,chr6_116807174_+,GPRC6A (222545),1.0,,True
34,AAAGCGATAGTATTGATGA,chr7_128335598_-,RBM28 (55131),1.0,,True
35,AAAGCGTTCGGTGATGAAG,chr1_47416614_-,FOXE3 (2301),1.0,,True
36,AAAGCTCGGGGTAAGCACT,chr13_31758335_-,RXFP2 (122042),1.0,,True
37,AAAGCTCTGCAAACAGAAA,chr10_52769267_-,MBL2 (4153),1.0,,True
38,AAAGCTGCTTGTTTGAACG,chr10_30340267_+,MTPAP (55149),1.0,,True
39,AAAGGAAAGTTTGGCCGTG,chrX_53432353_-,HSD17B10 (3028),1.0,,True
40,AAAGGAACTGTAGTCGCCC,chr16_23635812_+,PALB2 (79728),1.0,,True
41,AAAGGAGACGGCAAAGTCC,chr8_6925892_+,DEFA6 (1671),1.0,,True
42,AAAGGTAATGCCACCGCTA,chr4_154546147_+,PLRG1 (5356),1.0,,True
43,AAAGGTCATCACAGAAACG,chr11_18173552_-,MRGPRX4 (117196),1.0,,True
44,AAAGGTCTGCTTGTTCGGC,chr1_43386216_+,MED8 (112950),1.0,,True
45,AAAGTCACTTACTTTGACA,chr10_110297570_+,SMNDC1 (10285),1.0,,True
46,AAAGTCGGTGGGCTCCCCG,chr6_50715399_-,TFAP2D (83741),1.0,,True
47,AAAGTCTGAAGCACTAAGA,chr3_151817536_+,AADAC (13),1.0,,True
48,AAAGTCTGTTTTGCGTCGA,chr1_26924117_-,NUDC (10726),2.0,,True
49,AAAGTGATGTATGAAAAAG,chr5_77708318_-,TBCA (6902),3.0,,True
50,AAAGTTGGTGTCAGCAATA,chr6_41909434_+,MED20 (9477),1.0,,True
51,AAATAAGAGAATCAAGCCC,chr1_1544950_-,SSU72 (29101),1.0,,True
52,AAATACGGAGCCAACCGGG,chr12_117855487_-,KSR2 (283455),1.0,,True
53,AAATCAAGCAACATCACGG,chr3_142566216_+,ATR (545),1.0,,True
54,AAATCAGCGTAGTCGCCAG,chr1_151400138_-,PSMB4 (5692),1.0,,True
55,AAATCCCATATCCAACATC,chr10_68967144_-,DDX21 (9188),1.0,,True
56,AAATCCGTCGGCTCAGCCG,chr6_41921721_-,BYSL (705),1.0,,True
57,AAATCGGAGAAGTCCAACG,chr17_67891870_+,BPTF (2186),1.0,,True
58,AAATCTCTCCGTCAGAAGC,chr8_101573714_+,GRHL2 (79977),1.0,,True
59,AAATGCGCCACGATGTGGA,chr6_155443412_+,NOX3 (50508),1.0,,True
60,AAATGGACTACGCCCGAGC,chr1_19257868_+,MRTO4 (51154),2.0,,True
61,AAATGGTTGGTTACAACCC,chr12_10986595_+,TAS2R50 (259296),1.0,,True
62,AAATGTATCAGGAGCAATC,chr12_52383719_-,KRT84 (3890),1.0,,True
63,AAATGTATGTGTTCATCCG,chr7_92534593_+,RBM48 (84060),1.0,,True
64,AAATTCAGCTTCCCCACCG,chr19_18924279_+,DDX49 (54555),1.0,,True
65,AAATTGCGCTGGGATCCAA,chr8_42757006_-,CHRNA6 (8973),1.0,,True
66,AAATTGCTACTCACCAGCA,chr10_103139407_+,NT5C2 (22978),1.0,,True
67,AAATTGTCCGTGCCTCCAA,chr5_138569016_-,HSPA9 (3313),1.0,,True
68,AAATTTACCTCAGCAAGCT,chr6_96203524_+,FUT9 (10690),1.0,,True
69,AACAAACTCTGCTTCCAAC,chr16_69752289_+,NOB1 (28987),2.0,,True
70,AACAAAGCTGCGATTGGAA,chr7_31339001_-,NEUROD6 (63974),1.0,,True
71,AACAACGACAGCGAGACCG,chr6_88048077_+,SPACA1 (81833),1.0,,True
72,AACAATGGATACTCCTGGC,chr5_23522880_+,PRDM9 (56979),1.0,,True
73,AACACAAGTGACGCAGACA,chr11_63370390_+,SLC22A9 (114571),1.0,,True
74,AACACAGCGCCATTTCCGC,chr17_50370052_-,MRPL27 (51264),1.0,,True
75,AACACAGGATTGCCCTCAG,chr17_34361840_+,CCL1 (6346),1.0,,True
76,AACACCACCTGGTAGGTCC,chr1_21981048_-,CELA3B (23436),1.0,,True
77,AACACCTTGAACACCCGGC,chr6_26246808_+,H4C7 (8369),1.0,,True
78,AACACTCTGCGAAGACCAC,chr17_40770359_+,KRT26 (353288),1.0,,True
79,AACAGCGATACAGATGACG,chr6_30712725_-,MDC1 (9656),1.0,,True
80,AACAGCTCGTTGTACCGCT,chr3_41225480_+,CTNNB1 (1499),1.0,,True
81,AACAGGGCTTCCGGCAGAG,chr6_30137201_-,TRIM40 (135644),1.0,,True
82,AACATCAGAATTACCTCCA,chr11_101091761_+,PGR (5241),1.0,,True
83,AACATGCACCAGGCGTGCA,chr12_9093551_+,A2M (2),1.0,,True
84,AACCAAGAGCGAGGAGCAA,chr20_37254306_-,GHRH (2691),1.0,,True
85,AACCAGCGTATATTGCACG,chr22_19480975_-,CDC45 (8318),1.0,,True
86,AACCATAAGGCACGGGAGC,chr17_48728365_+,HOXB13 (10481),1.0,,True
87,AACCCAGCTGGCACGTGCT,chr21_30396218_-,KRTAP13-1 (140258),1.0,,True
88,AACCCCTACCGCCACGGTA,chr9_128323147_+,COQ4 (51117),1.0,,True
89,AACCCTGCCCTGTGCAACG,chr7_55146653_+,EGFR (1956),1.0,,True
90,AACCGAGGTCGACATGAAG,chr2_130345618_+,IMP4 (92856),1.0,,True
91,AACCGCCAATTAGCACACG,chr8_72936058_+,KCNB2 (9312),1.0,,True
92,AACCTAGTGGGATAACTAG,chr10_13175594_+,MCM10 (55388),1.0,,True
93,AACCTGACTTCCCGCTACG,chr3_48689680_-,IP6K2 (51447),1.0,,True
94,AACCTGCTAAGAATCGGCC,chr14_22928540_-,PRMT5 (10419),1.0,,True
95,AACGAGTCCTTTACTACAC,chr3_158645753_+,GFM1 (85476),1.0,,True
96,AACGATGAAAGATTAATCG,chr3_132708199_+,NPHP3 (27031),1.0,,True
97,AACGATGCAGCAAGCGACA,chr17_67903882_+,BPTF (2186),1.0,,True
98,AACGATGCTCGAGAGCTGG,chr1_93346757_+,DR1 (1810),1.0,,True
99,AACGATGTCGCAGAAGAGA,chr17_40406879_+,TOP2A (7153),1.0,,True
100,AACGCTGTTCAAATCAATA,chr21_18383652_+,TMPRSS15 (5651),1.0,,True
101,AACGGCAGCACCGTCCTAG,chr8_142917743_+,CYP11B2 (1585),1.0,,True
102,AACGGGAAGCATACGGGTA,chr22_20089811_+,DGCR8 (54487),1.0,,True
103,AACGGTACAGTAATCCATA,chr16_20032447_+,GPR139 (124274),1.0,,True
104,AACGGTGCCTGTAAGTACG,chr14_68790158_-,ZFP36L1 (677),1.0,,True
105,AACGTCCCCCACCTCCTCC,chr12_11308824_-,PRB4 (5545),1.0,,True
106,AACGTCTAACGAGAGGCCT,chr1_37540614_-,SNIP1 (79753),1.0,,True
107,AACGTTGTCTATTGCTGAC,chr3_138130930_+,A4GNT (51146),1.0,,True
108,AACGTTGTGCGATAGGACC,chr1_182939360_+,SHCBP1L (81626),1.0,,True
109,AACTATGGCTACTCCATCA,chr16_5075484_+,ALG1 (56052),1.0,,True
110,AACTATGTGGCAGATATCG,chr3_49375453_-,RHOA (387),1.0,,True
111,AACTCAAGCTCAACAACTG,chr22_41264691_-,RANGAP1 (5905),1.0,,True
112,AACTCCACGTTGCTACCCA,chr8_38424636_+,FGFR1 (2260),1.0,,True
113,AACTCCAGCGTCTTGCCGC,chr1_17825926_-,ACTL8 (81569),1.0,,True
114,AACTCGACATTGACGATCG,chr16_88891955_-,CBFA2T3 (863),1.0,,True
115,AACTCGCCAGGCATTCGAC,chr8_72936308_+,KCNB2 (9312),1.0,,True
116,AACTCGGTCTCGTCCACGC,chr6_137494043_-,OLIG3 (167826),1.0,,True
117,AACTCGTGGCTTTGGCACA,chr10_121965355_+,NSMCE4A (54780),1.0,,True
118,AACTCTCGCAACTTCCTCA,chr17_39605953_-,NEUROD2 (4761),1.0,,True
119,AACTGAGGCAGGCCTGGCG,chr5_77630706_+,OTP (23440),1.0,,True
120,AACTGCCCGCATATCGTCG,chr6_31536610_-,DDX39B (7919),1.0,,True
121,AACTGCCTTCAAACAAGGG,chr4_73487097_+,AFM (173),1.0,,True
122,AACTGCGCGTGTCGCAGGA,chr19_10154718_+,DNMT1 (1786),1.0,,True
123,AACTGCTTGATGCTCTAAC,chr1_114575667_+,BCAS2 (10286),2.0,,True
124,AACTTACCCAGTGCCGACT,chr22_39532403_+,RPS19BP1 (91582),1.0,,True
125,AACTTACTAGTGACCGAAG,chr12_121335541_+,ANAPC5 (51433),1.0,,True
126,AACTTCGGGTCTTACCCTC,chr1_43359820_-,CDC20 (991),1.0,,True
127,AACTTCTGTACTACAACGC,chr7_140801459_+,BRAF (673),1.0,,True
128,AACTTGCAAGCGTCTCAGA,chr10_110298745_+,SMNDC1 (10285),1.0,,True
129,AACTTGGCAAGCAAACCTG,chr4_98891280_-,EIF4E (1977),2.0,,True
130,AACTTGTACATTTACGGTA,chr3_151734173_+,AADACL2 (344752),1.0,,True
131,AACTTTAAACACTAAGACC,chr1_152410854_+,CRNN (49860),1.0,,True
132,AACTTTACTAACCATCCGC,chr18_31873433_+,TRAPPC8 (22878),1.0,,True
133,AACTTTGGCCCTCAACATC,chr2_226864807_+,RHBDD1 (84236),1.0,,True
134,AACTTTTGGTACCGACTGG,chr7_128997501_-,TNPO3 (23534),1.0,,True
135,AAGAAAAGCAGCCTCGCGG,chr1_150579250_+,MCL1 (4170),1.0,,True
136,AAGAAAATGATCTCCGAGG,chr18_580631_+,CETN1 (1068),1.0,,True
137,AAGAACCAACCCCCTAGCA,chr1_156727507_-,ISG20L2 (81875),1.0,,True
138,AAGAACCTCTATGAGGGGC,chr4_7061088_-,GRPEL1 (80273),1.0,,True
139,AAGAACGGTACATCCATAA,chr9_103004739_-,CYLC2 (1539),1.0,,True
140,AAGAAGATCATTGTACATC,chr1_1564805_+,SSU72 (29101),1.0,,True
141,AAGAAGCACTCTTCAGCAT,chr12_123584721_-,TMED2 (10959),1.0,,True
142,AAGAAGCCTCAACTTCGTC,chr6_126340373_+,CENPW (387103),1.0,,True
143,AAGAATCCGAGACTCCAGT,chr6_46829416_-,MEP1A (4224),1.0,,True
144,AAGAATGGAGGGTGTTCAA,chr11_90210540_-,CHORDC1 (26973),4.0,,True
145,AAGAATGGAGTTCAGGCGA,chr19_38845659_-,HNRNPL (3191),2.0,,True
146,AAGAATGGTGATGCGTTCA,chr5_134202007_+,PPP2CA (5515),1.0,,True
147,AAGAATTACCTAGCTAGCG,chr18_46118309_-,HAUS1 (115106),1.0,,True
148,AAGACCAGCTACGGTCACC,chr13_113654818_-,ATP4B (496),1.0,,True
149,AAGACTGCATCATCGTCGG,chr19_18921737_+,DDX49 (54555),1.0,,True
150,AAGAGAAACTGAGCAGTGC,chr20_45608781_-,WFDC9 (259240),1.0,,True
151,AAGAGATGCATGTAAAGAA,chr20_145493_+,DEFB126 (81623),1.0,,True
152,AAGAGGTTGTCCCACAGTC,chr1_186373424_-,TPR (7175),1.0,,True
153,AAGATCCCTTTCATTCGAG,chr6_21594862_+,SOX4 (6659),1.0,,True
154,AAGATCCTCAACAGTAGTC,chr4_79407838_+,GK2 (2712),1.0,,True
155,AAGATCGACGTGATCAAGC,chr20_58909187_+,GNAS (2778),1.0,,True
156,AAGATCTGTCCGTGACATA,chr14_45231234_-,MIS18BP1 (55320),1.0,,True
157,AAGATCTTGTTGTCCGACC,chr19_55857910_-,NLRP4 (147945),1.0,,True
158,AAGATGTATGTTCAGCAGT,chr5_112864503_+,SRP19 (6728),1.0,,True
159,AAGATTGGTGCCGCAATAC,chr20_2654515_+,NOP56 (10528),1.0,,True
160,AAGCACACTGTTCACGCTC,chr19_38845907_+,HNRNPL (3191),3.0,,True
161,AAGCACTGATGAACTAGCA,chr14_54989032_-,WDHD1 (11169),1.0,,True
162,AAGCCAAGTCAGAGACCTC,chr1_26941593_+,NUDC (10726),2.0,,True
163,AAGCCCCCGTACTCGTACG,chr3_138946547_-,FOXL2 (668),1.0,,True
164,AAGCCGATGGTCTGGAAGT,chr2_232456974_-,ALPI (248),1.0,,True
165,AAGCGCACACGGTTAGAAG,chr22_19484000_+,CDC45 (8318),1.0,,True
166,AAGCGGACGGCTATCGGCA,chr11_59842499_+,CBLIF (2694),1.0,,True
167,AAGCGGCGAAAGTCGCGCA,chr10_101227730_-,LBX1 (10660),1.0,,True
168,AAGCTACGGAGTTTACAGA,chr11_59807722_-,MRPL16 (54948),1.0,,True
169,AAGCTCTCATCGGAGAGAT,chr12_64752722_-,GNS (2799),1.0,,True
170,AAGCTCTCTGACAAAGATA,chr3_51895302_-,IQCF1 (132141),2.0,,True
171,AAGCTTCATAAGTTTGAGT,chr2_127850653_-,POLR2D (5433),1.0,,True
172,AAGGACAACTACTCAAAAG,chr3_156678525_+,TIPARP (25976),1.0,,True
173,AAGGATGAGGTGGACTGGT,chr1_20143589_+,PLA2G2F (64600),1.0,,True
174,AAGGATTTGATCCTCGGTC,chr2_219247168_-,STK16 (8576),1.0,,True
175,AAGGCAAACCGCTTCCGAG,chr11_118979169_-,FOXR1 (283150),1.0,,True
176,AAGGCCCCTACGGTGGCCG,chr9_135699049_-,SOHLH1 (402381),1.0,,True
177,AAGGCCTCCAGATACTGGC,chr1_155015141_-,ZBTB7B (51043),1.0,,True
178,AAGGCGAACTGTTTCATGA,chr11_66616820_-,RBM14 (10432),1.0,,True
179,AAGGCTATAAATGCAGCAC,chr15_59650706_-,GTF2A2 (2958),1.0,,True
180,AAGGCTGATGCTTCAGCGT,chr11_59842574_+,CBLIF (2694),1.0,,True
181,AAGGCTTCGGTTCTCCGGA,chr2_135836745_+,LCT (3938),1.0,,True
182,AAGGGCGTAAAGAACTCCA,chr20_62216727_+,HRH3 (11255),1.0,,True
183,AAGGGGGTCCCGCAAGGCT,chr1_53459921_-,DMRTB1 (63948),1.0,,True
184,AAGGGTATGAAGCTCCATA,chr12_10986313_+,TAS2R50 (259296),1.0,,True
185,AAGGGTGAGTACCCCCGCT,chr22_25227920_+,CRYBB2 (1415),1.0,,True
186,AAGGGTTAATTTTCGCTGC,chr3_52260439_-,WDR82 (80335),1.0,,True
187,AAGGTCAGACTATTGCCCT,chr3_133811117_-,SRPRB (58477),1.0,,True
188,AAGGTGCGACATCACAGTG,chr20_32995698_-,SUN5 (140732),1.0,,True
189,AAGGTGCGTACACGGAGGA,chr7_155071095_-,HTR5A (3361),1.0,,True
190,AAGGTGCGTTCGATGACAG,chr14_104776698_+,AKT1 (207),1.0,,True
191,AAGTACCGACGCGCCAGCG,chr1_156480868_-,MEF2D (4209),1.0,,True
192,AAGTAGGCATATGCAACAC,chr4_154547804_+,PLRG1 (5356),1.0,,True
193,AAGTATGAACATTTAAGGT,chr2_197535629_+,MOB4 (25843),1.0,,True
194,AAGTATGCTGATCCAGATC,chr2_211665362_-,ERBB4 (2066),1.0,,True
195,AAGTCACAGTACTGGTACC,chr6_41909342_+,MED20 (9477),1.0,,True
196,AAGTCATCCGAACACAGAC,chr11_83166218_+,PCF11 (51585),1.0,,True
197,AAGTCATTAAGATAGCTAG,chr9_77797649_+,GNAQ (2776),1.0,,True
198,AAGTCTTGTATCCAGGCCG,chr2_214792392_+,BARD1 (580),1.0,,True
199,AAGTGCACTATCCGGCGCT,chr6_26246868_-,H4C7 (8369),1.0,,True
200,AAGTGGCTCTTCACACCGT,chr21_43797489_-,RRP1 (8568),1.0,,True
201,AAGTGTAGACACGTCCGCA,chr1_182057461_-,ZNF648 (127665),1.0,,True
202,AAGTGTCGAGACTGTCGTG,chr12_49997125_-,RACGAP1 (29127),1.0,,True
203,AAGTGTGCTTTGTTGGAGA,chr5_74770758_+,NSA2 (10412),1.0,,True
204,AAGTTCTATGCGCCCGAAG,chr2_176100111_+,HOXD12 (3238),1.0,,True
205,AAGTTGAAGCATGCTCAAC,chr9_104113340_+,SMC2 (10592),1.0,,True
206,AAGTTTAATGTGAACCGGG,chr20_2654865_+,NOP56 (10528),1.0,,True
207,AAGTTTACCACGTAGGGGC,chr3_184038051_-,HTR3D (200909),1.0,,True
208,AATAATAATGCTACTCCAA,chr1_109411922_+,PSMA5 (5686),1.0,,True
209,AATACCGGCTGCCCCCCAT,chr6_34541108_-,SPDEF (25803),1.0,,True
210,AATACGTTTAGCAGACCAG,chr15_63694462_+,HERC1 (8925),1.0,,True
211,AATATACCTGCCCAGTAAC,chr6_31539155_+,DDX39B (7919),1.0,,True
212,AATATAGCTGTCTCCTGGG,chr2_61493926_+,XPO1 (7514),1.0,,True
213,AATATGGTGGCCCTCCACC,chr10_50844090_-,A1CF (29974),1.0,,True
214,AATATTTCCGGGGACAAGC,chr16_69340234_+,NIP7 (51388),1.0,,True
215,AATATTTGTCAGTCCACCA,chr3_72824496_+,SHQ1 (55164),2.0,,True
216,AATCACCCGCACAGCATAC,chr13_112569234_+,TUBGCP3 (10426),1.0,,True
217,AATCATTGTGTACAAGCTC,chr16_20032169_-,GPR139 (124274),1.0,,True
218,AATCCAGGCCCACTCCAAC,chr12_52385470_+,KRT84 (3890),1.0,,True
219,AATCCAGTGAGGCACCGAC,chr3_129095050_+,RAB43 (339122),2.0,,True
220,AATCCATGTACTGACCAGG,chr10_60785757_-,CDK1 (983),1.0,,True
221,AATCCGACTGGGGTGACTC,chr2_113242101_+,PAX8 (7849),1.0,,True
222,AATCGCAGATGTCCCCGAG,chr12_125076526_+,AACS (65985),1.0,,True
223,AATCGGCAGTTGTCCACAC,chr10_50836280_+,A1CF (29974),1.0,,True
224,AATCGGGTCTATATGCATC,chr2_161418218_+,TBR1 (10716),1.0,,True
225,AATCTAGACACAATACCTG,chr1_150332767_-,PRPF3 (9129),1.0,,True
226,AATGAAATACCCCTCTTCC,chr3_63839661_+,THOC7 (80145),1.0,,True
227,AATGAATACCCATCCCGGG,chr7_44206459_+,YKT6 (10652),1.0,,True
228,AATGACTTGCTATTATTGA,chr1_114713836_+,NRAS (4893),1.0,,True
229,AATGAGTCCGTGCAGTCGG,chr2_29073180_-,PCARE (388939),1.0,,True
230,AATGATAGTCTTGCAGGTG,chr7_44206426_+,YKT6 (10652),1.0,,True
231,AATGATCTACAGCTGCGGA,chrX_101360637_-,BTK (695),1.0,,True
232,AATGATGAAAAGACACCAC,chr5_74769266_+,NSA2 (10412),1.0,,True
233,AATGATGAGCACACAAGGC,chr3_49362521_-,RHOA (387),1.0,,True
234,AATGCACCCCTGAACCGGA,chr3_187729431_-,BCL6 (604),1.0,,True
235,AATGCCGCCTGCATGGCAT,chr19_41389871_-,EXOSC5 (56915),1.0,,True
236,AATGCCTACAGGAAGGCCG,chrX_14020416_-,GEMIN8 (54960),3.0,,True
237,AATGCTAGACGTGTAGCAA,chr11_33103111_-,CSTF3 (1479),1.0,,True
238,AATGCTATGCGAGAAGACC,chr16_5077509_+,ALG1 (56052),1.0,,True
239,AATGCTTACGTGATGCAAA,chr6_55331796_+,GFRAL (389400),1.0,,True
240,AATGGCTCACCGAGAGCCT,chr20_35528816_+,C20orf173 (140873),1.0,,True
241,AATGTAAGGGGCCAGCGAG,chr7_76480721_-,DTX2 (113878),1.0,,True
242,AATGTATGCAGCGCACTGG,chr5_55781102_+,DDX4 (54514),1.0,,True
243,AATGTCCAGATGCTCCCGC,chr22_42693524_-,A4GALT (53947),1.0,,True
244,AATGTGCCGTAGCAAGGCC,chr5_138567037_+,HSPA9 (3313),1.0,,True
245,AATGTTGTGTTGAATACGA,chr4_87845512_-,MEPE (56955),1.0,,True
246,AATTACCTAACAGGCATCC,chr3_12606210_+,RAF1 (5894),1.0,,True
247,AATTACTGGATTGATACCC,chr7_143183892_+,TAS2R39 (259285),1.0,,True
248,AATTAGCACGTCTGTCAGC,chr20_145542_-,DEFB126 (81623),1.0,,True
249,AATTAGCGTACCTTTACAA,chr17_40406836_+,TOP2A (7153),1.0,,True
250,AATTATGACATTAAAAAGC,chr5_77708246_-,TBCA (6902),1.0,,True
251,AATTCACAGTCTGCGTGCA,chr10_13186262_-,MCM10 (55388),1.0,,True
252,AATTCACTCCCCAGTACAA,chr3_48695094_-,IP6K2 (51447),1.0,,True
253,AATTGCTGGTTTATACCAA,chr4_127767145_+,SLC25A31 (83447),1.0,,True
254,AATTGCTTGCAGAAACAGC,chr19_48039253_-,CABP5 (56344),1.0,,True
255,AATTGGGGGCGATAGGCAT,chr21_30319611_+,KRTAP26-1 (388818),1.0,,True
256,AATTGGTGTCGATTTGGCA,chr7_89333538_-,ZNF804B (219578),1.0,,True
257,AATTGGTGTTGGGGACCAC,chr20_1478546_-,SIRPB2 (284759),1.0,,True
258,AATTGTAGGTTGCTATCAC,chr2_47151449_+,STPG4 (285051),1.0,,True
259,AATTTGAGAGACATGCTGA,chr2_162145635_-,GCG (2641),1.0,,True
260,AATTTGCCCTATCTTACAA,chr5_138561764_-,HSPA9 (3313),2.0,,True
261,AATTTTAGTGGGCAAGCAT,chr5_161875618_-,GABRA1 (2554),1.0,,True
262,AATTTTCTTCGAAACGGTG,chr9_110334252_-,TXNDC8 (255220),1.0,,True
263,ACAAAATCTTGGGCACGCC,chr2_162147398_+,GCG (2641),1.0,,True
264,ACAAACGTTCATCTCAAGC,chr9_108862710_+,ACTL7A (10881),1.0,,True
265,ACAAACTGGCTCTACCCCC,chrX_40591331_+,ATP6AP2 (10159),1.0,,True
266,ACAAAGAGGTACTTACGAA,chr8_142841225_-,GML (2765),1.0,,True
267,ACAACAAGCTGGACAAAGG,chr1_160211714_+,PEA15 (8682),1.0,,True
268,ACAACCCCTCAATCTGAGA,chr5_140702119_+,ZMAT2 (153527),1.0,,True
269,ACAACTGTATCAAACTCGT,chrX_54443453_-,TSR2 (90121),1.0,,True
270,ACAAGCTCGCAGGTCAATA,chr10_73154316_+,ECD (11319),1.0,,True
271,ACAAGTCGTTAGCAAACCC,chr10_27077353_-,ANKRD26 (22852),1.0,,True
272,ACAAGTTTCAGCCAGCTCC,chr9_110326238_+,TXNDC8 (255220),1.0,,True
273,ACAATCGCTCTGGACAGCT,chr4_88396055_+,HERC6 (55008),1.0,,True
274,ACAATGCTACATCGAGCCA,chr1_156727057_+,ISG20L2 (81875),1.0,,True
275,ACAATTAGCAGATAAACTG,chr15_44554609_+,EIF3J (8669),2.0,,True
276,ACAATTGATAAGGCGCCAA,chr4_145108027_-,ABCE1 (6059),1.0,,True
277,ACACACAAGGCATGAAGCT,chr14_70523837_-,ADAM20 (8748),2.0,,True
278,ACACACTATTCAACCTACC,chr10_103101239_-,NT5C2 (22978),1.0,,True
279,ACACATCATCCAAGGACTG,chr11_123885282_+,TMEM225 (338661),1.0,,True
280,ACACCAGACCGGCTCGCGG,chr20_23036055_+,SSTR4 (6754),1.0,,True
281,ACACCCCCGCAGCGCAGGC,chr19_51034043_+,KLK12 (43849),1.0,,True
282,ACACCTATGGCCGCGACAA,chr1_18854816_-,TAS1R2 (80834),1.0,,True
283,ACACGCCCCTGTCGTACAC,chr2_182866129_+,FRZB (2487),1.0,,True
284,ACACGCTGCTGGACTCGAG,chr12_4445418_-,FGF6 (2251),1.0,,True
285,ACACGGCCATCATCGGTGA,chr1_28532312_-,RCC1 (1104),1.0,,True
286,ACACGGGCCACCATGAACT,chr2_27133636_-,PREB (10113),1.0,,True
287,ACACTGCCGCCAAATACAC,chr6_25726377_+,H2AC1 (221613),1.0,,True
288,ACACTTAATGTTCACGCGG,chr1_84479485_+,RPF1 (80135),1.0,,True
289,ACACTTGGATTCACCACCA,chr6_88057654_-,SPACA1 (81833),1.0,,True
290,ACAGACCATCATAGCGGGT,chr12_69588200_+,CCT2 (10576),1.0,,True
291,ACAGAGAATGCACACGAGG,chr21_43094551_-,U2AF1 (7307),2.0,,True
292,ACAGCAGAAATCCTTGAGC,chr6_25726334_-,H2AC1 (221613),1.0,,True
293,ACAGCATTGCGACTGCCCT,chr20_35529235_-,C20orf173 (140873),1.0,,True
294,ACAGCCCAAGAAAAAGCAT,chr18_59272498_-,RAX (30062),1.0,,True
295,ACAGCGACCATCCGTCCGA,chr22_20087265_+,DGCR8 (54487),1.0,,True
296,ACAGCGCACCGGTAGCTCG,chr9_99221700_+,ALG2 (85365),1.0,,True
297,ACAGCTAAACTGTACAGCT,chr16_46692491_-,ORC6 (23594),1.0,,True
298,ACAGGATTCATCCTGTCGG,chr13_103065990_-,SLC10A2 (6555),1.0,,True
299,ACAGGCCTAGTACGCCAGC,chr11_5508993_-,UBQLN3 (50613),1.0,,True
300,ACAGTAAGCCACGAGGCGA,chr2_219246806_-,STK16 (8576),1.0,,True
301,ACAGTAGGTGCCATCGGGC,chr16_69340041_-,NIP7 (51388),1.0,,True
302,ACAGTCCACAACCCTGGTC,chr6_41043693_+,TSPO2 (222642),1.0,,True
303,ACAGTCTCTCACTGAAGCA,chr5_135894130_+,IL9 (3578),1.0,,True
304,ACAGTGCCAAGCAGCCATA,chr6_55351392_+,GFRAL (389400),1.0,,True
305,ACAGTGCCACAGCCCTTAG,chr19_48616105_+,RPL18 (6141),1.0,,True
306,ACAGTGGGTAACCTCCGGG,chr5_138169331_+,BRD8 (10902),1.0,,True
307,ACAGTTAACCCTGAACCTG,chr12_10809523_-,TAS2R9 (50835),1.0,,True
308,ACAGTTCGGGTCTATGAGG,chr22_20086220_-,DGCR8 (54487),1.0,,True
309,ACATAAGATCCCTTGGATG,chr21_30440614_+,KRTAP15-1 (254950),1.0,,True
310,ACATAGACTGGCAGCACTG,chr17_41118051_+,KRTAP4-11 (653240),1.0,,True
311,ACATATCTTAACATGTCAA,chr10_121970964_+,NSMCE4A (54780),1.0,,True
312,ACATATTTCAGTGAAGTCG,chr1_75932028_+,ASB17 (127247),1.0,,True
313,ACATCAGGAACAGCCCCGT,chr1_15466004_-,CELA2A (63036),1.0,,True
314,ACATCCATCATCGTCAGCA,chr5_177386548_+,SLC34A1 (6569),1.0,,True
315,ACATCCTGAAGCCATACGT,chr1_47142198_+,CYP4A22 (284541),1.0,,True
316,ACATCCTTGACTTGCACAT,chr22_43886356_+,PNPLA5 (150379),1.0,,True
317,ACATCTGAGAAATTTACGT,chr10_37142116_+,ANKRD30A (91074),1.0,,True
318,ACATGAGGAACGGTCCCGA,chr3_128264658_-,EEFSEC (60678),1.0,,True
319,ACATGATTCTGGACGACGG,chr20_34292410_-,AHCY (191),1.0,,True
320,ACATGGCATCTTTGAGTGC,chr7_74249052_+,RFC2 (5982),1.0,,True
321,ACATGGTATTGCAGTAGAC,chr10_50828260_-,A1CF (29974),1.0,,True
322,ACATGTGCAACGCAGCGCC,chr12_21378286_+,IAPP (3375),1.0,,True
323,ACATGTTGTCTGGAAAGCA,chr3_151827765_-,AADAC (13),1.0,,True
324,ACATTAGACTTGCGAGCTC,chr14_21362945_+,SUPT16H (11198),1.0,,True
325,ACATTATCTAGGTCTCCAC,chr14_70523949_+,ADAM20 (8748),1.0,,True
326,ACATTCAACCAACAGAGCA,chr20_23568266_-,CST9L (128821),1.0,,True
327,ACATTCTGTCCTGCCCGGA,chr10_84224431_+,LRIT2 (340745),1.0,,True
328,ACATTGTAGCCGAAAGATA,chr11_107433640_-,CWF19L2 (143884),1.0,,True
329,ACATTTATAGGCTAGCTGG,chr4_87662041_+,DMP1 (1758),1.0,,True
330,ACATTTCATTTCAGGGGAC,chrX_55624217_-,FOXR2 (139628),1.0,,True
331,ACATTTTAAGCCAATGACG,chr10_15103826_-,RPP38 (10557),1.0,,True
332,ACCAAAAGTTGTTACCCAA,chr12_68225656_-,IL26 (55801),1.0,,True
333,ACCAAACTCACTAAATTGG,chr9_6328710_+,TPD52L3 (89882),1.0,,True
334,ACCAAAGTACGCTCAGCTG,chr9_104102071_+,SMC2 (10592),1.0,,True
335,ACCAACATGAAAGTACGTC,chr1_154332637_+,ATP8B2 (57198),1.0,,True
336,ACCAACCCTAACCTAAGTG,chrX_118825569_+,ZCCHC12 (170261),1.0,,True
337,ACCAAGTCATAGGCGCTCA,chr3_50256814_-,GNAI2 (2771),1.0,,True
338,ACCAATGAAACATCTCCGA,chr7_117426871_+,ASZ1 (136991),1.0,,True
339,ACCAATGTAGGTGTCTGGG,chr17_40416776_+,TOP2A (7153),1.0,,True
340,ACCACAAGCTTTACAAATA,chr19_57129985_-,USP29 (57663),1.0,,True
341,ACCACAGGTTCACCAGGGA,chr1_42163507_+,GUCA2A (2980),1.0,,True
342,ACCACATGATCCTGCCTCC,chr3_66362875_-,SLC25A26 (115286),1.0,,True
343,ACCACCTCACGACCCCGAT,chr3_187729932_+,BCL6 (604),1.0,,True
344,ACCACGAAGACTGCCGACC,chr20_23036105_-,SSTR4 (6754),1.0,,True
345,ACCACGCCTCGCTCCACAG,chr12_4444215_+,FGF6 (2251),1.0,,True
346,ACCAGCCACACTGTCAAGT,chr22_43976085_+,SAMM50 (25813),1.0,,True
347,ACCATGACCCCTGACGGTC,chr19_55661088_+,U2AF2 (11338),1.0,,True
348,ACCATTGGAAATGTCCACC,chrX_47089878_-,RGN (9104),1.0,,True
349,ACCCAAAAGGTGACATACC,chr2_208245339_-,IDH1 (3417),2.0,,True
350,ACCCACTGGTAGCCGTAAC,chr12_9101646_+,A2M (2),1.0,,True
351,ACCCAGAAATCGTTACAGT,chr6_149742454_-,NUP43 (348995),1.0,,True
352,ACCCAGATGGCCACGATCA,chr20_56249336_-,MC3R (4159),1.0,,True
353,ACCCAGCATTCGCGCCATG,chr8_10531503_-,PRSS55 (203074),1.0,,True
354,ACCCAGGATTAAGTTAAGG,chr11_123884578_+,TMEM225 (338661),1.0,,True
355,ACCCATCCTTGATCAAAGA,chr1_236595903_+,HEATR1 (55127),1.0,,True
356,ACCCCCGTACCTCAAAGTG,chr7_128359864_-,PRRT4 (401399),1.0,,True
357,ACCCCTCGACCGAAGCTGG,chr6_397146_+,IRF4 (3662),1.0,,True
358,ACCCGCACTAGCTGGCCGC,chr1_156479599_+,MEF2D (4209),1.0,,True
359,ACCCTAGTACTCACATGAG,chr19_51265880_-,SIGLECL1 (284369),1.0,,True
360,ACCCTCTGAACATTGCGGC,chr9_133463537_+,CACFD1 (11094),1.0,,True
361,ACCCTGGATAAGAGTCCGC,chr5_157343241_-,FNDC9 (408263),1.0,,True
362,ACCGACCGCACTGGGATCG,chr1_182953000_+,SHCBP1L (81626),1.0,,True
363,ACCGACGGTGATGGAGAAG,chr9_101594716_-,PPP3R2 (5535),1.0,,True
364,ACCGAGCTCAATCAGATCA,chr12_129084533_-,TMEM132D (121256),1.0,,True
365,ACCGATCCATCCTCATAGC,chr22_19802179_+,GNB1L (54584),1.0,,True
366,ACCGCAAGCTCCGGAACGC,chr11_92969943_+,MTNR1B (4544),1.0,,True
367,ACCGCAATGTACCTGTCGA,chr6_132570706_-,TAAR6 (319100),1.0,,True
368,ACCGCCAATACCAGAGGGT,chr19_53636688_+,DPRX (503834),1.0,,True
369,ACCGCCCTCAACACTACAC,chr8_142914360_-,CYP11B2 (1585),1.0,,True
370,ACCGCCCTCAAGAGAGGTA,chr1_19257984_+,MRTO4 (51154),1.0,,True
371,ACCGGAGTCGGACTCGTCG,chr9_126691054_-,LMX1B (4010),1.0,,True
372,ACCGGAGTGGTCCGGACGG,chr1_37554095_+,SNIP1 (79753),1.0,,True
373,ACCGGCAGGTACATGAGCA,chr11_124617307_-,PANX3 (116337),1.0,,True
374,ACCGGCCAGAGGACGAGTG,chr17_39715934_+,ERBB2 (2064),1.0,,True
375,ACCGGGACTCACCGGAGAC,chr4_8868323_-,HMX1 (3166),1.0,,True
376,ACCGTAGGTTTCCTTCCAG,chr2_9854407_-,TAF1B (9014),1.0,,True
377,ACCGTGACAAACCGAGCAC,chr1_162761346_-,DDR2 (4921),1.0,,True
378,ACCGTGCGCTACGGCGCGC,chr22_37824865_+,GALR3 (8484),1.0,,True
379,ACCGTGTATACAGCAGTGA,chr16_24877342_-,SLC5A11 (115584),1.0,,True
380,ACCTAATGTGCATCTAAGC,chr13_30637843_-,USPL1 (10208),1.0,,True
381,ACCTACTGCTGTCAGGAAG,chr14_22928501_-,PRMT5 (10419),1.0,,True
382,ACCTACTTACCCTGTCCAA,chr16_46691114_-,ORC6 (23594),1.0,,True
383,ACCTATTGGTGCCGCCAAC,chrX_65529830_-,LAS1L (81887),1.0,,True
384,ACCTCATGTAATAGTCAAA,chr7_151967456_+,GALNTL5 (168391),1.0,,True
385,ACCTCCTTAATGTCAGACT,chr13_72773959_+,DIS3 (22894),1.0,,True
386,ACCTCTCTGGACCACGATC,chr19_17838374_+,JAK3 (3718),1.0,,True
387,ACCTGACCAGCAATGTAGA,chr16_24872205_-,SLC5A11 (115584),1.0,,True
388,ACCTGATACAGCGCGGCCA,chr5_63961442_+,HTR1A (3350),1.0,,True
389,ACCTGCTGTCGCGGCCAGA,chr19_41397206_-,EXOSC5 (56915),1.0,,True
390,ACCTTCATGCTGGCTAAGG,chr12_68253267_-,IL22 (50616),1.0,,True
391,ACCTTGAGATTGTGCTCAC,chr12_56083868_+,ERBB3 (2065),1.0,,True
392,ACGAAGTATCCATGCAGAG,chr3_129529028_-,RHO (6010),1.0,,True
393,ACGAATTCGTGCTCAAGGA,chr9_126690985_+,LMX1B (4010),1.0,,True
394,ACGACAAATCCTCCACCCC,chr15_70058274_-,TLE3 (7090),1.0,,True
395,ACGACACTTTGCGCCTCAT,chr19_54773477_+,KIR2DL1 (3802),1.0,,True
396,ACGACGTTCACTCTTCAGC,chr10_49391168_-,DRGX (644168),1.0,,True
397,ACGACTCAATCGCCGGAGC,chr6_30146011_+,TRIM40 (135644),1.0,,True
398,ACGAGACTAGGATAAGCCA,chrX_70134764_-,IGBP1 (3476),2.0,,True
399,ACGAGATATCACTCGGAAG,chr22_24756665_+,PIWIL3 (440822),1.0,,True
400,ACGAGGACCTCCTAATCCC,chr2_85046156_-,KCMF1 (56888),1.0,,True
401,ACGATATTCGACCACAAGT,chr14_55000592_+,WDHD1 (11169),1.0,,True
402,ACGATCAGGAGTGTTGCAA,chr3_72841056_-,SHQ1 (55164),1.0,,True
403,ACGATGGCTAACCCGCCGC,chr8_86064478_+,PSKH2 (85481),1.0,,True
404,ACGATGGGTTACATGCCCA,chr19_48040652_-,CABP5 (56344),1.0,,True
405,ACGCAACAGGGTCCGGGAC,chr18_46105304_+,HAUS1 (115106),1.0,,True
406,ACGCACCCCAGTAGAATCC,chr12_10802173_+,TAS2R7 (50837),1.0,,True
407,ACGCATCCAAGAAGTCGGG,chr17_50370522_-,MRPL27 (51264),1.0,,True
408,ACGCCAGTTTCCTTCAGGT,chr22_25224984_-,CRYBB2 (1415),1.0,,True
409,ACGCCCACGGTCGTGTCAG,chr19_8698129_-,ACTL9 (284382),1.0,,True
410,ACGCCCACTGGTTCTGCGC,chr19_10149597_-,DNMT1 (1786),1.0,,True
411,ACGCCGGTCTTGATGACGA,chr17_42333709_+,STAT3 (6774),1.0,,True
412,ACGCCGTGGGACCGCATCA,chr2_29239780_+,ALK (238),1.0,,True
413,ACGCCTACGGGCATAGCTG,chr1_17823142_-,ACTL8 (81569),1.0,,True
414,ACGCGTCCTACGGCACGGA,chr6_106105308_+,PRDM1 (639),1.0,,True
415,ACGCTACAGCACCCAACGT,chr10_47350086_+,RBP3 (5949),1.0,,True
416,ACGCTACTGGCTCAAAGAG,chr1_155853394_-,GON4L (54856),1.0,,True
417,ACGCTGTCTATGTTGACCT,chr10_42793119_+,BMS1 (9790),2.0,,True
418,ACGCTGTGGGGAACTCAAG,chr9_6328775_+,TPD52L3 (89882),1.0,,True
419,ACGCTTGAAGAGAATAAAG,chr1_39743880_+,PPIE (10450),1.0,,True
420,ACGGACACCTCCTGTCAGA,chr2_168889437_-,SPC25 (57405),1.0,,True
421,ACGGACGTGATTCCATCCG,chr11_20601615_-,SLC6A5 (9152),1.0,,True
422,ACGGAGATACTCGCGACCG,chr9_128325850_-,COQ4 (51117),1.0,,True
423,ACGGAGGCGTCTCTAGCGG,chr1_153261446_+,LORICRIN (4014),1.0,,True
424,ACGGCACGGAGAAACCCCT,chr20_50749872_+,PARD6B (84612),1.0,,True
425,ACGGCCTGCGTCCTCCATG,chr3_38275012_-,SLC22A13 (9390),1.0,,True
426,ACGGCGCACGATGTAACAG,chr12_49323711_-,TROAP (10024),1.0,,True
427,ACGGCGGGATCCACGCACT,chr2_15942620_-,MYCN (4613),1.0,,True
428,ACGGCGGTAAGTCAGAGTC,chr6_96203619_-,FUT9 (10690),1.0,,True
429,ACGGCTAGTTTGGAAGGCC,chr17_7931131_+,TRAPPC1 (58485),1.0,,True
430,ACGGGCAGTTATAACACCA,chr22_43972313_+,SAMM50 (25813),1.0,,True
431,ACGGGCTCTTCCGGCGCTA,chr1_156480840_-,MEF2D (4209),1.0,,True
432,ACGGTCCGCGTTGTAGCGT,chr1_154926398_-,PMVK (10654),1.0,,True
433,ACGGTGCACGCTGCGGAGT,chr5_44809182_+,MRPS30 (10884),1.0,,True
434,ACGGTGTGGTCCCTGCAAA,chr9_110334239_-,TXNDC8 (255220),1.0,,True
435,ACGGTTGGCTGTAGTAACG,chr11_62591417_+,TUT1 (64852),1.0,,True
436,ACGTACCTCCGCCTCATCG,chr1_153751156_+,INTS3 (65123),1.0,,True
437,ACGTACCTGTCGACGGCGA,chr20_56249258_-,MC3R (4159),1.0,,True
438,ACGTAGCAGTAATAGTGCC,chr17_78814431_+,USP36 (57602),1.0,,True
439,ACGTAGGACTAAGACGTAG,chr6_78997542_-,PHIP (55023),1.0,,True
440,ACGTCAACAGAATAGCATC,chr4_67922883_-,TMPRSS11A (339967),1.0,,True
441,ACGTCTCCAGTGAGGATGC,chr20_1478351_-,SIRPB2 (284759),1.0,,True
442,ACGTGAACCAGCTGTGGAG,chr4_17812304_+,NCAPG (64151),1.0,,True
443,ACGTGCCAGTAGATCATGA,chr22_42693842_+,A4GALT (53947),1.0,,True
444,ACGTGCTGGTCCTGATGAA,chr22_42693610_-,A4GALT (53947),1.0,,True
445,ACGTGGATCGTGCCCAGTC,chr12_13753548_-,GRIN2B (2904),1.0,,True
446,ACGTGTCGCTGTCGCCACA,chr12_132570385_+,FBRSL1 (57666),1.0,,True
447,ACGTTAGAGCATCAGTACA,chr21_18372283_+,TMPRSS15 (5651),1.0,,True
448,ACGTTCAGCGACCAGCAGT,chr1_158181631_+,CD1D (912),1.0,,True
449,ACGTTCATATTCCTCACGC,chr1_186359865_+,TPR (7175),1.0,,True
450,ACGTTGTCTAGTTCTAAAG,chr1_94205183_+,ARHGAP29 (9411),1.0,,True
451,ACGTTTTAAGAATCCAGCA,chr1_168183970_+,TIPRL (261726),1.0,,True
452,ACTAATGTGTTACTGCACC,chr13_72781609_-,DIS3 (22894),1.0,,True
453,ACTACTATGCCTACAGACT,chr20_23568244_-,CST9L (128821),1.0,,True
454,ACTATACCATCTGCGGAAC,chr18_12963250_-,SEH1L (81929),1.0,,True
455,ACTATATGGTCTATACTGC,chr2_95115094_+,MRPS5 (64969),1.0,,True
456,ACTATGTACAGAATCACCC,chr6_132570418_-,TAAR6 (319100),1.0,,True
457,ACTATGTGGGTGGTCGCAA,chr16_29780151_+,ZG16 (653808),1.0,,True
458,ACTCACGAGGAATACGTGC,chr16_22309030_-,POLR3E (55718),1.0,,True
459,ACTCAGCTCACCGCCTAAA,chrX_118825783_-,ZCCHC12 (170261),1.0,,True
460,ACTCAGCTTGAGGTAGTGG,chr16_5062459_+,C16orf89 (146556),1.0,,True
461,ACTCATCGCTACTTGTGCC,chr16_70514379_-,COG4 (25839),1.0,,True
462,ACTCCACCTGCTATGACGC,chr2_29074106_-,PCARE (388939),1.0,,True
463,ACTCCAGAATGAACAGTGC,chr4_87662479_+,DMP1 (1758),1.0,,True
464,ACTCCCGTCTGATCCAGCT,chr19_55955493_-,NLRP8 (126205),1.0,,True
465,ACTCCTTCCGCACAGGATG,chr20_37256497_-,GHRH (2691),1.0,,True
466,ACTCGAGGCCTTTGGAAGA,chr17_57849318_+,MRPS23 (51649),1.0,,True
467,ACTCGCCTCACCTCGGCCA,chr22_41257952_+,RANGAP1 (5905),1.0,,True
468,ACTCGGATCGAGACAATGC,chr6_31784263_-,VARS1 (7407),1.0,,True
469,ACTCGGGATTCTACTGGTG,chr6_41228973_+,TREML4 (285852),1.0,,True
470,ACTCGGGTGTCAGCGTCCA,chr3_196247399_+,PCYT1A (5130),1.0,,True
471,ACTCGTAAGTGCTACCGCA,chr1_161102121_-,PFDN2 (5202),1.0,,True
472,ACTCTCAACAGGTTCAATC,chr1_91979603_-,BRDT (676),1.0,,True
473,ACTCTGTGCAATACGCTCC,chr3_50256209_-,GNAI2 (2771),1.0,,True
474,ACTCTTCCTAATGTCCGGG,chr1_93346733_+,DR1 (1810),1.0,,True
475,ACTGAAGCAATGGACGATG,chr5_16463682_-,ZNF622 (90441),1.0,,True
476,ACTGACGATGCCCAGAGAC,chr20_56248983_-,MC3R (4159),1.0,,True
477,ACTGAGCAAAGATGAAAAA,chr6_132617811_+,TAAR2 (9287),1.0,,True
478,ACTGCAAACCCGAGCGCGA,chr17_61404662_+,TBX2 (6909),1.0,,True
479,ACTGCAGCACGACGTGAGC,chr4_163473618_+,TKTL2 (84076),1.0,,True
480,ACTGCATATGATATGACCC,chr11_73844906_+,MRPL48 (51642),1.0,,True
481,ACTGCCGGCGGGGACCGCT,chr15_44537392_+,EIF3J (8669),1.0,,True
482,ACTGCCTATCATATGGCCG,chr7_129001083_-,TNPO3 (23534),1.0,,True
483,ACTGGAACCGACTCACGGC,chr15_31042159_+,TRPM1 (4308),1.0,,True
484,ACTGGAATGGCTACGCGCC,chr13_27968764_-,CDX2 (1045),1.0,,True
485,ACTGGCATGGCTTTGCATC,chr12_52772244_+,KRT76 (51350),1.0,,True
486,ACTGGCCACATTGAGGCTC,chr12_52552910_+,KRT71 (112802),1.0,,True
487,ACTGGGCTCTCGATGTGAC,chr2_177232537_+,NFE2L2 (4780),1.0,,True
488,ACTGGTCGAGGGTGACCCG,chr14_23321793_+,PABPN1 (8106),2.0,,True
489,ACTGTAACCATGAAATCAT,chr14_20556809_-,RNASE9 (390443),1.0,,True
490,ACTGTACAAAGGTCCCAGA,chr1_109411094_+,PSMA5 (5686),1.0,,True
491,ACTGTACAAGCTCTACGAG,chr12_56083827_+,ERBB3 (2065),1.0,,True
492,ACTGTAGGAGGTCACGATC,chr19_43416466_-,TEX101 (83639),1.0,,True
493,ACTGTATTGTGTTGTCCCG,chr7_116757508_-,MET (4233),1.0,,True
494,ACTGTCTGGTAGCGATCGG,chr20_35284404_-,EIF6 (3692),1.0,,True
495,ACTGTGCACATCCGTCCCA,chr10_996185_-,GTPBP4 (23560),1.0,,True
496,ACTTACATTAAGCCCTCAT,chr17_34361794_+,CCL1 (6346),1.0,,True
497,ACTTACCCCCGGCGCCCCT,chr11_12879832_-,TEAD1 (7003),1.0,,True
498,ACTTACCTTGTGAGCGCTG,chr10_30336812_+,MTPAP (55149),1.0,,True
499,ACTTCAATGCTGTTTCCGC,chr9_104111711_+,SMC2 (10592),1.0,,True
500,ACTTCAGAGATGCGGTGCA,chr9_92265076_+,IARS1 (3376),1.0,,True
501,ACTTCCGTCCACGTCGAAG,chr18_580527_-,CETN1 (1068),1.0,,True
502,ACTTCGACCGACAAACCTG,chr21_34880579_+,RUNX1 (861),1.0,,True
503,ACTTCTTGACGCGGGAAAA,chr10_13171018_+,MCM10 (55388),1.0,,True
504,ACTTGAAGTAGGAGCACTG,chr12_4274160_-,CCND2 (894),1.0,,True
505,ACTTGCCTTGCTGTGGTAC,chr12_52648182_+,KRT2 (3849),1.0,,True
506,ACTTGGTGTCACCTCCGAA,chr4_1728656_-,TACC3 (10460),1.0,,True
507,ACTTGTATAAAGATCGACT,chr2_168876100_-,SPC25 (57405),1.0,,True
508,ACTTGTCGCGGTCGCCAGG,chr19_7501299_-,SAXO5 (374877),1.0,,True
509,ACTTTCTAAGGCGACATGC,chr11_101091802_+,PGR (5241),1.0,,True
510,ACTTTGTAGAATGGGCACC,chr6_41043103_-,TSPO2 (222642),1.0,,True
511,ACTTTTACCGCTGAGTACG,chr1_11257006_-,MTOR (2475),1.0,,True
512,AGAAAGCAGCTGTCACTCC,chr2_231461901_-,NCL (4691),1.0,,True
513,AGAAATTCTCTCGTCAACG,chr3_196502956_-,RNF168 (165918),1.0,,True
514,AGAACACCCGGACAACGAC,chr4_163473527_-,TKTL2 (84076),1.0,,True
515,AGAACAGATTTGGCACATA,chr11_85882545_+,CCDC83 (220047),1.0,,True
516,AGAACAGCCACGGAATCGA,chr16_22318876_-,POLR3E (55718),1.0,,True
517,AGAACGGCAACAGAAGAAA,chr15_44551495_+,EIF3J (8669),3.0,,True
518,AGAACTCATTCCGGCCTCG,chr1_204410580_-,PPP1R15B (84919),1.0,,True
519,AGAACTTTAACTCTCTGCA,chr4_154798859_-,RBM46 (166863),1.0,,True
520,AGAAGATCAACAGTATCAG,chr21_39179938_-,PSMG1 (8624),1.0,,True
521,AGAAGCAATAAAAAGACCA,chr11_90214022_-,CHORDC1 (26973),1.0,,True
522,AGAAGGTTTACCTGCACTC,chr10_49390137_+,DRGX (644168),1.0,,True
523,AGAAGTTACTCGCTGTGCG,chr10_101228655_-,LBX1 (10660),1.0,,True
524,AGACAAACATGCAGGCCCC,chr12_52573478_+,KRT74 (121391),1.0,,True
525,AGACAACAATGACGCTCGC,chr22_19433309_-,MRPL40 (64976),1.0,,True
526,AGACACAAGCGGACCCCAC,chr3_38138909_+,MYD88 (4615),1.0,,True
527,AGACAGATTCTCAGAGTAA,chr11_14294538_-,RRAS2 (22800),3.0,,True
528,AGACAGCCTACGTGCTGCC,chr20_675500_-,SCRT2 (85508),1.0,,True
529,AGACCCAACATGCATAGTC,chr21_30425631_+,KRTAP13-3 (337960),1.0,,True
530,AGACCGCTCCTTCTCGGAA,chr14_68790273_-,ZFP36L1 (677),1.0,,True
531,AGACCTACCAAGGGCATGG,chr6_47795303_-,OPN5 (221391),1.0,,True
532,AGACCTACCTCGAGGCTGG,chr22_43889336_+,PNPLA5 (150379),1.0,,True
533,AGACCTGCCCAATTACCGC,chr1_26942746_+,NUDC (10726),1.0,,True
534,AGACCTTCGAACTGCTCGA,chr2_182866344_+,FRZB (2487),1.0,,True
535,AGACGACCTCCGGAGAAAT,chr19_55858656_+,NLRP4 (147945),1.0,,True
536,AGACGCCGCGTCTGCGGCC,chrX_154478759_-,LAGE3 (8270),1.0,,True
537,AGACTCACTCCTTGCACAT,chr1_18859486_+,TAS1R2 (80834),1.0,,True
538,AGACTCCAGATTTCGAATC,chr11_74235918_-,PPME1 (51400),1.0,,True
539,AGACTCCCGGAGGGTCGCG,chr1_150579302_-,MCL1 (4170),1.0,,True
540,AGACTCTCAATGCCAAAAA,chr19_57129427_+,USP29 (57663),1.0,,True
541,AGACTGGATCTCTTCTAAA,chr17_37379371_+,C17orf78 (284099),1.0,,True
542,AGAGAAGGCCGAAATCACG,chr19_4423832_+,CHAF1A (10036),1.0,,True
543,AGAGAAGTGGCACTGAAGT,chr1_152410716_-,CRNN (49860),1.0,,True
544,AGAGAATCAGATATCACCA,chr6_159781096_-,TCP1 (6950),1.0,,True
545,AGAGAGGCTCTTGGCGATA,chr1_84481007_+,RPF1 (80135),1.0,,True
546,AGAGATTGCCGGGGTGAAC,chr12_4445354_-,FGF6 (2251),1.0,,True
547,AGAGCTAGTGGGTAAGTAG,chr21_30319913_+,KRTAP26-1 (388818),1.0,,True
548,AGAGGAGCGCGGTCGTACC,chr2_176100143_+,HOXD12 (3238),1.0,,True
549,AGAGGATATACTACACATA,chr4_127764303_-,SLC25A31 (83447),1.0,,True
550,AGAGGATCTGCGTGCGGTG,chr14_103530224_-,TRMT61A (115708),1.0,,True
551,AGAGTAAACCTCCAAAGAA,chr12_14978131_+,PDE6H (5149),1.0,,True
552,AGAGTTTATGGAATGATCC,chr9_77815678_-,GNAQ (2776),2.0,,True
553,AGATAATCACTGATCGAAC,chr3_16598104_-,DAZL (1618),1.0,,True
554,AGATACCACCAGTGAGAGC,chr4_87662270_+,DMP1 (1758),1.0,,True
555,AGATACTTGCTGTAGTCAC,chr2_162147425_+,GCG (2641),1.0,,True
556,AGATATCCTGGCATCACTA,chr7_89334109_-,ZNF804B (219578),1.0,,True
557,AGATATTCACCATTATAGG,chr12_25227235_-,KRAS (3845),1.0,,True
558,AGATCCACCTGTGTAACTA,chr19_8842974_-,MBD3L1 (85509),1.0,,True
559,AGATCGTGGGTTCCGCCGC,chr19_47802815_+,TPRX1 (284355),1.0,,True
560,AGATCTGCCTTTAAGAGCT,chr19_29612142_-,POP4 (10775),1.0,,True
561,AGATCTTTGAGACATCACA,chr5_113434594_-,TSSK1B (83942),1.0,,True
562,AGATGAGCAACCGAGCGAC,chr12_9099470_+,A2M (2),1.0,,True
563,AGATGCCAGTACCCGCCCA,chr6_41336164_+,NCR2 (9436),1.0,,True
564,AGATGCTAAAAGGTCCTGC,chr19_13100729_+,LYL1 (4066),1.0,,True
565,AGATGCTTATAGGGCGGAG,chr10_58388693_+,TFAM (7019),1.0,,True
566,AGATGTATACTTACAGCTA,chr12_68836747_-,MDM2 (4193),1.0,,True
567,AGATTATGAGCCCAACCTC,chr11_118978976_+,FOXR1 (283150),1.0,,True
568,AGATTCTGGCAATTAACCG,chr2_45562742_-,SRBD1 (55133),1.0,,True
569,AGATTGTCAGTAAACGGGC,chrX_48793185_+,GATA1 (2623),1.0,,True
570,AGATTTAGCCGGCAGTGCG,chr20_44407394_+,HNF4A (3172),1.0,,True
571,AGCAAAACTATCGAAGCGC,chr10_47349812_-,RBP3 (5949),1.0,,True
572,AGCAAACGGATCGTGCAAG,chr14_20584132_-,RNASE11 (122651),1.0,,True
573,AGCAAATAAAATATGCTGA,chr12_11091922_+,TAS2R43 (259289),1.0,,True
574,AGCAAATCGACCACAGCTA,chr20_37757570_-,CTNNBL1 (56259),1.0,,True
575,AGCAACACATTTGCCAAGC,chr11_62827363_-,STX5 (6811),1.0,,True
576,AGCAACCCTCTTCGTACAG,chr11_33102206_-,CSTF3 (1479),1.0,,True
577,AGCAAGCCAACTCATCCGG,chr4_88396936_+,HERC6 (55008),1.0,,True
578,AGCAATGAGTCCCGTAAAG,chr7_129018021_+,TNPO3 (23534),1.0,,True
579,AGCACAATGTGCTGAGCCC,chr3_187197745_+,RTP1 (132112),1.0,,True
580,AGCACCACGTTGGGCCTCC,chr12_64759140_+,GNS (2799),1.0,,True
581,AGCACCTTGAGCACACGAC,chr17_41764979_+,JUP (3728),1.0,,True
582,AGCACGGCGTGTGGTCGGC,chr17_74941755_-,OTOP3 (347741),1.0,,True
583,AGCACTCACCTACGAACAC,chr2_127852931_+,POLR2D (5433),1.0,,True
584,AGCACTGCCGACTACAATA,chr18_55279622_-,TCF4 (6925),1.0,,True
585,AGCACTGGCTCAGAGGGTC,chr15_59650692_-,GTF2A2 (2958),1.0,,True
586,AGCAGAAACGTGTCCTCCG,chr21_28885266_+,HEMK2 (29104),1.0,,True
587,AGCAGAACTGTGTTGAGAT,chr12_8465586_+,CLEC6A (93978),1.0,,True
588,AGCAGAGTGACCGTACGGA,chr20_57519248_+,CTCFL (140690),1.0,,True
589,AGCAGATCGGTGACGCCGT,chr2_130345654_-,IMP4 (92856),1.0,,True
590,AGCAGCCAACCGCCATAAA,chr17_17075722_-,MPRIP (23164),1.0,,True
591,AGCAGCTCTCGTCCGAGAC,chr9_136198935_-,LHX3 (8022),1.0,,True
592,AGCAGTGAACACTTGCAGC,chr19_54058320_-,VSTM1 (284415),1.0,,True
593,AGCATCAATATAGTGACCC,chr17_7420523_+,SPEM1 (374768),1.0,,True
594,AGCATCGCCGGTCACACTC,chr12_56083778_-,ERBB3 (2065),1.0,,True
595,AGCATCGGAATAGCATAAG,chr7_44573623_+,DDX56 (54606),1.0,,True
596,AGCATGTTGTAGTCGATGA,chr17_45845453_-,SPPL2C (162540),1.0,,True
597,AGCATTCACACCACCCTGG,chr12_56361864_+,APOF (319),1.0,,True
598,AGCATTGCGATCATCGCCA,chr6_25923804_-,SLC17A2 (10246),1.0,,True
599,AGCATTGGCGATTTTCAGA,chr5_102480392_-,SLCO6A1 (133482),1.0,,True
600,AGCCAGCTGTAGTCCACAC,chr1_211481243_+,RD3 (343035),1.0,,True
601,AGCCAGTACCTTTAACGTC,chr2_45579881_+,SRBD1 (55133),1.0,,True
602,AGCCATGAATCTAAACATC,chr7_128336015_-,RBM28 (55131),1.0,,True
603,AGCCCTGCTTTACAGGACG,chr14_104775002_-,AKT1 (207),1.0,,True
604,AGCCGAATTAGCCAGTCCA,chr4_88404936_+,HERC6 (55008),1.0,,True
605,AGCCGCCGTAGATACCTAA,chr3_139369368_+,COPB2 (9276),1.0,,True
606,AGCCGGGTAGGCAAAGTCC,chr19_7500959_-,SAXO5 (374877),1.0,,True
607,AGCCGGTCCACTGTGAGAC,chr21_30319820_-,KRTAP26-1 (388818),1.0,,True
608,AGCCTGATTCCATTCTGGC,chr2_232457640_-,ALPI (248),1.0,,True
609,AGCCTTCAAGATCTTATGC,chr11_78493067_-,NARS2 (79731),1.0,,True
610,AGCGATTCATCTAGGACCT,chr11_114400175_-,C11orf71 (54494),1.0,,True
611,AGCGCCCGCATCACGAACT,chr9_126690888_-,LMX1B (4010),1.0,,True
612,AGCGCCGGGATGTGGACTC,chr7_128359601_+,PRRT4 (401399),1.0,,True
613,AGCGCCGGGCATCAGATGA,chr3_12618590_-,RAF1 (5894),1.0,,True
614,AGCGCCGGTAGCCAAGGTG,chr3_137765257_-,SOX14 (8403),1.0,,True
615,AGCGCGGGCATGGACACGT,chr20_664008_+,SCRT2 (85508),1.0,,True
616,AGCGCGTCAAAGAGCGACA,chr10_49611494_-,SLC18A3 (6572),1.0,,True
617,AGCGGCGTATCTCAAGCTC,chr12_121335586_+,ANAPC5 (51433),1.0,,True
618,AGCGGTTCATTAAAATCGA,chrX_72275590_-,RPS4X (6191),1.0,,True
619,AGCGGTTCTGGTATATCGA,chr1_211829126_-,LPGAT1 (9926),1.0,,True
620,AGCGTATGGCGCCCCACTC,chr13_27968790_-,CDX2 (1045),1.0,,True
621,AGCGTCCCCGCGCGGTGAA,chr18_63318294_+,BCL2 (596),1.0,,True
622,AGCGTGTACTGGCGCCCGC,chr17_41771706_+,JUP (3728),1.0,,True
623,AGCGTTCCAGAGCCGATCG,chr13_28052581_-,FLT3 (2322),1.0,,True
624,AGCTACAGGCAATCACTGC,chr10_52771533_+,MBL2 (4153),1.0,,True
625,AGCTATCGCCTTCGCCGAC,chr12_120446767_+,GATC (283459),1.0,,True
626,AGCTCATCATACTGGCTAG,chr3_41227221_+,CTNNB1 (1499),1.0,,True
627,AGCTCCCAAACTTCATCAC,chr17_6435021_-,AIPL1 (23746),1.0,,True
628,AGCTCCGCACGTCACCCCT,chr5_159320502_+,IL12B (3593),1.0,,True
629,AGCTCTCTCAAAAAACCAT,chr6_32335441_-,TSBP1 (10665),1.0,,True
630,AGCTCTGACCGAATGTCAC,chr22_41261553_-,RANGAP1 (5905),1.0,,True
631,AGCTCTTTGGGCACGCTAG,chr16_23637953_+,PALB2 (79728),1.0,,True
632,AGCTGACAATTACACAAGA,chr4_119320781_-,FABP2 (2169),1.0,,True
633,AGCTGAGTGTGACAGTGAC,chrX_27747044_+,DCAF8L2 (347442),1.0,,True
634,AGCTGATTGCAGCCCAAAC,chr19_9828636_+,UBL5 (59286),1.0,,True
635,AGCTGCTCAACATCACCGC,chr6_34544024_-,SPDEF (25803),1.0,,True
636,AGCTGGCACGCGGCGCACT,chr9_136199863_+,LHX3 (8022),1.0,,True
637,AGCTGGGGCTGCAGCAGGT,chr17_41177987_+,KRTAP4-2 (85291),1.0,,True
638,AGCTGTAGCGGTAACAACC,chr22_37089780_+,TMPRSS6 (164656),1.0,,True
639,AGCTTACCGCAAATTTCAA,chr7_155508902_+,CNPY1 (285888),1.0,,True
640,AGCTTCACCAGGGACGTGA,chr1_158181688_+,CD1D (912),1.0,,True
641,AGCTTTTCACGCATAATCA,chr12_48671924_+,KANSL2 (54934),1.0,,True
642,AGGAAAAGGTTCTGATTGA,chr3_9800250_+,ARPC4 (10093),1.0,,True
643,AGGAAACGCATGCAAGCTA,chr11_95818890_+,CEP57 (9702),1.0,,True
644,AGGAACATTTAGAGCTAGC,chr13_72775987_-,DIS3 (22894),1.0,,True
645,AGGAACTCGTCGTTGAAGG,chr19_33302197_+,CEBPA (1050),1.0,,True
646,AGGAAGTGTTACGGCTCGG,chr2_37231424_-,CEBPZ (10153),1.0,,True
647,AGGAATGTGCGGGACGTAG,chr12_52550050_-,KRT71 (112802),1.0,,True
648,AGGACAAGCGCCATTCACA,chr2_162147445_-,GCG (2641),1.0,,True
649,AGGACAATCTTGTTCCAAC,chr19_9828650_-,UBL5 (59286),2.0,,True
650,AGGACGAGGACGTCAAGGT,chr15_44537426_+,EIF3J (8669),1.0,,True
651,AGGAGAGCCAGTACGACTC,chr6_44265296_-,NFKBIE (4794),1.0,,True
652,AGGAGGGCTATTTACAAGA,chr8_66595685_-,MYBL1 (4603),1.0,,True
653,AGGAGTTTGCTACCTCCAC,chr2_95108177_+,MRPS5 (64969),1.0,,True
654,AGGATAGCAGGCCCACAAT,chr1_211481138_+,RD3 (343035),1.0,,True
655,AGGATATGCCAGTCTCGAA,chr11_63373998_-,SLC22A9 (114571),1.0,,True
656,AGGATATGTCAAAGCCCCC,chr22_41637645_-,XRCC6 (2547),3.0,,True
657,AGGATCAAATGCTTTGCTG,chr2_112236588_-,ZC3H8 (84524),1.0,,True
658,AGGATCCCCTAAAGACCCC,chr12_53320645_-,AAAS (8086),1.0,,True
659,AGGATCCTACCTCATAAAC,chr2_27368377_+,EIF2B4 (8890),1.0,,True
660,AGGATGACCAAAGTGCAGT,chr19_39707252_-,LGALS14 (56891),1.0,,True
661,AGGATGTTTCCGGTGCTGA,chr6_166166839_-,TBXT (6862),1.0,,True
662,AGGATTCCAGCGATGGAGC,chr2_17816668_-,MSGN1 (343930),1.0,,True
663,AGGCATCATCGGACTGCCC,chr17_37733714_+,HNF1B (6928),1.0,,True
664,AGGCATCCAAATGCTGATG,chr17_63910167_-,CSHL1 (1444),1.0,,True
665,AGGCCAGACTATGCCCCTA,chr15_43817382_-,MFAP1 (4236),1.0,,True
666,AGGCCAGATATCACAGACA,chr14_30643339_+,SCFD1 (23256),1.0,,True
667,AGGCCCAGAGTCATGCGCA,chrX_64920144_+,ZC4H2 (55906),1.0,,True
668,AGGCCGACACACTTCACCC,chr16_46691022_-,ORC6 (23594),1.0,,True
669,AGGCCGGCGATTCAGCCGG,chr4_163166469_+,NAF1 (92345),1.0,,True
670,AGGCCTCATATACAAAGCG,chrX_27747504_-,DCAF8L2 (347442),1.0,,True
671,AGGCCTGATTCAGCTCAAA,chr2_17816626_-,MSGN1 (343930),1.0,,True
672,AGGCGAATCCCCATAAGTA,chr5_112862578_+,SRP19 (6728),2.0,,True
673,AGGCGGTCATTTATCAGAC,chr11_63371233_+,SLC22A9 (114571),1.0,,True
674,AGGCGGTGAAGTGTAGGCT,chr5_77637178_-,OTP (23440),1.0,,True
675,AGGCGTTCATGCAGCTCGG,chr11_116821801_+,APOA4 (337),1.0,,True
676,AGGCTCAATACCATCCTAC,chr4_98887193_+,EIF4E (1977),1.0,,True
677,AGGCTCGAGTCGGCCACGA,chr20_62219792_+,HRH3 (11255),1.0,,True
678,AGGCTTTCTGCAATCGCTG,chr20_23493004_-,CST8 (10047),1.0,,True
679,AGGGAATGGTGTGGCTGAG,chr17_66880569_-,CACNG5 (27091),1.0,,True
680,AGGGACAAGTAAAAGACTG,chr2_85035059_-,KCMF1 (56888),1.0,,True
681,AGGGACCATCAAAATAGCG,chr11_102702861_+,MMP27 (64066),1.0,,True
682,AGGGATGGCCCGGCGAAGC,chr9_108862437_+,ACTL7A (10881),1.0,,True
683,AGGGCCTATAATGAAGCTG,chr2_17718081_-,SMC6 (79677),1.0,,True
684,AGGGCCTATCATAGAGGCT,chr21_28883014_+,HEMK2 (29104),1.0,,True
685,AGGGGCAGTCGTTTCACTC,chr13_73062117_-,KLF5 (688),1.0,,True
686,AGGGGCCTCGACAAAGGAA,chr2_27133309_-,PREB (10113),1.0,,True
687,AGGGGTATTGTTCCGCTCC,chr11_20601550_-,SLC6A5 (9152),1.0,,True
688,AGGGTAATATGGTTTACCT,chr2_113029011_-,IL36B (27177),1.0,,True
689,AGGGTACTCCCCACGCCGC,chr2_208145849_+,CRYGB (1419),1.0,,True
690,AGGGTGTGGGAGATGTCGC,chr20_31372999_-,DEFB118 (117285),1.0,,True
691,AGGTACAATATCCTGACCC,chr1_56881458_+,C8A (731),1.0,,True
692,AGGTAGGCACGAAGCACAC,chr21_44637756_-,KRTAP10-10 (353333),1.0,,True
693,AGGTATCGCATCAAAGATA,chr6_7398711_+,RIOK1 (83732),1.0,,True
694,AGGTCAATTCCCGGGTAAG,chr9_130878462_-,ABL1 (25),1.0,,True
695,AGGTCACAGGCAGGTTTAA,chr20_62387865_+,RPS21 (6227),2.0,,True
696,AGGTCTGGCACCGTCATGG,chr19_38918800_+,SARS2 (54938),1.0,,True
697,AGGTGACCCCTGCAAGATG,chr6_55333805_+,GFRAL (389400),1.0,,True
698,AGGTGGCCATGAGAGCGCT,chr18_580584_+,CETN1 (1068),1.0,,True
699,AGGTGTATTATTTCTCGAA,chr17_1879228_+,RPA1 (6117),1.0,,True
700,AGGTTCATGGAATCCGAGC,chr20_37746481_+,CTNNBL1 (56259),1.0,,True
701,AGGTTGGTAGTCATATCAC,chr3_113784709_+,ATP6V1A (523),1.0,,True
702,AGGTTTAAGAAGTTGGACT,chr9_101594830_-,PPP3R2 (5535),1.0,,True
703,AGGTTTTCCAAACGAGAAC,chr1_93354003_-,DR1 (1810),1.0,,True
704,AGTAAATCCAATTCCGCAG,chr10_117137854_-,VAX1 (11023),1.0,,True
705,AGTAAATTAGCGCCCACAC,chr16_56830554_-,NUP93 (9688),1.0,,True
706,AGTACGCCGTAGCTCGGAT,chr5_146515831_+,GPR151 (134391),1.0,,True
707,AGTACTGACTTGTTTCTCC,chr17_28720883_-,RPL23A (6147),1.0,,True
708,AGTACTGCGAGCCGAAGGG,chr13_27792945_-,GSX1 (219409),1.0,,True
709,AGTATCCATCATCACCCGC,chr1_182057569_+,ZNF648 (127665),1.0,,True
710,AGTATGAGCACAATAAGGT,chr9_77922161_-,GNAQ (2776),1.0,,True
711,AGTATGGCTACACCCTCCC,chr11_102704569_-,MMP27 (64066),1.0,,True
712,AGTATTGAGCTCCACTGCA,chr8_86230049_+,SLC7A13 (157724),1.0,,True
713,AGTCAACGAGAACGGCAAG,chr16_88885980_-,CBFA2T3 (863),1.0,,True
714,AGTCAGGAGGCATATACTG,chr2_47151362_+,STPG4 (285051),1.0,,True
715,AGTCATCAGATTGAAAGAA,chr4_68090527_-,TMPRSS11F (389208),1.0,,True
716,AGTCCCCGTTTACCACAGA,chr3_12503466_-,TSEN2 (80746),1.0,,True
717,AGTCCTTCGCCATAAGCAA,chr18_13681825_-,FAM210A (125228),1.0,,True
718,AGTCGCTGTCGGACGTGGA,chr11_101128822_-,PGR (5241),1.0,,True
719,AGTCTCAGGTGCTGATCAA,chr1_154331496_+,ATP8B2 (57198),1.0,,True
720,AGTCTGCACGTAGGACACT,chr17_39606042_+,NEUROD2 (4761),1.0,,True
721,AGTCTTTGAGCAGCGTAGA,chr1_36462128_+,MRPS15 (64960),1.0,,True
722,AGTGAAGAGTTTCATTAAA,chr3_63839687_-,THOC7 (80145),1.0,,True
723,AGTGAAGTTTCAGAGAGGA,chr8_39585347_+,ADAM18 (8749),1.0,,True
724,AGTGAATTTAAGGACATCG,chr13_20189229_-,GJB2 (2706),1.0,,True
725,AGTGCAAGCTTAGAGCGTC,chr3_196502898_-,RNF168 (165918),1.0,,True
726,AGTGCCAAGATCGCTAGAC,chr11_59842544_+,CBLIF (2694),1.0,,True
727,AGTGCGCCCTTGCTCATCC,chr1_150334982_-,PRPF3 (9129),1.0,,True
728,AGTGCTAGAGAGATTGGCG,chr18_46118229_-,HAUS1 (115106),1.0,,True
729,AGTGCTCGGTTCGAAATCA,chr3_69077816_+,UBA3 (9039),1.0,,True
730,AGTGGACCCCACACGGACT,chr17_41440757_+,KRT38 (8687),1.0,,True
731,AGTGGAGACTTGTGACAAA,chr19_43416199_+,TEX101 (83639),1.0,,True
732,AGTGGATTCGAGAAGTGAC,chr12_56085008_+,ERBB3 (2065),1.0,,True
733,AGTGGGACCATCGACGCGA,chr18_580556_+,CETN1 (1068),1.0,,True
734,AGTGTAACCATTCTCATCC,chr7_117385713_+,ASZ1 (136991),1.0,,True
735,AGTGTAACGGGAATTGACC,chr1_230769258_+,CAPN9 (10753),1.0,,True
736,AGTGTACCATGTGCGGCGG,chr9_77020173_-,FOXB2 (442425),1.0,,True
737,AGTGTGATGGGTTCCCCCA,chr9_113279082_-,PRPF4 (9128),1.0,,True
738,AGTGTGCTCTCAAGCCGGT,chr3_139373775_+,COPB2 (9276),1.0,,True
739,AGTTACGTCTGCAACACGC,chr15_73884882_+,TBC1D21 (161514),1.0,,True
740,AGTTATCCGATATTCCAGA,chr19_29207893_-,UQCRFS1 (7386),3.0,,True
741,AGTTCAAATGCCCTTCCAG,chr8_38428002_-,FGFR1 (2260),1.0,,True
742,AGTTCATGCTCATCGTGAA,chr22_30466338_-,SEC14L3 (266629),1.0,,True
743,AGTTCTGCCTTGAGCTAAA,chr2_197540128_+,MOB4 (25843),1.0,,True
744,AGTTCTTATGGCTACACAC,chr2_144399968_-,ZEB2 (9839),1.0,,True
745,AGTTGAACGCATGAGGAAT,chr10_68967031_+,DDX21 (9188),1.0,,True
746,AGTTGCCACCCCACCCGTC,chr15_70066147_-,TLE3 (7090),1.0,,True
747,AGTTGCCGTGTTCCTCCAA,chr16_70532592_-,SF3B3 (23450),1.0,,True
748,AGTTGCGATCATCGACGGT,chr12_4288866_-,CCND2 (894),1.0,,True
749,AGTTGGTTGTGCTAAACTC,chr21_39180377_-,PSMG1 (8624),1.0,,True
750,AGTTTCCTTTCAACCAGTG,chr1_36464165_-,MRPS15 (64960),1.0,,True
751,AGTTTTACAGTCTCCGCAC,chr13_21603943_-,MICU2 (221154),1.0,,True
752,ATAAAATTGGTGCCGCAGA,chr5_148174315_-,SPINK14 (408187),1.0,,True
753,ATAAACGGGTAATGCCTGA,chr2_222640898_-,FARSB (10056),1.0,,True
754,ATAAACTATACTCCGGATA,chr11_102703098_-,MMP27 (64066),1.0,,True
755,ATAAAGCCAAGAGAGACCT,chr6_5216639_-,LYRM4 (57128),1.0,,True
756,ATAACCTTGAACAGGCACG,chr2_135859440_-,MCM6 (4175),1.0,,True
757,ATAACTCCTCTCAGTGAAC,chr4_17817419_+,NCAPG (64151),1.0,,True
758,ATAAGTGAAGCCGCCCTGA,chr2_86118975_+,PTCD3 (55037),1.0,,True
759,ATAAGTGGGTGCTTTAACG,chr1_86489080_+,CLCA1 (1179),1.0,,True
760,ATAATACCCTGCTTGCCAC,chr2_27133153_-,PREB (10113),1.0,,True
761,ATACAAGGAGCGGTCAACA,chr4_54698305_-,KIT (3815),1.0,,True
762,ATACACCCAACAGTACTGC,chr19_53634680_+,DPRX (503834),1.0,,True
763,ATACACCCAACCTATGAAG,chr9_27524573_+,IFNK (56832),1.0,,True
764,ATACACCCAGATGACGAGC,chr7_44117690_-,POLD2 (5425),1.0,,True
765,ATACACTTTGCGAAAAGAC,chr18_31388969_-,DSG4 (147409),1.0,,True
766,ATACCACATTAGAGCCAGA,chr10_121593713_-,FGFR2 (2263),1.0,,True
767,ATACCATAAGCTTCTGCCC,chr7_19704790_+,POLR1F (221830),1.0,,True
768,ATACCGTCTAAATCAACAG,chr2_177232462_+,NFE2L2 (4780),1.0,,True
769,ATACCTCCCCCGTTCTGGA,chr11_20604412_-,SLC6A5 (9152),1.0,,True
770,ATACCTTGGCAGTGACCGG,chr2_218267561_-,AAMP (14),1.0,,True
771,ATACGGCCGCCTCTACCCT,chr6_41916798_-,MED20 (9477),1.0,,True
772,ATACTCGTGCGTTTGGCGT,chr11_47375685_+,SPI1 (6688),1.0,,True
773,ATACTGATGAAGCTTAACA,chr11_18934531_+,MRGPRX1 (259249),1.0,,True
774,ATACTGCTCGTAGTCAAAG,chr22_19495995_-,CDC45 (8318),1.0,,True
775,ATACTTCAGTCCATGTTCC,chr1_1405851_+,MRPL20 (55052),1.0,,True
776,ATACTTCCTAACAGAGGCT,chr2_113074749_+,IL1F10 (84639),1.0,,True
777,ATACTTTGTTACTCTTATT,chr11_60523922_-,MS4A13 (503497),1.0,,True
778,ATAGAAAGAGGCGGCGCAC,chr11_77040004_-,B3GNT6 (192134),1.0,,True
779,ATAGAATGATGCCAATGGG,chr17_32362925_+,ZNF207 (7756),1.0,,True
780,ATAGACATCGGGCTCGTGC,chr15_31047202_-,TRPM1 (4308),1.0,,True
781,ATAGACCGGTCAGCACCCA,chr21_33552490_-,SON (6651),1.0,,True
782,ATAGACTTGCCTCAGAATG,chr14_54987319_-,WDHD1 (11169),1.0,,True
783,ATAGAGAGCGTCAACAGCT,chr12_68225634_+,IL26 (55801),1.0,,True
784,ATAGAGTCTGTTAAAGTCC,chr5_62451829_+,IPO11 (51194),1.0,,True
785,ATAGATCCCTCTGGGATCC,chr3_112827151_+,CD200R1L (344807),1.0,,True
786,ATAGCAGGCGTCACCGGTC,chr6_155440094_-,NOX3 (50508),1.0,,True
787,ATAGCATGGTTTGCAATGC,chr8_142846545_+,GML (2765),1.0,,True
788,ATAGCCATTTCGACCACCT,chr17_40413291_+,TOP2A (7153),1.0,,True
789,ATAGCCTCGATACAACCCT,chr3_66263342_-,SLC25A26 (115286),1.0,,True
790,ATAGCCTCTTTAAAAAGCC,chr17_63910831_+,CSHL1 (1444),1.0,,True
791,ATAGGAAGGAAAATCACCT,chr2_98604179_-,COA5 (493753),1.0,,True
792,ATAGGACTGCACACGGCGC,chr16_22315129_-,POLR3E (55718),1.0,,True
793,ATAGGCAGTTGATGATGAG,chr17_75128747_-,ARMC7 (79637),1.0,,True
794,ATAGGCCTCCCGAAACCAC,chr1_154926445_+,PMVK (10654),1.0,,True
795,ATAGGCTGCTGAATTGAGG,chrX_48792162_-,GATA1 (2623),1.0,,True
796,ATAGGGGGCTCCAAGCCCA,chr2_113244574_-,PAX8 (7849),1.0,,True
797,ATAGGGTGTACGAGATCCC,chr1_54200398_+,MRPL37 (51253),1.0,,True
798,ATAGGTGAATTTCATACCC,chr11_123884563_+,TMEM225 (338661),1.0,,True
799,ATAGTACTTGCGCAAGGCT,chr2_212124842_+,ERBB4 (2066),1.0,,True
800,ATAGTCCGATTCCGGTGGC,chr7_127613806_+,PAX4 (5078),1.0,,True
801,ATAGTCGTTCCTTACGAAT,chr7_129015051_-,TNPO3 (23534),1.0,,True
802,ATATACAGACCCTCGAGGA,chrX_153469242_+,HAUS7 (55559),1.0,,True
803,ATATAGAATGTAGCATAGC,chr3_63838052_-,THOC7 (80145),1.0,,True
804,ATATAGAGACTTCATCTAC,chr1_115034044_+,TSHB (7252),1.0,,True
805,ATATAGTTTAGGCTGCTGC,chr20_45630906_-,WFDC10A (140832),1.0,,True
806,ATATATAAGGCGGCCGCTG,chr11_18934554_+,MRGPRX1 (259249),1.0,,True
807,ATATCACTGTTACGAACCA,chr1_75932159_-,ASB17 (127247),1.0,,True
808,ATATCCCCCGGCTTGTGAG,chr2_208248420_-,IDH1 (3417),1.0,,True
809,ATATCGGCTGCGATGAGAC,chr2_29717594_+,ALK (238),1.0,,True
810,ATATCTCCTGCAACTACCA,chr5_43298119_+,HMGCS1 (3157),1.0,,True
811,ATATGGTGAAACTGGCAAA,chr12_8459628_+,CLEC6A (93978),1.0,,True
812,ATATTATCAAGAAGCTAGG,chr12_69589652_+,CCT2 (10576),1.0,,True
813,ATATTCTTCCTTAAGATCC,chr2_168877269_+,SPC25 (57405),1.0,,True
814,ATATTGGAGAGTGTTGGGG,chr4_39463565_+,LIAS (11019),1.0,,True
815,ATATTTGACTGTGAGGGCC,chr22_30467031_-,SEC14L3 (266629),1.0,,True
816,ATCAAAAGATTCTCCAATA,chr4_98885047_+,EIF4E (1977),3.0,,True
817,ATCAAACGGGTGAAGGACT,chr11_533589_-,HRAS (3265),1.0,,True
818,ATCAACGCTGATGGGAACG,chr6_52189137_+,IL17A (3605),1.0,,True
819,ATCAAGGTGCATCGAGCCC,chrX_136690706_-,ARHGEF6 (9459),1.0,,True
820,ATCAAGTTTAGTTCCCACT,chr7_6401917_-,RAC1 (5879),3.0,,True
821,ATCAATGAGGAACGATCGG,chr12_13615209_-,GRIN2B (2904),1.0,,True
822,ATCACACATAGCGACGAAG,chrX_40692231_+,MED14 (9282),1.0,,True
823,ATCACAGTCCCTTTGCTCG,chr20_23568352_+,CST9L (128821),1.0,,True
824,ATCACTAGTGCTACGCGAG,chr3_100635779_+,ADGRG7 (84873),1.0,,True
825,ATCACTGTGAACAACGTAC,chr10_37216265_+,ANKRD30A (91074),1.0,,True
826,ATCAGAACGCAGGAGCATC,chr1_39745463_-,PPIE (10450),1.0,,True
827,ATCAGCAATCCGAGATCGA,chr1_186374921_-,TPR (7175),1.0,,True
828,ATCAGGACTATCTTCATCA,chr10_121967756_+,NSMCE4A (54780),1.0,,True
829,ATCAGGGAGAAATCATGCG,chr18_47034504_-,ELOA2 (51224),1.0,,True
830,ATCATAGATAACTGGATAC,chr2_222633254_+,FARSB (10056),1.0,,True
831,ATCATCCCTCACGGACCCG,chr1_156479667_-,MEF2D (4209),1.0,,True
832,ATCATCCGCTGGAGCGCTC,chr10_15103417_+,RPP38 (10557),1.0,,True
833,ATCATCGCCGAGATGGTCG,chr22_36564745_-,CACNG2 (10369),1.0,,True
834,ATCATGCGTTCTCCTCAGA,chr3_41225415_+,CTNNB1 (1499),1.0,,True
835,ATCATTCAACGGTGGCCGA,chr9_130862830_+,ABL1 (25),1.0,,True
836,ATCATTCCGGACGTAGACG,chr7_44206400_-,YKT6 (10652),1.0,,True
837,ATCCACAGTTGCTGGATCG,chr1_152410932_+,CRNN (49860),1.0,,True
838,ATCCAGCAGTCTTTGCACC,chr16_24877300_+,SLC5A11 (115584),1.0,,True
839,ATCCAGCCAGATACTAGCC,chr20_35681950_-,NFS1 (9054),1.0,,True
840,ATCCAGTGCATCTACGCGC,chr20_23035646_+,SSTR4 (6754),1.0,,True
841,ATCCATTTTAAACAGCGGC,chr13_24906805_+,CPAP (55835),1.0,,True
842,ATCCCAAAGTCTAGGAAAT,chr12_39682617_+,REDIC1 (283461),1.0,,True
843,ATCCCCAGCGAAAAGAGTG,chr1_160211650_+,PEA15 (8682),1.0,,True
844,ATCCCGCGCGACGTGTACG,chr4_40438646_-,RBM47 (54502),1.0,,True
845,ATCCCGGTAATAAACATCC,chr3_128630117_+,RPN1 (6184),1.0,,True
846,ATCCCGTCTGTACTCTAAC,chr1_204410823_-,PPP1R15B (84919),1.0,,True
847,ATCCGCCTCGAGTTGCCAC,chr1_6554181_-,NOL9 (79707),1.0,,True
848,ATCCGGCCTGGAGTGATAG,chr2_113244589_-,PAX8 (7849),1.0,,True
849,ATCCTACTGATGTCAAGTG,chr19_51265649_+,SIGLECL1 (284369),1.0,,True
850,ATCCTCACTTTCGACCAGC,chr19_48616126_-,RPL18 (6141),1.0,,True
851,ATCCTCCGGAATGGATACC,chr1_28531917_-,RCC1 (1104),1.0,,True
852,ATCCTCTGATCGGCAACTA,chr2_27217970_+,CAD (790),1.0,,True
853,ATCCTGCTCAACCTAGCCG,chr3_129528971_+,RHO (6010),1.0,,True
854,ATCCTGGATACCGCCGGCC,chr11_533877_-,HRAS (3265),1.0,,True
855,ATCCTGGCATCATATCCGG,chr5_151892343_+,GLRA1 (2741),1.0,,True
856,ATCCTGTTTTGTAAGTTAC,chr11_60518176_-,MS4A13 (503497),1.0,,True
857,ATCCTTAAGTCTGAGTCGG,chrX_118825810_-,ZCCHC12 (170261),1.0,,True
858,ATCCTTACTGTTTGCGGAT,chr7_6392033_-,RAC1 (5879),1.0,,True
859,ATCGAAGGTAAGAACTTAC,chr10_58386280_-,TFAM (7019),1.0,,True
860,ATCGAGCGCTGGCAGGCGA,chr5_44809164_+,MRPS30 (10884),1.0,,True
861,ATCGAGCGGCGCAAGATCA,chr6_21594763_+,SOX4 (6659),1.0,,True
862,ATCGAGGTGGATGGAAAGC,chr3_49375438_-,RHOA (387),1.0,,True
863,ATCGATGGCGGGACACATC,chr20_33035613_-,BPIFB6 (128859),1.0,,True
864,ATCGCATAGCTATAGAGAA,chr2_39013938_-,SOS1 (6654),1.0,,True
865,ATCGCCGATAAGTACCCGG,chr10_49611353_+,SLC18A3 (6572),1.0,,True
866,ATCGGAATCAAATATGCGC,chrX_71127956_+,MED12 (9968),1.0,,True
867,ATCGGCCGGTGCTGTACAA,chr17_42333951_+,STAT3 (6774),1.0,,True
868,ATCGGCGGGTACCGCGCGA,chr5_44809086_-,MRPS30 (10884),1.0,,True
869,ATCGGGAGACTTGAAGTCC,chr1_8865370_+,ENO1 (2023),1.0,,True
870,ATCGGGATAAATATGTAAG,chr6_7402700_+,RIOK1 (83732),1.0,,True
871,ATCGGGATGATCGGATCCA,chr1_11253896_-,MTOR (2475),1.0,,True
872,ATCGGGGACACTAGGTGAC,chr2_37228457_-,CEBPZ (10153),1.0,,True
873,ATCGGTATCTGGGTAGGAG,chr3_49368486_+,RHOA (387),1.0,,True
874,ATCGTCTCCCGCAAGGAGT,chr1_153307240_-,PGLYRP3 (114771),1.0,,True
875,ATCGTCTGAATGAAATAGC,chr1_174448343_-,GPR52 (9293),1.0,,True
876,ATCGTGATGTCCAATACAG,chr5_112864664_+,SRP19 (6728),2.0,,True
877,ATCGTGCTCTATGACTGCC,chr3_52278213_-,WDR82 (80335),1.0,,True
878,ATCGTTCTTTCCGAGCCCT,chr11_124619296_-,PANX3 (116337),1.0,,True
879,ATCGTTGTGGAGTTCTGGC,chr20_33225156_+,BPIFA3 (128861),1.0,,True
880,ATCTATGGCCAACACAGCT,chr10_49693774_-,C10orf53 (282966),1.0,,True
881,ATCTCATACTGACGGCAGC,chr21_43094673_+,U2AF1 (7307),3.0,,True
882,ATCTCTAGCTAACGAGGCC,chrX_40714648_+,MED14 (9282),1.0,,True
883,ATCTGCTCTGTGTGGAAGT,chr3_9803873_-,ARPC4 (10093),1.0,,True
884,ATCTGGATGTTTAGGTGGC,chr4_70481013_-,MUC7 (4589),1.0,,True
885,ATCTGGCCTCCGGTCAGGC,chr3_128486362_+,GATA2 (2624),1.0,,True
886,ATCTGGGATGTTAATACCC,chr6_10406827_+,TFAP2A (7020),1.0,,True
887,ATCTGGGATTCGGCGGAAC,chr17_17154356_+,MPRIP (23164),2.0,,True
888,ATCTGGGCAGCACTGCGAT,chr1_43359555_-,CDC20 (991),2.0,,True
889,ATCTGGGGCGGCAGCAGGT,chr17_41118126_+,KRTAP4-11 (653240),1.0,,True
890,ATCTGGTGATCTTGCAGAC,chr4_39460906_+,LIAS (11019),1.0,,True
891,ATCTGTTGCTTGGGATGAG,chr9_21350584_-,IFNA6 (3443),1.0,,True
892,ATCTTATCGGAGATGAAAA,chr10_50836208_-,A1CF (29974),1.0,,True
893,ATCTTCCACTTCAAGCGAT,chr16_13928180_-,ERCC4 (2072),1.0,,True
894,ATCTTCGAGGGCTCCAGAA,chr12_56361813_-,APOF (319),1.0,,True
895,ATCTTGGAGAAGGGTCTAA,chr1_23693908_+,RPL11 (6135),1.0,,True
896,ATCTTTGTAGTAGGACGCG,chr11_247389_-,PSMD13 (5719),1.0,,True
897,ATGAACCTTTACCAAAACG,chr11_102186127_-,YAP1 (10413),1.0,,True
898,ATGAACTAAAAAATTTGCC,chr12_21378293_-,IAPP (3375),1.0,,True
899,ATGAAGCTTGGTGTACAGG,chr6_159783986_-,TCP1 (6950),1.0,,True
900,ATGAATATTCTCTACGACA,chr10_995971_+,GTPBP4 (23560),1.0,,True
901,ATGACACGCTCTAAACTGA,chr1_155820631_-,GON4L (54856),1.0,,True
902,ATGACAGTCCCTATCAGGG,chr5_139614713_+,UBE2D2 (7322),1.0,,True
903,ATGACATTAGCCTAACATA,chr21_18341483_-,TMPRSS15 (5651),1.0,,True
904,ATGACCAGGAAATTTATGG,chr2_197423871_-,SF3B1 (23451),1.0,,True
905,ATGACCTCATGTCCATCTA,chr10_49693788_-,C10orf53 (282966),1.0,,True
906,ATGACCTGCTTCTCGTGGG,chr6_31535443_+,DDX39B (7919),1.0,,True
907,ATGACCTTTGAAAAAGTGA,chr10_52768432_-,MBL2 (4153),1.0,,True
908,ATGACGAACTCGACGCGGT,chr1_234609352_+,IRF2BP2 (359948),1.0,,True
909,ATGACTTGCAGGTCCCATC,chr9_122823077_-,PDCL (5082),1.0,,True
910,ATGAGCGCCCCAACTACCA,chr2_208145873_-,CRYGB (1419),1.0,,True
911,ATGAGGAGTTTATCGACTG,chr12_10909168_+,TAS2R13 (50838),1.0,,True
912,ATGAGGTCATCCCCGACAT,chr19_45057893_+,CLASRP (11129),1.0,,True
913,ATGAGTCACCCGCACACCG,chr5_146339923_+,POU4F3 (5459),1.0,,True
914,ATGAGTGGGTCCTGATCGC,chr6_55174760_+,HCRTR2 (3062),1.0,,True
915,ATGATAAAGCATGCCGAAA,chr11_95813557_+,CEP57 (9702),1.0,,True
916,ATGATATTCAAGCTGACTA,chr1_152357541_-,FLG2 (388698),1.0,,True
917,ATGATCAATGAGCTAGCAG,chr12_123590380_+,TMED2 (10959),1.0,,True
918,ATGATCCTTCGATACGTGA,chr17_1676665_-,PRPF8 (10594),1.0,,True
919,ATGATGCGTCAGCGAGCAC,chr15_43814651_-,MFAP1 (4236),1.0,,True
920,ATGATTGAACACGCACAGA,chr1_114570721_-,BCAS2 (10286),1.0,,True
921,ATGATTGCCGGCAAGGTAG,chr20_34290853_-,AHCY (191),3.0,,True
922,ATGCACTGTGGCGATGACG,chr19_48607108_+,SPACA4 (171169),1.0,,True
923,ATGCACTTGGGTGCGCCCG,chr12_125107236_-,AACS (65985),1.0,,True
924,ATGCATAAGTTACCCCTCA,chr11_90206204_+,CHORDC1 (26973),1.0,,True
925,ATGCATGTCGGCTTCTCGC,chr2_219246761_-,STK16 (8576),1.0,,True
926,ATGCCCAAACAGAGACAAC,chr5_135895462_+,IL9 (3578),1.0,,True
927,ATGCCCAGAATCGAAAGTG,chr10_42796971_-,BMS1 (9790),1.0,,True
928,ATGCCCTAAACTGTATAGG,chr6_132570881_+,TAAR6 (319100),1.0,,True
929,ATGCCTCCAAAGTTGTAAA,chr20_1478445_+,SIRPB2 (284759),1.0,,True
930,ATGCGCACCACGTCGCACC,chr19_7500952_+,SAXO5 (374877),1.0,,True
931,ATGCGGGAGTCAGTCCAAT,chr14_88240785_-,KCNK10 (54207),1.0,,True
932,ATGCGTCCAATGGTCCCAT,chr10_116553817_-,PNLIP (5406),1.0,,True
933,ATGCGTCGGAAGGTCGAAC,chr6_135192376_+,MYB (4602),1.0,,True
934,ATGCGTGGGTCGTACTCCA,chr11_92981767_-,MTNR1B (4544),1.0,,True
935,ATGCTCCCGATCCTCTGCA,chr12_129699984_+,TMEM132D (121256),1.0,,True
936,ATGCTGTACTGTTCCCGCT,chr8_101558540_-,GRHL2 (79977),1.0,,True
937,ATGGAAATTGGCCTATACC,chrX_40589058_+,ATP6AP2 (10159),2.0,,True
938,ATGGAGTACAAGGGCTATC,chr12_95861258_+,SNRPF (6636),2.0,,True
939,ATGGCACCAAAGTTGTTGC,chr12_21378316_-,IAPP (3375),1.0,,True
940,ATGGCGAAGGGCGCCGCAT,chr15_70057616_+,TLE3 (7090),1.0,,True
941,ATGGCGGATCTGGCGGCAC,chr10_121974920_+,NSMCE4A (54780),1.0,,True
942,ATGGCTATGTCCTTCAACA,chr3_179576306_+,ACTL6A (86),1.0,,True
943,ATGGGAACGACCGCCATCC,chr9_133467922_-,CACFD1 (11094),1.0,,True
944,ATGGGACATACCTGCTGCA,chr2_27368029_+,EIF2B4 (8890),1.0,,True
945,ATGGGAGACGGCCAACAAC,chr2_28894833_+,WDR43 (23160),1.0,,True
946,ATGGGCACGGTGGACGAAG,chr5_146339701_-,POU4F3 (5459),1.0,,True
947,ATGGGCGTTGCCTTCACCT,chr3_129530992_+,RHO (6010),1.0,,True
948,ATGGGTGGTGTCTCTACAA,chr22_39317590_+,RPL3 (6122),1.0,,True
949,ATGGTGAAGTCGACGCCGA,chr3_129121335_+,RAB43 (339122),2.0,,True
950,ATGGTGCACTGCTATAGGA,chr6_149742507_+,NUP43 (348995),1.0,,True
951,ATGGTGCGTTCTACAGCGA,chr15_66436858_+,MAP2K1 (5604),1.0,,True
952,ATGTACAAACACAAGTTGG,chr3_9803903_+,ARPC4 (10093),1.0,,True
953,ATGTACCCTACGTGCTGAC,chr20_62218620_-,HRH3 (11255),1.0,,True
954,ATGTACTTACCTTTAACTC,chr2_9851632_-,TAF1B (9014),1.0,,True
955,ATGTCCTAGCAATTAATGG,chr2_55680859_-,PNPT1 (87178),1.0,,True
956,ATGTCGAATCGCTGCCGCG,chr11_62591450_-,TUT1 (64852),1.0,,True
957,ATGTCTGAAGATGACGGGT,chr10_42796607_+,BMS1 (9790),1.0,,True
958,ATGTCTGATCACAGATACG,chr5_179617893_-,HNRNPH1 (3187),1.0,,True
959,ATGTGACTAGGGTGGTTGG,chr1_15457134_+,CELA2A (63036),1.0,,True
960,ATGTGATCCGATTACCCAC,chr16_27537840_-,GTF3C1 (2975),1.0,,True
961,ATGTGCACTGTAGCTAAGC,chr17_62391902_+,EFCAB3 (146779),1.0,,True
962,ATGTGGAGCCCCGCGCCAA,chr3_48695250_-,IP6K2 (51447),1.0,,True
963,ATGTGGCCTAACTACAGCT,chr4_70249164_-,CSN3 (1448),1.0,,True
964,ATGTTACTATTATTATGGA,chr17_17264861_-,COPS3 (8533),1.0,,True
965,ATGTTAGGTGGGTGCGCTA,chr3_173117628_+,SPATA16 (83893),1.0,,True
966,ATGTTCACTAAATGAGGCT,chr4_145081684_+,ANAPC10 (10393),2.0,,True
967,ATGTTCTGATACACCAGCT,chr9_77922249_+,GNAQ (2776),1.0,,True
968,ATGTTGCCGCTCGTAGTCA,chr14_37592623_+,FOXA1 (3169),1.0,,True
969,ATGTTGCGAGACACAGCAC,chr13_112556099_+,TUBGCP3 (10426),1.0,,True
970,ATGTTGCGGAAACGAGCCA,chr1_151400075_-,PSMB4 (5692),1.0,,True
971,ATTAACCTGCACAATGCGC,chr6_50715431_+,TFAP2D (83741),1.0,,True
972,ATTAAGCGAGTAAAAGACT,chr1_114709705_-,NRAS (4893),1.0,,True
973,ATTAATTAACCCACCTGGC,chr8_58959944_+,TOX (9760),1.0,,True
974,ATTACAATGGCTATAATGA,chr5_179618026_-,HNRNPH1 (3187),1.0,,True
975,ATTACAGACCCTGAAAAAC,chr6_159783962_-,TCP1 (6950),3.0,,True
976,ATTACGAACCCTCGATACC,chr2_86100137_-,POLR1A (25885),1.0,,True
977,ATTACTACGAGACGCCCAC,chr17_7931089_-,TRAPPC1 (58485),1.0,,True
978,ATTAGAATAGTCCTGATCA,chr10_17978004_-,SLC39A12 (221074),1.0,,True
979,ATTAGCGTGTCTGTACCAA,chr20_50749682_-,PARD6B (84612),1.0,,True
980,ATTAGGTGACAGCTTGAGG,chr17_37379322_-,C17orf78 (284099),1.0,,True
981,ATTATAGACTTTCTGGGTA,chr17_62395160_-,EFCAB3 (146779),1.0,,True
982,ATTATATTGCTATTGACGG,chr13_30631001_+,USPL1 (10208),1.0,,True
983,ATTATGTGGACCCAGCACA,chr12_57449424_-,INHBC (3626),1.0,,True
984,ATTATTTCCAGGGAACTAG,chr3_63835385_-,THOC7 (80145),1.0,,True
985,ATTCAACAAGCTTCTCCGC,chr19_38919767_-,SARS2 (54938),1.0,,True
986,ATTCACACACGGGCCTGCG,chr11_62981977_-,SLC22A6 (9356),1.0,,True
987,ATTCAGACATGGTGCCACT,chr15_31070003_-,TRPM1 (4308),1.0,,True
988,ATTCCACTATTGGTGATAG,chr3_12606272_-,RAF1 (5894),1.0,,True
989,ATTCCAGCGCTGTCGTCGA,chr21_33551262_-,SON (6651),1.0,,True
990,ATTCCCGACACCGGGATGA,chr8_101558582_-,GRHL2 (79977),1.0,,True
991,ATTCGATTGGAGGGTGACA,chr3_113781145_+,ATP6V1A (523),1.0,,True
992,ATTCGCATAGAAACCAGAC,chr13_72773760_-,DIS3 (22894),1.0,,True
993,ATTCGCCTTCCCTCTGCGA,chr5_112862554_-,SRP19 (6728),2.0,,True
994,ATTCGGCTTCGTCAACCTG,chr19_1490166_-,PCSK4 (54760),1.0,,True
995,ATTCTCATTCGAGAGGCAC,chr11_33141889_-,CSTF3 (1479),1.0,,True
996,ATTCTCTGCTGTCGTGCGC,chr12_52571980_+,KRT74 (121391),1.0,,True
997,ATTCTGAGGTATGTGGACT,chr1_75932116_-,ASB17 (127247),1.0,,True
998,ATTCTGTACTCGTAAGTCC,chr3_101665591_+,ZBTB11 (27107),1.0,,True
999,ATTCTTCGCTTCCTGTCAA,chr3_53125939_-,RFT1 (91869),1.0,,True
1000,ATTGATACACAAGAAGACA,chr12_9922070_-,CLEC2A (387836),1.0,,True
1001,ATTGCAACAAAGGGGTAAC,chr6_28510884_-,GPX6 (257202),1.0,,True
1002,ATTGCGGGCACGCGACCGT,chr11_31509944_+,ELP4 (26610),1.0,,True
1003,ATTGCTCAACTGTATGGAG,chrX_48791875_+,GATA1 (2623),1.0,,True
1004,ATTGCTTTCCACTAAGTAC,chr6_55333843_-,GFRAL (389400),1.0,,True
1005,ATTGGCTTCAGAAGATATA,chr1_93346794_-,DR1 (1810),1.0,,True
1006,ATTGGGGGGCTCGAAATGC,chr3_187729460_+,BCL6 (604),1.0,,True
1007,ATTGGTAAACTGCATGGAC,chr12_10802471_-,TAS2R7 (50837),1.0,,True
1008,ATTGGTATCCGGATGCCCC,chr5_159323295_-,IL12B (3593),1.0,,True
1009,ATTGGTGATGACGAGCCGT,chr3_126507988_+,UROC1 (131669),1.0,,True
1010,ATTGGTGTGTGTGTAAGCC,chr4_154798068_+,RBM46 (166863),1.0,,True
1011,ATTGTAGTACACAGAGATG,chr6_30722619_-,TUBB (203068),1.0,,True
1012,ATTGTTGACCCCATTGAAG,chr11_65999648_-,EIF1AD (84285),1.0,,True
1013,ATTTATGACCGCACAGTCA,chr8_142841142_-,GML (2765),1.0,,True
1014,ATTTATGAGGAGACCCGCC,chr6_26246811_-,H4C7 (8369),1.0,,True
1015,ATTTCACAGGTGACACTAG,chr13_31761730_+,RXFP2 (122042),1.0,,True
1016,ATTTCACATACAGACCTGA,chrX_155046583_-,FUNDC2 (65991),1.0,,True
1017,ATTTCGTGCTTACCTGCCA,chr2_113246756_+,PAX8 (7849),1.0,,True
1018,ATTTCTAATTATAGCCTAG,chr7_25227024_-,NPVF (64111),1.0,,True
1019,ATTTCTGAGGGCTGCCCGG,chr7_102926340_-,FBXL13 (222235),1.0,,True
1020,ATTTGCAATGATACCAATG,chr7_143183558_-,TAS2R39 (259285),1.0,,True
1021,ATTTGCACAAGCCTCCTGA,chr10_37130221_-,ANKRD30A (91074),1.0,,True
1022,ATTTGCCTTCATTCGAAGT,chr5_71495321_+,BDP1 (55814),1.0,,True
1023,ATTTGGCTCCAACTCGCCT,chr5_160413611_+,SLU7 (10569),1.0,,True
1024,ATTTGTCTTGCAAAGGATC,chr18_13681738_+,FAM210A (125228),1.0,,True
1025,ATTTGTGAAGCCGATCGAG,chr20_49066228_+,CSE1L (1434),1.0,,True
1026,ATTTGTTACACGGCGAGGG,chr16_13922077_-,ERCC4 (2072),1.0,,True
1027,ATTTTATAGTCGTGATGAG,chr7_103322787_-,DNAJC2 (27000),1.0,,True
1028,ATTTTGGGGTCCTTGGCAA,chr7_152002788_-,GALNTL5 (168391),1.0,,True
1029,CAAAAACGGCAGACAGGAC,chr4_165040232_-,TRIM60 (166655),1.0,,True
1030,CAAAACAGGAGCACCATAC,chr10_121551451_-,FGFR2 (2263),1.0,,True
1031,CAAAATGCCACATCACAGC,chr6_132570652_-,TAAR6 (319100),1.0,,True
1032,CAAACGCCTAGGTGCCGAA,chr3_137764916_+,SOX14 (8403),1.0,,True
1033,CAAACGTTCATGTGGATGC,chr18_55275634_+,TCF4 (6925),1.0,,True
1034,CAAACGTTCCTTCGGGTAC,chr1_151184436_-,VPS72 (6944),1.0,,True
1035,CAAACTCTCATGGCCGGGA,chr3_133811145_-,SRPRB (58477),1.0,,True
1036,CAAACTTTGCAGCTCGAAC,chr3_139379427_+,COPB2 (9276),1.0,,True
1037,CAAAGTATCCGACTCGATC,chr11_60523946_+,MS4A13 (503497),1.0,,True
1038,CAAAGTCAAGGTCCATGAC,chr22_19802099_+,GNB1L (54584),1.0,,True
1039,CAAAGTCCCATACGGCGCT,chr10_102133181_-,PPRC1 (23082),1.0,,True
1040,CAAAGTTCTCTGGTGGAGC,chr5_135446976_+,DCANP1 (140947),1.0,,True
1041,CAAATAAACCAAGATATGC,chr17_58695009_+,RAD51C (5889),1.0,,True
1042,CAAATACCGCAAGAACATC,chr11_66000068_-,EIF1AD (84285),1.0,,True
1043,CAAATATCGAGAGGGACGA,chr7_92528903_+,RBM48 (84060),1.0,,True
1044,CAAATCACGCAGTGGTGCA,chrX_71555243_+,OGT (8473),1.0,,True
1045,CAAATCGTACTGCCCCTAG,chr4_154545899_-,PLRG1 (5356),1.0,,True
1046,CAAATGATGGGTGTACGCA,chr10_34382893_+,PARD3 (56288),1.0,,True
1047,CAAATGCCTCAACTCAACT,chr13_31778576_+,RXFP2 (122042),1.0,,True
1048,CAACAAAAGCCTCGCCACT,chr5_179621332_+,HNRNPH1 (3187),1.0,,True
1049,CAACAACCAAGAGAAGTCC,chrX_55624275_+,FOXR2 (139628),1.0,,True
1050,CAACACAGTAATGAAGGTG,chr22_38474623_+,KDELR3 (11015),1.0,,True
1051,CAACACGACGAAAAGGGCT,chr19_51380638_+,LIM2 (3982),1.0,,True
1052,CAACAGACAGAAGACGTAC,chr3_48695347_-,IP6K2 (51447),1.0,,True
1053,CAACATACAGTGGAACGCA,chr2_112234169_-,ZC3H8 (84524),1.0,,True
1054,CAACATGCTCTATGCCTGC,chr2_27635229_+,GPN1 (11321),1.0,,True
1055,CAACATGGAGTTTCAGTCG,chr1_196996108_+,CFHR5 (81494),1.0,,True
1056,CAACCCTACATGCGCAGAA,chr12_4274209_+,CCND2 (894),1.0,,True
1057,CAACCTAAGAGTCTTAGCC,chr16_23635401_-,PALB2 (79728),1.0,,True
1058,CAACCTGGAACGCTACCAC,chr6_155443377_-,NOX3 (50508),1.0,,True
1059,CAACGATGAGATGCTCAAC,chr17_66884574_+,CACNG5 (27091),1.0,,True
1060,CAACGGACGCGAACGCAAG,chr6_137493891_-,OLIG3 (167826),1.0,,True
1061,CAACGTTCTGTTAATGAAG,chr3_101665046_-,ZBTB11 (27107),1.0,,True
1062,CAACTACGTAGTAGAAGCA,chr2_43979921_+,LRPPRC (10128),1.0,,True
1063,CAACTCACTAGGGCTCCGA,chr20_57524080_+,CTCFL (140690),1.0,,True
1064,CAACTCCAGCTACTAGAAC,chr4_188142348_+,TRIML1 (339976),1.0,,True
1065,CAACTCGTTGAGCTGTGCG,chr5_77636926_+,OTP (23440),1.0,,True
1066,CAACTCTACAGACTGGACG,chr22_42516098_+,RRP7A (27341),1.0,,True
1067,CAACTTGACCTTCTCTTCC,chr4_7064100_+,GRPEL1 (80273),1.0,,True
1068,CAAGAAGAGGATGCAGAGT,chr20_45629903_+,WFDC10A (140832),1.0,,True
1069,CAAGATGAAATCTTCCAAC,chr16_20032536_+,GPR139 (124274),1.0,,True
1070,CAAGCTGCTAGAGTCTACA,chrX_64920199_-,ZC4H2 (55906),1.0,,True
1071,CAAGGCCGACGACCCGAGC,chr6_21594681_+,SOX4 (6659),1.0,,True
1072,CAAGGGGCCGTTTAGCCGG,chr12_8843255_-,A2ML1 (144568),1.0,,True
1073,CAAGTAAGGTACACCGACT,chr6_41228833_-,TREML4 (285852),2.0,,True
1074,CAAGTACAGCGAGTGACCA,chrX_47081301_+,RGN (9104),1.0,,True
1075,CAAGTAGATCTTTTCGATC,chr1_193130206_-,CDC73 (79577),1.0,,True
1076,CAAGTATTTCGCCGAAATA,chr7_116757666_+,MET (4233),1.0,,True
1077,CAAGTGAATACGAGTCAGA,chr18_46105363_+,HAUS1 (115106),1.0,,True
1078,CAAGTTGGAACTTGAACAC,chr11_62192123_-,SCGB1D1 (10648),1.0,,True
1079,CAATAACGGAATTCACTAC,chr5_159096370_-,EBF1 (1879),1.0,,True
1080,CAATAATGGTAGTCCAGAA,chr5_102459752_-,SLCO6A1 (133482),1.0,,True
1081,CAATATGAACACTTCCGAA,chr17_6644609_-,MED31 (51003),1.0,,True
1082,CAATCCCTACATTTCGTGG,chr1_94185397_+,ARHGAP29 (9411),1.0,,True
1083,CAATCCGGGTGTCGGGAGT,chr12_8823772_+,A2ML1 (144568),1.0,,True
1084,CAATCGACAGGCTAGAAGT,chr16_23634946_+,PALB2 (79728),1.0,,True
1085,CAATCTGTCGATCCGTAAG,chr2_42656264_-,MTA3 (57504),1.0,,True
1086,CAATGGAACGACCCCCGCC,chr5_151859962_-,GLRA1 (2741),1.0,,True
1087,CAATTAAGGTAATTTGGGT,chr17_6650370_+,MED31 (51003),1.0,,True
1088,CAATTGTTTTCGAAGCCCG,chr16_68232797_-,ESRP2 (80004),1.0,,True
1089,CACAAACCACAATGGCACT,chr1_39749018_+,PPIE (10450),1.0,,True
1090,CACAAGAAGTGTACAGCAC,chr17_58695044_+,RAD51C (5889),1.0,,True
1091,CACAAGATCTCAACAACGG,chr9_108862614_+,ACTL7A (10881),1.0,,True
1092,CACAAGCGGGGCACCGAGA,chr12_114682836_-,TBX3 (6926),1.0,,True
1093,CACAAGTACTTGCCAAGCC,chr10_117209526_-,KCNK18 (338567),1.0,,True
1094,CACACAGACATGATCCCGC,chr14_88263247_+,KCNK10 (54207),1.0,,True
1095,CACACAGCATCATCCAACC,chr11_74230351_+,PPME1 (51400),1.0,,True
1096,CACAGAGTAATGAGTCCCC,chr15_66485006_-,MAP2K1 (5604),2.0,,True
1097,CACAGCTATGCCTCCTACC,chr6_41043567_+,TSPO2 (222642),1.0,,True
1098,CACAGCTTACCTTGGTACA,chr14_65004307_-,FNTB (2342),1.0,,True
1099,CACAGGAATACGGAAGATA,chr7_92534535_-,RBM48 (84060),1.0,,True
1100,CACAGGATACTCCTATACC,chr2_47151504_-,STPG4 (285051),1.0,,True
1101,CACAGTGGACACCACGAAG,chr7_4920221_+,MMD2 (221938),1.0,,True
1102,CACATACGGCATCTACTAA,chr11_85882558_+,CCDC83 (220047),1.0,,True
1103,CACATAGGGGTGACAGCCT,chr1_20144627_-,PLA2G2F (64600),1.0,,True
1104,CACATCCGTCGAGAAGATC,chr21_13610643_+,POTED (317754),1.0,,True
1105,CACATCGTGATTGTGCCTG,chr3_142556567_+,ATR (545),1.0,,True
1106,CACATCTTGAATTCCTGGA,chr20_23568221_-,CST9L (128821),1.0,,True
1107,CACATTCTCCTCTAGAGCG,chr20_57523741_+,CTCFL (140690),1.0,,True
1108,CACCATAGGCGCGCGGCAC,chr10_35640728_+,FZD8 (8325),1.0,,True
1109,CACCATATGCCGCTCGAGC,chr2_144403955_+,ZEB2 (9839),1.0,,True
1110,CACCATCCTCGGTTTCAGG,chr6_88048100_-,SPACA1 (81833),1.0,,True
1111,CACCATGAGCGCCGCGTCG,chr10_123666772_-,GPR26 (2849),1.0,,True
1112,CACCATGGAACTATGAGCG,chr6_49786672_+,PGK2 (5232),1.0,,True
1113,CACCCCACGACAGAGTAGA,chr6_41043145_-,TSPO2 (222642),1.0,,True
1114,CACCGCAGGTGCTATGAGG,chr8_132041127_-,OC90 (729330),1.0,,True
1115,CACCGCTGTCTAGTTACAG,chr16_21202288_-,ZP2 (7783),1.0,,True
1116,CACCGGCCAAGTGCGCCGG,chr11_77039886_+,B3GNT6 (192134),1.0,,True
1117,CACCGTACCACAATCACAT,chr1_152412103_+,CRNN (49860),1.0,,True
1118,CACCGTCCCAACCAACTGC,chr7_143478048_-,TAS2R41 (259287),1.0,,True
1119,CACCTATATAGACTACTAC,chr22_24751395_-,PIWIL3 (440822),1.0,,True
1120,CACCTCGACTGGGACAAAA,chr4_1728627_+,TACC3 (10460),1.0,,True
1121,CACCTGACGAAGTCACCGT,chr19_45059351_-,CLASRP (11129),1.0,,True
1122,CACCTGGCAATAGCGTCTG,chr3_51895082_+,IQCF1 (132141),1.0,,True
1123,CACCTGTGCACTATCCCCG,chr8_101558658_+,GRHL2 (79977),1.0,,True
1124,CACCTGTTTCATAATCCAG,chr1_39740250_-,PPIE (10450),1.0,,True
1125,CACCTTTACCTCGAGCAAC,chrX_153457143_+,HAUS7 (55559),1.0,,True
1126,CACGAAGATATTGTGGCTG,chr13_72775320_-,DIS3 (22894),1.0,,True
1127,CACGACGATGCCGCTGCGC,chr19_8698357_+,ACTL9 (284382),1.0,,True
1128,CACGAGCAATGACCCCAAC,chr1_9022959_+,SLC2A7 (155184),1.0,,True
1129,CACGAGCCTGTCGTAAGTC,chr4_54723602_-,KIT (3815),1.0,,True
1130,CACGAGGGGCTAGAACTCA,chr2_27133247_-,PREB (10113),1.0,,True
1131,CACGCAGCTGTCCATAGGG,chr2_113242739_+,PAX8 (7849),1.0,,True
1132,CACGCCAACGACACCCGCT,chr5_77630619_-,OTP (23440),1.0,,True
1133,CACGCCAGACGAGCGCCTG,chr22_19149916_+,GSC2 (2928),1.0,,True
1134,CACGCTCCCTTATGGAACA,chr20_6107604_-,FERMT1 (55612),1.0,,True
1135,CACGGCGTAGGAAGGCTCG,chr7_155071489_-,HTR5A (3361),1.0,,True
1136,CACGGGCGCACGGTGGCTA,chr4_8871246_-,HMX1 (3166),1.0,,True
1137,CACGGTGGACAGCATGAGG,chr15_73881742_+,TBC1D21 (161514),1.0,,True
1138,CACGTAGTACATCACGCTC,chr1_33307387_+,A3GALT2 (127550),1.0,,True
1139,CACGTCACCTTGGAGCCGA,chr14_103530141_-,TRMT61A (115708),1.0,,True
1140,CACGTCCATAGAACAGGTG,chr14_64987097_+,FNTB (2342),1.0,,True
1141,CACGTCCTCGATACCCCCA,chr11_47359887_-,SPI1 (6688),1.0,,True
1142,CACGTGATCGTTGGACTCC,chr12_121331380_+,ANAPC5 (51433),1.0,,True
1143,CACTACAAGAGCGCCCACT,chr22_37977932_-,SOX10 (6663),1.0,,True
1144,CACTAGATCATTAAGGCGT,chr3_132701522_+,NPHP3 (27031),1.0,,True
1145,CACTAGCAGCATACATAAG,chr7_117422315_+,ASZ1 (136991),1.0,,True
1146,CACTAGCTGCTTTACAACT,chr2_186839159_-,ZSWIM2 (151112),1.0,,True
1147,CACTCACTGCGGATCTCCA,chr2_237566664_-,PRLH (51052),1.0,,True
1148,CACTCAGTACAAGAAAACA,chr17_998946_-,TIMM22 (29928),1.0,,True
1149,CACTCTCATCTTGCAAACC,chr4_145095989_-,ANAPC10 (10393),2.0,,True
1150,CACTGAGAACTTACGGCAG,chr4_7062424_-,GRPEL1 (80273),1.0,,True
1151,CACTGCAACATTAAGGACT,chr10_49693881_+,C10orf53 (282966),1.0,,True
1152,CACTGCCGCTACGTGGATG,chr3_196247425_-,PCYT1A (5130),1.0,,True
1153,CACTGCGGTCTGCAGCAGC,chr17_41178031_+,KRTAP4-2 (85291),1.0,,True
1154,CACTGGCCCCCATAATAAC,chr1_56881494_-,C8A (731),1.0,,True
1155,CACTGTTGATGGGAACAAG,chr5_223538_+,SDHA (6389),1.0,,True
1156,CACTTAATTAAAGCAGAAG,chr11_73825791_+,MRPL48 (51642),1.0,,True
1157,CACTTAGCCAGGGCGCCAT,chr12_57534304_+,DCTN2 (10540),1.0,,True
1158,CACTTGGATATCTGAATCA,chr6_96203637_-,FUT9 (10690),1.0,,True
1159,CACTTTATTAACTATACCC,chr7_19700278_+,POLR1F (221830),1.0,,True
1160,CAGAAATTTGTGGTGCACC,chr17_58695162_+,RAD51C (5889),1.0,,True
1161,CAGACCATTACAATAGCCC,chr14_21034139_+,RNASE13 (440163),1.0,,True
1162,CAGAGACTCGCAATAACAT,chr15_73884240_+,TBC1D21 (161514),1.0,,True
1163,CAGAGGGCAGTTCCCTCTG,chr2_79158755_+,REG3A (5068),1.0,,True
1164,CAGAGTTGACTGGATAGCG,chr6_159784768_+,TCP1 (6950),1.0,,True
1165,CAGATAAGCCATGAATCAA,chr4_79407665_+,GK2 (2712),1.0,,True
1166,CAGATCCGGGAATTAAGAG,chr14_52711519_+,PSMC6 (5706),2.0,,True
1167,CAGATTCCTATTTAGATGA,chr12_69589682_+,CCT2 (10576),1.0,,True
1168,CAGATTCTGCGATAATGTG,chr15_59642229_-,GTF2A2 (2958),1.0,,True
1169,CAGATTGGCGCTGTTCCAC,chr1_70234708_+,SRSF11 (9295),1.0,,True
1170,CAGCACCCAAAGGGAGATC,chr5_157343204_+,FNDC9 (408263),1.0,,True
1171,CAGCACTAACTATTTCAAA,chr5_139614961_+,UBE2D2 (7322),1.0,,True
1172,CAGCACTCCTCCAACCATG,chr1_161102117_+,PFDN2 (5202),1.0,,True
1173,CAGCATAACGCCTCACAGT,chr18_42004496_-,PIK3C3 (5289),1.0,,True
1174,CAGCCCAATCTTCGGCCTC,chr19_41392886_+,EXOSC5 (56915),1.0,,True
1175,CAGCCCCGTACCTTTCGCC,chr6_73363269_-,KHDC3L (154288),1.0,,True
1176,CAGCCGGTCGCAGCGCATG,chr10_35641031_+,FZD8 (8325),1.0,,True
1177,CAGCCGTTTCATGCGAAGA,chr1_204410524_+,PPP1R15B (84919),1.0,,True
1178,CAGCCTGCATTACCTACGA,chr13_28049386_+,FLT3 (2322),1.0,,True
1179,CAGCCTTATATGCAGGAGG,chr12_68252550_-,IL22 (50616),1.0,,True
1180,CAGCCTTCGCCGACACGTC,chr10_49611321_+,SLC18A3 (6572),1.0,,True
1181,CAGCCTTTAACTCTCCGTG,chr1_117943423_-,WDR3 (10885),1.0,,True
1182,CAGCGCCACAATGCGCCGC,chr10_125773943_+,MMP21 (118856),1.0,,True
1183,CAGCGCGCAGTTAGCGATC,chr10_35640659_+,FZD8 (8325),1.0,,True
1184,CAGCGGAGGGTGTACACGA,chr11_62577223_+,TUT1 (64852),1.0,,True
1185,CAGCGTGGGGCAAATGACC,chr8_6925899_-,DEFA6 (1671),1.0,,True
1186,CAGCTAAATATTGCCCACA,chr14_55000962_+,WDHD1 (11169),1.0,,True
1187,CAGCTAGATTCACTTCTAG,chr12_52775457_-,KRT76 (51350),1.0,,True
1188,CAGCTCTGGCTCTAGCAAA,chrX_53432370_-,HSD17B10 (3028),1.0,,True
1189,CAGCTGACATCCGAGTCCA,chr17_66879040_+,CACNG5 (27091),1.0,,True
1190,CAGCTGCCGACGATCATCG,chr17_80837974_+,RPTOR (57521),1.0,,True
1191,CAGCTGTACTGGGCGTGTG,chr11_111308240_-,POU2AF3 (120376),1.0,,True
1192,CAGCTGTTGGGCCTCCAGC,chr21_30425731_+,KRTAP13-3 (337960),1.0,,True
1193,CAGCTTGCGGGCGGACAGC,chr20_37256438_+,GHRH (2691),1.0,,True
1194,CAGGACTTAAGATGGGACC,chr19_47802155_+,TPRX1 (284355),1.0,,True
1195,CAGGAGAACCAAGATCCAA,chr12_49323747_+,TROAP (10024),1.0,,True
1196,CAGGAGTTCATCCAAAAGT,chr3_128060536_-,SEC61A1 (29927),1.0,,True
1197,CAGGATGCTGTTCGCATCA,chr19_58552425_-,CHMP2A (27243),1.0,,True
1198,CAGGATGTCTGATAGGATC,chr21_30440535_-,KRTAP15-1 (254950),1.0,,True
1199,CAGGATTCCTACCGGAAGC,chr11_533931_-,HRAS (3265),1.0,,True
1200,CAGGATTGATGTCAGGGGC,chr2_237567013_-,PRLH (51052),1.0,,True
1201,CAGGCCCTTCGTGTATCTA,chr1_151266016_+,PSMD4 (5710),1.0,,True
1202,CAGGCGCATCATTTCAAAG,chr11_59806797_+,MRPL16 (54948),1.0,,True
1203,CAGGCGCTTAAACGGCAGA,chr19_4408909_-,CHAF1A (10036),1.0,,True
1204,CAGGCTCATTGAACGAGTC,chr2_27638985_-,GPN1 (11321),1.0,,True
1205,CAGGGACGTGCAGCTCGCG,chr9_135696694_+,SOHLH1 (402381),1.0,,True
1206,CAGGGTTGTCTCATTGAAG,chr3_48695187_+,IP6K2 (51447),1.0,,True
1207,CAGGTGCGGATTACGAAAT,chr11_62782177_-,TAF6L (10629),1.0,,True
1208,CAGGTGGAGGTTTAGCCGT,chr11_31520068_+,ELP4 (26610),1.0,,True
1209,CAGTAAATCACGGTCCATA,chr2_43974720_+,LRPPRC (10128),1.0,,True
1210,CAGTAATCCGGGTCCGCTG,chr10_117137851_+,VAX1 (11023),1.0,,True
1211,CAGTACCGGAAGCAGCGAA,chr9_122820560_-,PDCL (5082),1.0,,True
1212,CAGTAGAGCTTGCGGCGCC,chr11_69818800_+,FGF3 (2248),1.0,,True
1213,CAGTAGCGCTTCAGGCCCA,chr11_840460_+,POLR2L (5441),1.0,,True
1214,CAGTCGAGCACCGCCAAGT,chr3_189808509_+,TP63 (8626),1.0,,True
1215,CAGTCTCCGCCAACGCGGG,chr10_97319744_-,FRAT1 (10023),1.0,,True
1216,CAGTCTCCTTTACAGAAGC,chrX_55624138_+,FOXR2 (139628),1.0,,True
1217,CAGTCTGGAAAATACGCGG,chr10_30336924_+,MTPAP (55149),1.0,,True
1218,CAGTTAGCACGGCAGCTTA,chr11_14281683_-,RRAS2 (22800),1.0,,True
1219,CAGTTATGTCTGGAAAACG,chr2_9904927_-,TAF1B (9014),1.0,,True
1220,CAGTTATTACCCAAGATGG,chr11_31594896_+,ELP4 (26610),1.0,,True
1221,CAGTTCCTCTAATACAATC,chr17_42774673_-,VPS25 (84313),1.0,,True
1222,CAGTTCTGTCCACAGCTCA,chr1_20143458_+,PLA2G2F (64600),1.0,,True
1223,CAGTTGAACCCTCTCGTGG,chr17_1844610_+,RPA1 (6117),1.0,,True
1224,CATAACTCCCGGAAAGCCT,chr19_46920025_+,ARHGAP35 (2909),1.0,,True
1225,CATAACTGCCCTTAAACAG,chr1_193141964_+,CDC73 (79577),1.0,,True
1226,CATAAGAGGATTGGATGAC,chr13_31786574_-,RXFP2 (122042),1.0,,True
1227,CATAAGCTTTTGCCTGCAG,chr8_6925948_+,DEFA6 (1671),1.0,,True
1228,CATAATGCGAAAAATGAAG,chr13_20189495_+,GJB2 (2706),1.0,,True
1229,CATACACCTGTTACCAGCT,chr12_53309665_-,AAAS (8086),1.0,,True
1230,CATACCCTCGGAAGTGAGG,chr18_31942618_+,TRAPPC8 (22878),1.0,,True
1231,CATACCTGCCCATCCACCA,chr5_134201858_+,PPP2CA (5515),1.0,,True
1232,CATACGGGACACGCAGACT,chr1_182952807_+,SHCBP1L (81626),1.0,,True
1233,CATACTCACTAGAATAGAC,chr5_37329196_+,NUP155 (9631),1.0,,True
1234,CATAGAAAATCAAGAAGTA,chr2_112238476_-,ZC3H8 (84524),1.0,,True
1235,CATAGACGAGTGCACTGCA,chr2_55881717_-,EFEMP1 (2202),1.0,,True
1236,CATAGATGCACAGCTCAAA,chr19_39707352_-,LGALS14 (56891),1.0,,True
1237,CATAGGTTCACTGCAGAAT,chr10_30340396_-,MTPAP (55149),1.0,,True
1238,CATATGGGACATTACGACT,chr19_55954562_+,NLRP8 (126205),1.0,,True
1239,CATATGTCTCGGTCAAGGA,chr14_54987287_-,WDHD1 (11169),1.0,,True
1240,CATATTATTGTATGTGGAC,chr3_69063482_-,UBA3 (9039),1.0,,True
1241,CATATTTCTCACCAGGGTA,chr14_88227534_-,KCNK10 (54207),1.0,,True
1242,CATCAAGTACCGCCACTCG,chr2_182866168_-,FRZB (2487),1.0,,True
1243,CATCACAGACCAGCTCCCA,chr1_153307166_-,PGLYRP3 (114771),1.0,,True
1244,CATCAGCCGGCGGTGCTCG,chr22_37096042_+,TMPRSS6 (164656),1.0,,True
1245,CATCAGCGGTTTGTTGAGC,chr14_70524129_-,ADAM20 (8748),1.0,,True
1246,CATCAGCGTAGGCGCCGCT,chr17_48728480_+,HOXB13 (10481),1.0,,True
1247,CATCAGTACTGGTTTCCGA,chr11_107428923_+,CWF19L2 (143884),1.0,,True
1248,CATCATTAGACTCGAGAGT,chr2_39067729_+,SOS1 (6654),1.0,,True
1249,CATCATTCTCGACGGGGAT,chr20_58853442_-,GNAS (2778),1.0,,True
1250,CATCCCAAGCGCGTCGTCC,chr19_55948184_-,NLRP8 (126205),1.0,,True
1251,CATCCCTTGACCTATGAGG,chr1_155015360_+,ZBTB7B (51043),1.0,,True
1252,CATCCGAATCCGGAACCCT,chr1_230772058_+,CAPN9 (10753),1.0,,True
1253,CATCCTCTCTTGTTACAAC,chr11_85882599_-,CCDC83 (220047),1.0,,True
1254,CATCGAACCTCTTGCACGT,chr5_134206100_+,PPP2CA (5515),1.0,,True
1255,CATCGACTACGTGAACAAG,chr5_63961281_-,HTR1A (3350),1.0,,True
1256,CATCGGCATAAACTCTCAC,chr3_196248309_+,PCYT1A (5130),1.0,,True
1257,CATCGTATTAAACCCCGGA,chr19_55955122_-,NLRP8 (126205),1.0,,True
1258,CATCGTTTTCAGTGCCGAC,chr11_88653218_-,GRM5 (2915),1.0,,True
1259,CATCTCATAGAGGGTCCTC,chr12_52772798_+,KRT76 (51350),1.0,,True
1260,CATCTCCCACATCCGGCTA,chr13_20189356_-,GJB2 (2706),1.0,,True
1261,CATCTCGCTGAGATACGAA,chr9_130855048_+,ABL1 (25),1.0,,True
1262,CATCTGCACGAACTCGGGT,chr15_34910198_+,AQR (9716),1.0,,True
1263,CATCTGGGGAGAACCGAGC,chr15_34342063_+,NOP10 (55505),1.0,,True
1264,CATCTTCTTGTGGCAAACA,chr12_10986418_-,TAS2R50 (259296),1.0,,True
1265,CATCTTGCCCTTGCTAGGG,chr14_94467189_+,SERPINA9 (327657),1.0,,True
1266,CATCTTGCTGACAAACGAG,chr17_7931535_+,TRAPPC1 (58485),1.0,,True
1267,CATGAGCTGGCCGGAGAAC,chr11_77040288_-,B3GNT6 (192134),1.0,,True
1268,CATGAGGTTGTAGCCCACA,chr22_30464884_+,SEC14L3 (266629),1.0,,True
1269,CATGATCGATGTTGGGCAA,chr16_69749245_+,NOB1 (28987),1.0,,True
1270,CATGATTTCCGAATCCCCC,chr9_21206913_-,IFNA10 (3446),1.0,,True
1271,CATGCACACGATCCAGCAC,chr19_53267264_+,VN1R4 (317703),2.0,,True
1272,CATGCACTGACTTCTGCAA,chr11_95817898_-,CEP57 (9702),1.0,,True
1273,CATGCGCTTATGACGGCAA,chr3_169116696_+,MECOM (2122),1.0,,True
1274,CATGCTTTACACTTATAGC,chr8_86229597_-,SLC7A13 (157724),1.0,,True
1275,CATGGAAATGCTAACAGCG,chr13_31761777_+,RXFP2 (122042),1.0,,True
1276,CATGGAGACGGCTCCGAGT,chr4_87662403_+,DMP1 (1758),1.0,,True
1277,CATGGCATCAAGCACCCGG,chr20_35697792_+,NFS1 (9054),1.0,,True
1278,CATGGCCAAGCACTCCCAA,chr11_102702843_+,MMP27 (64066),1.0,,True
1279,CATGTAACGCTACAGGGTA,chr6_135193858_-,MYB (4602),1.0,,True
1280,CATGTCGGAGGCGCGGAAG,chr6_44265331_-,NFKBIE (4794),1.0,,True
1281,CATGTGGATGTGCTCTCGG,chr10_7780126_+,KIN (22944),1.0,,True
1282,CATGTTACCAGTCATCAGG,chr12_21378241_+,IAPP (3375),1.0,,True
1283,CATGTTGGACATTACCTCG,chr22_37974044_+,SOX10 (6663),1.0,,True
1284,CATTACGGCTGTGTGGATC,chr5_23526417_-,PRDM9 (56979),1.0,,True
1285,CATTACTCTTACTCTCGAA,chr1_75922191_+,ASB17 (127247),1.0,,True
1286,CATTAGGTTATTTAACCGG,chr5_161873196_-,GABRA1 (2554),1.0,,True
1287,CATTAGTGCTACGCGGAAT,chr19_41238507_+,AXL (558),1.0,,True
1288,CATTATTGTAGCTTGCCAA,chr5_139614595_-,UBE2D2 (7322),1.0,,True
1289,CATTCAGATCGTCCGCTAC,chr7_141838028_-,PRSS37 (136242),1.0,,True
1290,CATTCATCGTATATCCAAC,chr5_151855175_+,GLRA1 (2741),1.0,,True
1291,CATTCATGGCTTCGGTCCC,chr9_122820408_+,PDCL (5082),1.0,,True
1292,CATTCCAAATAGTCAACGC,chr1_6541916_+,NOL9 (79707),1.0,,True
1293,CATTCCGTGGCCCAATCCC,chr19_47802552_-,TPRX1 (284355),1.0,,True
1294,CATTCTCCGTGTCCCCAAC,chr19_42122144_-,POU2F2 (5452),1.0,,True
1295,CATTGGGCTTGTCGGGAGC,chr1_1564852_+,SSU72 (29101),1.0,,True
1296,CATTTGAAGTAGGACACCG,chr11_69641437_-,CCND1 (595),1.0,,True
1297,CATTTGGCCTTTCTGAGGC,chr5_224454_+,SDHA (6389),1.0,,True
1298,CCAAAAATGCATACCTCCC,chr11_118979202_-,FOXR1 (283150),1.0,,True
1299,CCAAAATGTGGGTCGACTC,chr13_103058298_-,SLC10A2 (6555),1.0,,True
1300,CCAAACTGCAAAGCCAGAT,chr1_109412120_+,PSMA5 (5686),1.0,,True
1301,CCAAAGCATTAACGTCAAC,chr1_91977321_-,BRDT (676),1.0,,True
1302,CCAAAGTGGTTTTGGTACA,chr18_13681934_-,FAM210A (125228),1.0,,True
1303,CCAAATTTCAGATCCATCG,chr11_108189160_-,NPAT (4863),1.0,,True
1304,CCAACACACTCAGGGGACC,chr17_7421161_+,SPEM1 (374768),1.0,,True
1305,CCAACATTGTGTATCCCCC,chr11_118979011_+,FOXR1 (283150),1.0,,True
1306,CCAACCTGCGCTGGCAATC,chr5_77693313_+,TBCA (6902),3.0,,True
1307,CCAACGATGACGAAAACCT,chr1_9018291_+,SLC2A7 (155184),1.0,,True
1308,CCAACGGTCTGTTCGGTGA,chr15_63678243_+,HERC1 (8925),1.0,,True
1309,CCAACTATTGCCGCAGCAA,chr16_22308974_+,POLR3E (55718),1.0,,True
1310,CCAACTCGTACTGTCGAGG,chr9_103004830_+,CYLC2 (1539),1.0,,True
1311,CCAAGATCCTTCGGCTCAG,chr1_43359792_+,CDC20 (991),2.0,,True
1312,CCAAGCATCAAATTCTGCT,chrX_78113775_+,PGK1 (5230),2.0,,True
1313,CCAAGCCAGAATATTGAGG,chr4_165040915_-,TRIM60 (166655),1.0,,True
1314,CCAAGGTTGCATGTACAAG,chr2_61498768_+,XPO1 (7514),1.0,,True
1315,CCAATAAAGGGCTGCCGGC,chr1_56883597_-,C8A (731),1.0,,True
1316,CCAATATCTTTAGGCCTAC,chr3_69068009_+,UBA3 (9039),1.0,,True
1317,CCAATCTCCCGATGTCAAG,chr11_88653312_-,GRM5 (2915),1.0,,True
1318,CCAATGATGCCCACGCCGT,chr5_150521741_-,NDST1 (3340),1.0,,True
1319,CCACATCCAAGTTTCAGAC,chr17_37379356_+,C17orf78 (284099),1.0,,True
1320,CCACATTAGAGGACAACAC,chr8_86887606_+,CNBD1 (168975),1.0,,True
1321,CCACCAAGTATAGCCAGAA,chr6_49786562_+,PGK2 (5232),1.0,,True
1322,CCACCACACAGCCGACGAA,chr20_35529160_-,C20orf173 (140873),1.0,,True
1323,CCACCACCGCCCTGAAGGT,chr2_17816831_-,MSGN1 (343930),1.0,,True
1324,CCACCGAATCTACCGGCGC,chr11_92981682_+,MTNR1B (4544),1.0,,True
1325,CCACCGTATTTCCAGATGA,chr3_138124814_+,A4GNT (51146),1.0,,True
1326,CCACGAAACAAAAGAACAG,chr4_7064181_-,GRPEL1 (80273),1.0,,True
1327,CCACGCACATATCGACAAT,chr11_61322340_+,DDB1 (1642),1.0,,True
1328,CCACGCCTGGTGTCTCGCG,chr19_45012025_+,RELB (5971),1.0,,True
1329,CCACGTCCGGACCCATCGG,chr17_67825831_+,BPTF (2186),2.0,,True
1330,CCACGTCTCATGAAGCCGC,chr1_47334048_+,CMPK1 (51727),1.0,,True
1331,CCACTACTGACAACAGCGT,chr3_133805956_-,SRPRB (58477),1.0,,True
1332,CCACTCGCATGAGCTCAAT,chr22_25224965_+,CRYBB2 (1415),1.0,,True
1333,CCACTGCGAAGGGAGCCGA,chr17_40488879_+,TNS4 (84951),1.0,,True
1334,CCACTGGGCCTCACCTCTA,chr1_114716051_+,NRAS (4893),1.0,,True
1335,CCAGAATCTCAATTTCCCG,chr5_113434662_+,TSSK1B (83942),2.0,,True
1336,CCAGATGGCAGTTGCCGGG,chr19_49395818_-,KASH5 (147872),1.0,,True
1337,CCAGCAAAGGTGATTGCAG,chr10_110297678_+,SMNDC1 (10285),1.0,,True
1338,CCAGCAGGATGACTGAACC,chr6_49786845_+,PGK2 (5232),1.0,,True
1339,CCAGCGCACGCGCCAGGTC,chrX_154478785_-,LAGE3 (8270),1.0,,True
1340,CCAGCTGCAACCGCTCAAT,chr1_211481187_+,RD3 (343035),1.0,,True
1341,CCAGGAAAATTATGCATAG,chr4_145105616_+,ABCE1 (6059),1.0,,True
1342,CCAGGAATGCTACGACCGC,chr19_3113446_+,GNA11 (2767),1.0,,True
1343,CCAGGAGGTGTCGCACATG,chr5_37352812_+,NUP155 (9631),1.0,,True
1344,CCAGGGACTACCGTGCACA,chr7_127614500_-,PAX4 (5078),1.0,,True
1345,CCAGGGTTAACTACCCAAA,chr14_21034154_-,RNASE13 (440163),1.0,,True
1346,CCAGGTGTTACAGACCAAA,chr12_52650514_-,KRT2 (3849),1.0,,True
1347,CCAGTCACGCATGACAACC,chr19_49395253_-,KASH5 (147872),1.0,,True
1348,CCAGTGGAGGACAATGAGA,chr1_151264910_+,PSMD4 (5710),1.0,,True
1349,CCAGTGTGTTGCAAAGGAA,chr18_13681879_-,FAM210A (125228),1.0,,True
1350,CCAGTTTATGTCGTAGAAT,chr5_159323317_-,IL12B (3593),1.0,,True
1351,CCATACATCAATAAGCGCA,chr12_112060295_+,NAA25 (80018),1.0,,True
1352,CCATACCCAATAGAGTCCG,chr7_140800371_+,BRAF (673),1.0,,True
1353,CCATACCCATGTGGGCTAC,chr10_27061153_+,ANKRD26 (22852),1.0,,True
1354,CCATACTAATAATTAAAGC,chr19_43416237_+,TEX101 (83639),1.0,,True
1355,CCATAGTATGTGGTGACTC,chr4_121821089_+,CCNA2 (890),1.0,,True
1356,CCATATAGATGAGTCAACC,chr9_5029877_+,JAK2 (3717),1.0,,True
1357,CCATATCATGGTCTGAAAC,chr5_161865773_-,GABRA1 (2554),1.0,,True
1358,CCATCCGTTCTCGTAATGG,chr15_63734801_+,HERC1 (8925),1.0,,True
1359,CCATCTATTCGATGGCCTA,chr11_88604888_-,GRM5 (2915),1.0,,True
1360,CCATCTCTGCCTGGATCTA,chr7_4920248_-,MMD2 (221938),1.0,,True
1361,CCATGAATCGCGAGTGGAC,chr21_43793364_+,RRP1 (8568),1.0,,True
1362,CCATGCGGTGGCTGAAAAA,chr10_121551335_-,FGFR2 (2263),1.0,,True
1363,CCATGGTGGAGGCCGTCAC,chr1_20143500_+,PLA2G2F (64600),1.0,,True
1364,CCATGTAATCGTCCACAGA,chr16_85913136_-,IRF8 (3394),1.0,,True
1365,CCATGTCCGATCCCACACT,chr20_57515801_-,CTCFL (140690),1.0,,True
1366,CCATGTCGATGATCTCGTC,chr19_18309786_+,LSM4 (25804),1.0,,True
1367,CCATTAAAACTGACCGGCT,chr2_68866556_+,BMP10 (27302),1.0,,True
1368,CCATTCACGTTGTCATCAA,chr2_200926801_-,ORC2 (4999),1.0,,True
1369,CCATTCAGTTATACCGTCA,chr22_24754789_-,PIWIL3 (440822),1.0,,True
1370,CCATTCTTGTTTTCACAGA,chr14_20693805_-,ANG (283),1.0,,True
1371,CCATTGCCCAACCTCCGCG,chr12_56085067_+,ERBB3 (2065),1.0,,True
1372,CCCAAATATGCTCTGTCCC,chr1_115034012_+,TSHB (7252),1.0,,True
1373,CCCAAGGCCTCTTAATACT,chr11_66616951_+,RBM14 (10432),1.0,,True
1374,CCCAATGCAATCATAGGAA,chr5_43298717_+,HMGCS1 (3157),1.0,,True
1375,CCCACACACCTGTCAGCGG,chr11_18934366_-,MRGPRX1 (259249),1.0,,True
1376,CCCACCAAATTTGTCCAAT,chr7_140850156_+,BRAF (673),1.0,,True
1377,CCCACCTCTATTGCCAGAT,chr6_88904828_-,RNGTT (8732),1.0,,True
1378,CCCACTGACATGATAACGA,chr17_10825476_+,PIRT (644139),1.0,,True
1379,CCCAGAAGGTCCGCATCGA,chr13_20189198_-,GJB2 (2706),1.0,,True
1380,CCCAGAAGGTCGAGTACTC,chr7_143478099_+,TAS2R41 (259287),1.0,,True
1381,CCCAGACGACCACAAATCC,chr6_116828835_-,GPRC6A (222545),1.0,,True
1382,CCCAGAGAGTACTACACAT,chr1_193125146_+,CDC73 (79577),1.0,,True
1383,CCCAGCTTGATGTCGACCG,chr10_125773857_+,MMP21 (118856),1.0,,True
1384,CCCATACCTATCGGGATCA,chrX_71128111_-,MED12 (9968),1.0,,True
1385,CCCATAGCGTCGTAGTCGC,chr19_49010043_-,RUVBL2 (10856),1.0,,True
1386,CCCATTCCGTCTACACCAT,chr1_153307092_-,PGLYRP3 (114771),1.0,,True
1387,CCCCACAAACCTTGGCATA,chr16_69340326_-,NIP7 (51388),1.0,,True
1388,CCCCCGGACCTCAAATCCC,chr7_97117808_+,SDHAF3 (57001),1.0,,True
1389,CCCCCGGGCAACACTCCAC,chr2_55917850_+,EFEMP1 (2202),1.0,,True
1390,CCCCCGTTCTTGCTGAGGT,chr11_62984521_+,SLC22A6 (9356),1.0,,True
1391,CCCCCTTTGAGTGTCGACC,chr17_1677170_+,PRPF8 (10594),1.0,,True
1392,CCCCGACGCGCTCGTACAG,chr19_33301976_+,CEBPA (1050),1.0,,True
1393,CCCCGAGAAGTTTTGGATC,chr22_30342809_-,SF3A1 (10291),1.0,,True
1394,CCCCGCAGATCGATGTAGA,chr3_124730580_-,UMPS (7372),1.0,,True
1395,CCCCGGTACCTGTCGGGAC,chr20_44413793_-,HNF4A (3172),1.0,,True
1396,CCCCGTTGTGACACGGGTC,chr9_136509959_+,NOTCH1 (4851),1.0,,True
1397,CCCCTGTATTGAATACCCG,chr2_27222527_-,CAD (790),1.0,,True
1398,CCCGACAGACGTGGACTAC,chr22_30581626_-,PES1 (23481),1.0,,True
1399,CCCGACGAGTCCGAATGAG,chr13_112554075_+,TUBGCP3 (10426),1.0,,True
1400,CCCGAGACTTTGAAGACTA,chr8_132041581_-,OC90 (729330),1.0,,True
1401,CCCGATGTTATCGAGATGA,chr1_173838219_+,DARS2 (55157),1.0,,True
1402,CCCGCGAGAGGCTTTCCCC,chr6_137494011_+,OLIG3 (167826),1.0,,True
1403,CCCGCTGGTTTATTGCGAC,chr10_21534770_+,MLLT10 (8028),1.0,,True
1404,CCCGCTTTGGAGAACAACA,chr1_161102058_-,PFDN2 (5202),1.0,,True
1405,CCCGGAGGCCCATCAAGGT,chr10_97319898_-,FRAT1 (10023),1.0,,True
1406,CCCGTGATAAGCTCACCTG,chrX_54443491_-,TSR2 (90121),1.0,,True
1407,CCCTATGTATCAGCCCAGA,chr2_28912637_+,WDR43 (23160),1.0,,True
1408,CCCTGAAGCAATACGGAGA,chr3_121584924_+,ARGFX (503582),1.0,,True
1409,CCCTGATATGGATCATCAC,chr3_142547771_+,ATR (545),1.0,,True
1410,CCCTGTACAGTAAGAAATA,chr3_52270782_-,WDR82 (80335),2.0,,True
1411,CCCTTCATCATATACAACC,chrX_101370077_+,BTK (695),1.0,,True
1412,CCCTTCTCGGGCTGGGAAT,chr6_126340427_+,CENPW (387103),1.0,,True
1413,CCCTTGCCGTCTGCAAAGC,chr1_8867201_-,ENO1 (2023),1.0,,True
1414,CCGAAACTTGTCAACGGGA,chr19_4409079_+,CHAF1A (10036),1.0,,True
1415,CCGAAATGCTAAAGCCTGG,chr1_84479431_-,RPF1 (80135),1.0,,True
1416,CCGAACGTGGGGTACACCA,chr16_5060364_+,C16orf89 (146556),1.0,,True
1417,CCGAACTTCGGGGTGAAGC,chr17_37744760_-,HNF1B (6928),1.0,,True
1418,CCGAAGGGCAGACGCCCAT,chr1_33312565_+,A3GALT2 (127550),1.0,,True
1419,CCGACCAGTGGTGCCCCGA,chr16_30398009_+,ZNF48 (197407),1.0,,True
1420,CCGACGGCCCATGCGCGTA,chr6_137493834_+,OLIG3 (167826),1.0,,True
1421,CCGAGAAAATGGTGCCCCG,chr7_27243161_+,EVX1 (2128),1.0,,True
1422,CCGAGAGCCGTCGAGTGGA,chr11_114400128_-,C11orf71 (54494),1.0,,True
1423,CCGAGCCAAGTTCGACCCC,chr8_86069454_-,PSKH2 (85481),1.0,,True
1424,CCGAGGTCTCCAAGGAGTC,chr4_163166400_+,NAF1 (92345),1.0,,True
1425,CCGAGTTTCCGTAGTAGGG,chr10_8055841_-,GATA3 (2625),1.0,,True
1426,CCGATTTCCCTCTCCGTGG,chr17_6426977_+,AIPL1 (23746),1.0,,True
1427,CCGCAATGCAGATTCGGGT,chr3_151745620_-,AADACL2 (344752),1.0,,True
1428,CCGCATCGTAGCTGCTCGG,chr20_664435_+,SCRT2 (85508),1.0,,True
1429,CCGCCGCCCTTAATTCAGC,chr3_158652126_-,GFM1 (85476),1.0,,True
1430,CCGCCTCTGGGGGCCCGCA,chr22_19150052_+,GSC2 (2928),1.0,,True
1431,CCGCGACGGCGTTCAGAAC,chr4_163166517_+,NAF1 (92345),1.0,,True
1432,CCGCTCAACCTACTATGCC,chr14_74357827_+,VRTN (55237),1.0,,True
1433,CCGCTGTCGTTGGTCACGC,chr11_31509896_-,ELP4 (26610),1.0,,True
1434,CCGGAAATACATCGTCGCC,chr21_43789740_+,RRP1 (8568),1.0,,True
1435,CCGGAACCACAGCCACCCT,chr11_1584900_+,KRTAP5-1 (387264),1.0,,True
1436,CCGGACACATGCTTATGGC,chr20_35697722_-,NFS1 (9054),1.0,,True
1437,CCGGACCCCCGTTCGAGAT,chr20_58854194_+,GNAS (2778),1.0,,True
1438,CCGGAGACCTTGAAGAGCG,chr6_393360_-,IRF4 (3662),1.0,,True
1439,CCGGCAGTCTCCTTCGATG,chr1_68446823_-,RPE65 (6121),1.0,,True
1440,CCGGCCTTAAGGTTACCCC,chr13_113653432_+,ATP4B (496),1.0,,True
1441,CCGGGAACCTACCAGCCTA,chr17_48728178_-,HOXB13 (10481),1.0,,True
1442,CCGGGATCCTCGTCTGAAC,chr11_83165794_+,PCF11 (51585),1.0,,True
1443,CCGGGCCGTGGTTTGAAGA,chr22_43972970_-,SAMM50 (25813),1.0,,True
1444,CCGGGTTTTGATTAACTCG,chr5_113434540_+,TSSK1B (83942),1.0,,True
1445,CCGGTAGCTTTGTCAATGG,chr3_49104446_+,QARS1 (5859),1.0,,True
1446,CCGGTGATCTCCGAGATAC,chr22_41636765_+,XRCC6 (2547),2.0,,True
1447,CCGGTTCTGGCGCAAAATC,chr22_39529621_+,RPS19BP1 (91582),1.0,,True
1448,CCGTACCAAATGCAATACC,chr17_32358540_+,ZNF207 (7756),1.0,,True
1449,CCGTCGAGTCTTGGCGGTG,chr17_7042686_-,SLC16A11 (162515),1.0,,True
1450,CCGTCTCTACGCTTGTACG,chr17_61404637_+,TBX2 (6909),1.0,,True
1451,CCGTGCTACAACTAAAAAC,chr2_42656287_-,MTA3 (57504),1.0,,True
1452,CCGTGTACACCAGGCCGAT,chr19_53636763_-,DPRX (503834),1.0,,True
1453,CCGTGTGCAGGTGACCCGT,chr14_103532634_-,TRMT61A (115708),1.0,,True
1454,CCGTGTGTCTAAGCAAAAG,chr1_28531980_+,RCC1 (1104),1.0,,True
1455,CCGTTCAGGTTCCAAAGAT,chr2_17716893_+,SMC6 (79677),1.0,,True
1456,CCGTTGTGGTGATACGAGC,chr16_88707189_+,CTU2 (348180),1.0,,True
1457,CCTAAACTTTTCAAACAGG,chr8_86905181_+,CNBD1 (168975),1.0,,True
1458,CCTAATCTCGTCGCCCACG,chr4_54695593_-,KIT (3815),1.0,,True
1459,CCTACACGGGCTGCTAAGC,chr10_49708424_-,C10orf53 (282966),1.0,,True
1460,CCTACAGACACTAATGCCT,chr1_43386181_-,MED8 (112950),1.0,,True
1461,CCTACAGCAGGATATAAGC,chr10_21673649_+,MLLT10 (8028),1.0,,True
1462,CCTACCAAAACGTCAACAT,chr20_50737956_-,PARD6B (84612),1.0,,True
1463,CCTAGAGAAGATAGAAGAC,chr10_49693820_+,C10orf53 (282966),1.0,,True
1464,CCTAGATCGGCTAGAAAAC,chr17_42337439_-,STAT3 (6774),1.0,,True
1465,CCTAGGCCCGGGTTGGCAT,chr14_37592578_+,FOXA1 (3169),1.0,,True
1466,CCTATAATGAGCACCACTA,chr13_103065954_+,SLC10A2 (6555),1.0,,True
1467,CCTATAGCAATTATAAACT,chr21_39181801_+,PSMG1 (8624),1.0,,True
1468,CCTATGTCCATTAGCACCT,chr19_41239164_-,AXL (558),1.0,,True
1469,CCTATTGCACAATGATCCG,chr2_86125066_+,PTCD3 (55037),1.0,,True
1470,CCTCAAACGACTGTAGCGG,chr4_163166598_+,NAF1 (92345),1.0,,True
1471,CCTCAATGGCGCCGTCCCC,chr14_23321799_-,PABPN1 (8106),1.0,,True
1472,CCTCACCCGATTTTGAGAA,chr1_151763336_+,MRPL9 (65005),1.0,,True
1473,CCTCACCTCGCCCGACGTG,chr1_58782875_-,JUN (3725),1.0,,True
1474,CCTCATGCAGATTGTTCCC,chr11_66000143_+,EIF1AD (84285),1.0,,True
1475,CCTCCTATAGTGGAGAGTA,chr16_29779535_+,ZG16 (653808),1.0,,True
1476,CCTCCTTGCCCCAATGCGG,chr6_89895057_+,GJA10 (84694),1.0,,True
1477,CCTCGAACCCGCCTGCGAT,chr12_132508311_+,FBRSL1 (57666),1.0,,True
1478,CCTCGACACAGGGATGCGC,chr11_840475_-,POLR2L (5441),1.0,,True
1479,CCTCGCTAGGGCCCGACGG,chr22_37983683_-,SOX10 (6663),1.0,,True
1480,CCTCGTCGTACACGGTCAC,chr10_43105106_-,RET (5979),1.0,,True
1481,CCTCTCATCAGGTGGACTA,chr14_23323381_+,PABPN1 (8106),1.0,,True
1482,CCTCTTGTTTAGGCATCCG,chr20_34291527_-,AHCY (191),1.0,,True
1483,CCTCTTTCCTACAATCAAC,chr1_174448562_+,GPR52 (9293),1.0,,True
1484,CCTGACTTTAGTAGTGAAC,chr17_42333687_+,STAT3 (6774),1.0,,True
1485,CCTGCAGGATTAAGGAGTC,chr1_157588117_+,FCRL4 (83417),1.0,,True
1486,CCTGCGGCCTCATAACCTC,chr5_73173746_+,TMEM174 (134288),1.0,,True
1487,CCTGCGTGGCAGTTATGGA,chr5_138573781_-,HSPA9 (3313),1.0,,True
1488,CCTGGACTGCGTTAAGCAT,chr11_5508763_+,UBQLN3 (50613),1.0,,True
1489,CCTGGGGAATCAGTGATCC,chr16_29780198_+,ZG16 (653808),1.0,,True
1490,CCTGGTACACTTCTACCAG,chr22_30466999_+,SEC14L3 (266629),1.0,,True
1491,CCTGGTCCAACGGGGCAAC,chrX_151664264_-,PASD1 (139135),1.0,,True
1492,CCTGGTTTTGTCCTGCGAA,chr10_47322898_-,GDF2 (2658),1.0,,True
1493,CCTGTAATACCCACATAAG,chr19_29613894_-,POP4 (10775),1.0,,True
1494,CCTGTCCAACCCGGTGGCC,chr5_177386475_+,SLC34A1 (6569),1.0,,True
1495,CCTGTTTCTCGAGAAACTA,chr1_94208836_-,ARHGAP29 (9411),1.0,,True
1496,CCTTAATAATTCCACGTGG,chr5_148170958_-,SPINK14 (408187),1.0,,True
1497,CCTTACCGTGGTGTAGCAC,chr12_125114547_-,AACS (65985),1.0,,True
1498,CCTTAGGGATTGCACCAGG,chr4_1728158_-,TACC3 (10460),1.0,,True
1499,CCTTATACAGCTTTGCCAT,chr3_124735174_+,UMPS (7372),1.0,,True
1500,CCTTCACCAAGATTTACCG,chr19_17838025_-,JAK3 (3718),1.0,,True
1501,CCTTCTCACCGGACAACAT,chr12_57751506_+,CDK4 (1019),1.0,,True
1502,CCTTGACCTATCCTCCAAT,chr10_84224744_-,LRIT2 (340745),1.0,,True
1503,CCTTGAGCTCGTCGGCGTG,chr11_116821511_+,APOA4 (337),1.0,,True
1504,CCTTGAGTGACTCAACACC,chr20_31373028_+,DEFB118 (117285),1.0,,True
1505,CCTTGATAGGTTTCATCCC,chr20_33033057_-,BPIFB6 (128859),1.0,,True
1506,CCTTGGATGGCCTTAAGAG,chr5_23517904_+,PRDM9 (56979),1.0,,True
1507,CCTTGGGTTGCGCTCGACG,chr17_57262177_-,MSI2 (124540),1.0,,True
1508,CCTTTGCTAGAGCGGTACC,chr11_124619339_+,PANX3 (116337),1.0,,True
1509,CCTTTGTACTGGGGCCAGT,chr19_42122140_+,POU2F2 (5452),1.0,,True
1510,CCTTTGTCAGTTGTAGGAC,chr12_53320674_+,AAAS (8086),1.0,,True
1511,CCTTTGTCGACACCAACAG,chr12_112061345_-,NAA25 (80018),1.0,,True
1512,CGAAAGTCTTGCAAGGATA,chrX_151664124_-,PASD1 (139135),1.0,,True
1513,CGAAATATTCTGGGTGGCA,chr2_208248469_-,IDH1 (3417),1.0,,True
1514,CGAACTCAAGTCCTTAACC,chr1_155853664_+,GON4L (54856),1.0,,True
1515,CGAACTGACCGGGAGATCA,chr12_57751301_-,CDK4 (1019),1.0,,True
1516,CGAAGATGATTCCGGAAAT,chr3_173019549_+,SPATA16 (83893),1.0,,True
1517,CGAAGCAGGGCAATACACC,chr2_27368053_+,EIF2B4 (8890),1.0,,True
1518,CGAAGCTTGGTTGTGCCAA,chr11_12883060_-,TEAD1 (7003),1.0,,True
1519,CGAAGGCGAGCGGTGATCC,chr14_101985915_-,DYNC1H1 (1778),1.0,,True
1520,CGAATACCCCGTTTTGAGG,chr1_150328392_+,PRPF3 (9129),1.0,,True
1521,CGAATATTTACATTCACGT,chr3_179203760_-,PIK3CA (5290),1.0,,True
1522,CGAATCGTCGATGTGCGCA,chr12_117860307_-,KSR2 (283455),1.0,,True
1523,CGAATGTATACCGGCCCTC,chr17_39710438_-,ERBB2 (2064),1.0,,True
1524,CGAATTACAGCTGCTAGCC,chr1_1405858_-,MRPL20 (55052),1.0,,True
1525,CGACACAACAAGCCGGAAG,chr3_9797764_+,ARPC4 (10093),1.0,,True
1526,CGACAGATGCTGCCCGCAT,chr1_43386879_-,MED8 (112950),1.0,,True
1527,CGACAGATTCGCATGTGCA,chr17_1678558_-,PRPF8 (10594),1.0,,True
1528,CGACCAACTTCGAGCCTCC,chr1_36460699_+,MRPS15 (64960),1.0,,True
1529,CGACCAGATTCTGAAGATC,chr6_30711717_-,MDC1 (9656),1.0,,True
1530,CGACCCCGAAATGCCAAAG,chr12_114680992_-,TBX3 (6926),1.0,,True
1531,CGACCGAGAGACTCAAGAG,chr18_47034223_-,ELOA2 (51224),1.0,,True
1532,CGACGAAAAGATGTAGCCG,chr10_97445786_+,EXOSC1 (51013),1.0,,True
1533,CGACGGTCACTTACGAGTA,chr2_28894815_+,WDR43 (23160),1.0,,True
1534,CGACTCGTTGACTCGCATC,chr9_126615449_-,LMX1B (4010),1.0,,True
1535,CGACTGGTACTTGGGGCGA,chr6_159907386_-,MAS1 (4142),1.0,,True
1536,CGAGAACGGATCCGCCGAG,chr17_1676605_-,PRPF8 (10594),1.0,,True
1537,CGAGACAAGCTCACCGAAA,chrX_155027050_+,FUNDC2 (65991),2.0,,True
1538,CGAGATATTCCATGCCGAT,chr9_5044449_-,JAK2 (3717),1.0,,True
1539,CGAGATCTTAACATAGTAG,chr2_38343347_-,ATL2 (64225),1.0,,True
1540,CGAGATTAAAAGGCACCGA,chr4_54709462_+,KIT (3815),1.0,,True
1541,CGAGCAGGATGGGCTGAGC,chr15_34342077_+,NOP10 (55505),1.0,,True
1542,CGAGCAGTCAAGGACGGAC,chr6_46819658_+,MEP1A (4224),1.0,,True
1543,CGAGCATTTATAAACATCG,chr16_13932186_-,ERCC4 (2072),1.0,,True
1544,CGAGCCCAGCCCGTAGGGT,chr9_77020391_-,FOXB2 (442425),1.0,,True
1545,CGAGGACGAACACGACCAG,chr1_47334053_-,CMPK1 (51727),1.0,,True
1546,CGAGGCCATTTCTTTCTGA,chr19_53634639_-,DPRX (503834),1.0,,True
1547,CGAGGCTCATACTTATGCA,chr6_166165821_+,TBXT (6862),1.0,,True
1548,CGAGGTCATCCTGTCAGAC,chr1_157587408_-,FCRL4 (83417),1.0,,True
1549,CGAGTAACCTGTGTACCTG,chr11_108189201_+,NPAT (4863),1.0,,True
1550,CGAGTGAACGTTTAGCATC,chr11_83167431_+,PCF11 (51585),1.0,,True
1551,CGAGTGTTCCGGAGCGCCC,chr5_146339825_-,POU4F3 (5459),1.0,,True
1552,CGAGTTGTACCATTGGGAC,chr19_43417958_-,TEX101 (83639),1.0,,True
1553,CGAGTTTTGTAGAACTCGC,chr22_36566412_+,CACNG2 (10369),1.0,,True
1554,CGATAATGGAGTTAAACTC,chr6_46825417_-,MEP1A (4224),1.0,,True
1555,CGATACGCCCCTGTCGCGA,chr5_233581_+,SDHA (6389),1.0,,True
1556,CGATACTGGCTGCACAGGG,chr13_24906492_-,CPAP (55835),1.0,,True
1557,CGATCCTATTCGATGAGAA,chr11_88604738_-,GRM5 (2915),1.0,,True
1558,CGATGACTTTAGAAGACGT,chr6_106105015_+,PRDM1 (639),1.0,,True
1559,CGATGATGCCATGTCGCAG,chr9_108862727_-,ACTL7A (10881),1.0,,True
1560,CGATGCGCTCCATGGCATC,chr2_97646181_+,COX5B (1329),1.0,,True
1561,CGATGCGCTCGTACTCAGA,chr11_47346303_+,MYBPC3 (4607),1.0,,True
1562,CGATGGCACAAGCCATGAA,chr19_58552298_-,CHMP2A (27243),1.0,,True
1563,CGATTAACTACCTGTGAAG,chr16_56830603_-,NUP93 (9688),1.0,,True
1564,CGATTCTCTCACTGAGCCG,chr10_15103803_-,RPP38 (10557),1.0,,True
1565,CGATTGGACCCTAACGGCG,chr6_73363172_+,KHDC3L (154288),1.0,,True
1566,CGCAAGCACCATCTGCCCG,chr3_38275058_-,SLC22A13 (9390),1.0,,True
1567,CGCACAGTGGCGAACAAAT,chr1_11238598_+,MTOR (2475),1.0,,True
1568,CGCACGTAGGCGCAGACGG,chr9_99221632_+,ALG2 (85365),1.0,,True
1569,CGCACGTGGCGCGCCGGCT,chr9_136198969_+,LHX3 (8022),1.0,,True
1570,CGCACTCACTCTTGTCCAG,chr10_69180555_-,SUPV3L1 (6832),1.0,,True
1571,CGCACTGATGCTTACGTAC,chr1_68444860_-,RPE65 (6121),1.0,,True
1572,CGCAGCAATGCGGTCAGAA,chr1_211481261_-,RD3 (343035),1.0,,True
1573,CGCAGCTCGTAGTTCTACC,chr11_62589172_+,TUT1 (64852),1.0,,True
1574,CGCAGGGCATCGATGAACG,chr22_30584706_+,PES1 (23481),1.0,,True
1575,CGCAGTACCCGGACTACGG,chr13_27968887_-,CDX2 (1045),1.0,,True
1576,CGCATCTTTGGTGGCAATA,chr2_55877836_+,EFEMP1 (2202),1.0,,True
1577,CGCCAAGGCATTAAGAAAA,chr17_50370463_-,MRPL27 (51264),1.0,,True
1578,CGCCACAAGAGCGATAACC,chr1_154331462_+,ATP8B2 (57198),1.0,,True
1579,CGCCAGCCGGTACCCTAAC,chr19_41238569_-,AXL (558),1.0,,True
1580,CGCCATTTTGTTAGGATAA,chr7_103027507_+,FBXL13 (222235),1.0,,True
1581,CGCCCTGTGCAGGTTAAGG,chr4_55860437_+,EXOC1 (55763),1.0,,True
1582,CGCCGCGCCCTTAGATACC,chr1_33307451_-,A3GALT2 (127550),1.0,,True
1583,CGCCGCGCGGGTAGGAGAT,chr2_176099927_-,HOXD12 (3238),1.0,,True
1584,CGCCGGGTATCCCTGAGTC,chr3_49104401_+,QARS1 (5859),1.0,,True
1585,CGCCGTTGATCCCGGAGAC,chr20_44414521_-,HNF4A (3172),1.0,,True
1586,CGCCTACGGTTTCCGCAAC,chr3_38275095_+,SLC22A13 (9390),1.0,,True
1587,CGCCTCAATGGAGAAGGAC,chr22_35067176_-,ISX (91464),1.0,,True
1588,CGCCTGATATGTCTCCGCA,chr12_10801945_+,TAS2R7 (50837),1.0,,True
1589,CGCCTGGATAAATTCTACA,chr21_43793399_+,RRP1 (8568),1.0,,True
1590,CGCCTTTTCGACGGTCGAC,chr3_196503048_+,RNF168 (165918),1.0,,True
1591,CGCGACTTGGGGAGGCGTC,chr20_58840622_-,GNAS (2778),1.0,,True
1592,CGCGAGCACGGGTACGGGT,chr17_39605881_+,NEUROD2 (4761),1.0,,True
1593,CGCGATAATAAAGAACTCA,chr11_61329457_-,DDB1 (1642),1.0,,True
1594,CGCGATGGTCTTACAGGGC,chr5_157343093_-,FNDC9 (408263),1.0,,True
1595,CGCGCAAATGCCCGACGTG,chr20_664025_-,SCRT2 (85508),1.0,,True
1596,CGCGCACCGTGTAGCCGCT,chr6_151808323_-,ESR1 (2099),1.0,,True
1597,CGCGCGCACATTACCGGAG,chr7_88760082_-,ZNF804B (219578),1.0,,True
1598,CGCGCTCAGCATCGACCGC,chr10_123666716_+,GPR26 (2849),1.0,,True
1599,CGCGGATAACAGCTCCCTG,chr3_189864315_-,TP63 (8626),1.0,,True
1600,CGCGGCATCACGCTCGATC,chr3_128153655_+,EEFSEC (60678),1.0,,True
1601,CGCGGGCTGTCGCGGTAGA,chr1_47416637_-,FOXE3 (2301),1.0,,True
1602,CGCGGTACTACAAGAACAT,chr19_49497294_+,RPS11 (6205),1.0,,True
1603,CGCGTTTGACAGACGGTGA,chr20_63688051_+,RTEL1 (51750),1.0,,True
1604,CGCTACAACCTGCGGCGGA,chr5_16465565_-,ZNF622 (90441),1.0,,True
1605,CGCTATTGCCATATGTACC,chr12_10809853_+,TAS2R9 (50835),1.0,,True
1606,CGCTCACACAGACGAATAA,chr6_88929032_+,RNGTT (8732),1.0,,True
1607,CGCTCCACAAACTCGCACT,chr11_69810681_+,FGF3 (2248),1.0,,True
1608,CGCTCGCTGCAAATGAAAC,chr12_32755578_+,YARS2 (51067),1.0,,True
1609,CGCTCTAATCCGATCCTCG,chr17_57849254_+,MRPS23 (51649),1.0,,True
1610,CGCTCTAGCATCTTACCAT,chr10_37142290_-,ANKRD30A (91074),1.0,,True
1611,CGCTCTCCGATGACGAGCA,chr4_188139884_+,TRIML1 (339976),1.0,,True
1612,CGCTCTCCGTAGGGTAGCG,chr10_49611082_-,SLC18A3 (6572),1.0,,True
1613,CGCTCTGGTCGCACCCGTC,chr17_1679642_-,PRPF8 (10594),1.0,,True
1614,CGCTGCACGGTCTCTCGCC,chr13_27792818_+,GSX1 (219409),1.0,,True
1615,CGCTGGCGGTACTGAAGTC,chr4_121823467_-,CCNA2 (890),1.0,,True
1616,CGCTGGTGGAAGGTACCGC,chr1_151763112_-,MRPL9 (65005),1.0,,True
1617,CGCTGGTTTAATACCATCC,chr15_34932400_-,AQR (9716),1.0,,True
1618,CGCTGTCCATTGTCCGGAC,chr6_37461640_+,CMTR1 (23070),1.0,,True
1619,CGCTGTGAGGACCCACCTG,chr19_51034012_+,KLK12 (43849),1.0,,True
1620,CGCTTCCTGCTAGCTCGGA,chr20_63305545_+,COL20A1 (57642),1.0,,True
1621,CGCTTGCTATATCTTCAGC,chr3_173049046_+,SPATA16 (83893),1.0,,True
1622,CGCTTTCCACATGGAACAC,chr12_49997182_+,RACGAP1 (29127),1.0,,True
1623,CGCTTTGCCAACTTCAGCG,chr17_78818686_-,USP36 (57602),1.0,,True
1624,CGGAAAGCTTCACACGCGG,chr17_74946699_-,OTOP3 (347741),1.0,,True
1625,CGGAACACCTCCTACCGGT,chr20_63661942_+,RTEL1 (51750),1.0,,True
1626,CGGAACCGTCATGGGAAAC,chr1_162754850_+,DDR2 (4921),1.0,,True
1627,CGGAACTCGGCCAAGGGAA,chr22_39532418_-,RPS19BP1 (91582),1.0,,True
1628,CGGAATATCCTTAGCCATG,chr2_29073932_+,PCARE (388939),1.0,,True
1629,CGGACAAGCACGCGCAGGG,chr10_101228612_-,LBX1 (10660),1.0,,True
1630,CGGACATCCCGAGCACAGT,chr7_44572947_+,DDX56 (54606),2.0,,True
1631,CGGACCCGCGTAAAGACCA,chr3_50256271_+,GNAI2 (2771),1.0,,True
1632,CGGACGACATATCCGCGCG,chr1_36463829_+,MRPS15 (64960),1.0,,True
1633,CGGAGAGCGGTTACCACCC,chr22_19820667_-,GNB1L (54584),1.0,,True
1634,CGGAGATGATGAGTATCAA,chr1_151185929_-,VPS72 (6944),1.0,,True
1635,CGGAGGCGTATTCGGAGGA,chr19_17842533_-,JAK3 (3718),1.0,,True
1636,CGGAGGGCACATACCGCTC,chr3_50252536_-,GNAI2 (2771),1.0,,True
1637,CGGAGTGTGTCGGTCAGCG,chr19_18922443_-,DDX49 (54555),1.0,,True
1638,CGGATGTCTCCAAGGTAAA,chr12_8841491_-,A2ML1 (144568),1.0,,True
1639,CGGCAAAATCTCCTACCCC,chr10_42792958_-,BMS1 (9790),1.0,,True
1640,CGGCAGCCTTGACTCCCCA,chr1_26941806_+,NUDC (10726),2.0,,True
1641,CGGCATACGCTGACAGTGC,chr11_47351328_-,MYBPC3 (4607),1.0,,True
1642,CGGCATAGGGACTACAAGG,chr5_140702056_+,ZMAT2 (153527),1.0,,True
1643,CGGCCACTACGAACTGCCG,chr7_74254275_-,RFC2 (5982),1.0,,True
1644,CGGCCATTGTGCCCCCCTC,chr5_134142265_+,TCF7 (6932),1.0,,True
1645,CGGCCTCCGCCCCAAAAGG,chr1_53459936_-,DMRTB1 (63948),1.0,,True
1646,CGGCCTTACTCCGACCAGC,chr2_27369144_+,EIF2B4 (8890),1.0,,True
1647,CGGCGGCGACAGTTGCTCG,chr4_8871400_-,HMX1 (3166),1.0,,True
1648,CGGCGGGAGAAGTCGTCGC,chr18_63318362_+,BCL2 (596),1.0,,True
1649,CGGCTCATACCGCCCAGGG,chr3_129529088_-,RHO (6010),1.0,,True
1650,CGGCTCCATCCTCAACAAG,chr8_10529649_+,PRSS55 (203074),1.0,,True
1651,CGGCTTCAACCACCGAGCT,chr19_54058552_+,VSTM1 (284415),1.0,,True
1652,CGGCTTCAGGCTCCCCACT,chr1_58782933_+,JUN (3725),1.0,,True
1653,CGGGAACGCACCACGCGGC,chr6_41921824_+,BYSL (705),1.0,,True
1654,CGGGAAGCGAGGACGTAAG,chr13_44989286_+,NUFIP1 (26747),2.0,,True
1655,CGGGAAGCTGCTTGCCGAG,chr19_49406903_+,KASH5 (147872),1.0,,True
1656,CGGGACTCTGTATTACCAG,chr3_101676767_-,ZBTB11 (27107),1.0,,True
1657,CGGGAGAAGTAACGCGAGA,chr17_7042718_+,SLC16A11 (162515),1.0,,True
1658,CGGGATGACAGTGGTCGAA,chr5_113434337_-,TSSK1B (83942),1.0,,True
1659,CGGGCAAATGGCCAGTCAA,chr12_69253147_+,CPSF6 (11052),1.0,,True
1660,CGGGCACTTGGTTTCGGAT,chr2_199349027_+,SATB2 (23314),1.0,,True
1661,CGGGGAGCCCAAACCATGG,chr17_40488677_+,TNS4 (84951),1.0,,True
1662,CGGGGTAGTTGTACACGGC,chr6_151808062_-,ESR1 (2099),1.0,,True
1663,CGGGGTGAGTACGATCCAA,chr12_52385410_+,KRT84 (3890),1.0,,True
1664,CGGGGTGTAGCTTACGGGA,chr20_58903790_-,GNAS (2778),1.0,,True
1665,CGGGGTTCCCATCTGACAT,chr22_37977894_+,SOX10 (6663),1.0,,True
1666,CGGGTCCTAGAAGTGTACA,chr6_41930253_+,BYSL (705),1.0,,True
1667,CGGGTGTAGCGTGAAGATC,chr9_99221750_-,ALG2 (85365),1.0,,True
1668,CGGGTTTGCCCTGGCTGGA,chr3_128486304_-,GATA2 (2624),1.0,,True
1669,CGGTAAATAGCAGTGAGCT,chr7_141839352_+,PRSS37 (136242),1.0,,True
1670,CGGTAGATTTCATGCCTGA,chr12_96936664_+,NEDD1 (121441),1.0,,True
1671,CGGTATCCATTAAATCAAA,chr19_46919887_-,ARHGAP35 (2909),1.0,,True
1672,CGGTCAACAAAGTCGGGAG,chr4_55105866_-,KDR (3791),1.0,,True
1673,CGGTCCAGTCGGTGCGCCG,chr6_79077495_+,PHIP (55023),1.0,,True
1674,CGGTCCCCCTGGACCCATC,chr20_1478488_-,SIRPB2 (284759),1.0,,True
1675,CGGTCCTATTACCTGCGCG,chr19_38919826_-,SARS2 (54938),1.0,,True
1676,CGGTCGCCCCCTTTGGACA,chr12_132525749_-,FBRSL1 (57666),1.0,,True
1677,CGGTTCATGGCCGCTAGGG,chr10_125774202_+,MMP21 (118856),1.0,,True
1678,CGGTTGCACGTCACAGCTC,chr16_69340303_+,NIP7 (51388),1.0,,True
1679,CGGTTGCAGGACGACTCGG,chr14_64987068_+,FNTB (2342),1.0,,True
1680,CGTAACCCTGCCATGATGC,chr11_5508870_-,UBQLN3 (50613),1.0,,True
1681,CGTAACGCCCGCGCCGCAG,chr22_37824787_+,GALR3 (8484),1.0,,True
1682,CGTAAGTTAAATTGTGCAG,chr14_45242776_+,MIS18BP1 (55320),1.0,,True
1683,CGTACAGGCCGTTTGCCGA,chr2_86100111_+,POLR1A (25885),1.0,,True
1684,CGTACCCATCGGCACTCCA,chr2_237566658_+,PRLH (51052),1.0,,True
1685,CGTACGGGGAGATGTCCGG,chr13_27920327_-,PDX1 (3651),1.0,,True
1686,CGTAGAACTGATGTTCCCT,chr3_48695150_+,IP6K2 (51447),1.0,,True
1687,CGTAGACACGGAAGAGCGA,chr2_29920473_+,ALK (238),1.0,,True
1688,CGTAGGCAATCTGGCGACG,chr22_24755823_+,PIWIL3 (440822),1.0,,True
1689,CGTAGGGCGCGTAGGGGAA,chr1_47416873_-,FOXE3 (2301),1.0,,True
1690,CGTAGTAATCTTCCCCCAC,chr1_68444608_+,RPE65 (6121),1.0,,True
1691,CGTATAGGATCCAAACTAC,chr10_34696410_-,PARD3 (56288),1.0,,True
1692,CGTCAACAAACGGCAATCG,chr4_163473389_+,TKTL2 (84076),1.0,,True
1693,CGTCACTCTGGGTGACGTG,chr17_74941679_+,OTOP3 (347741),1.0,,True
1694,CGTCATGGGACATTGGTAC,chr6_397190_-,IRF4 (3662),1.0,,True
1695,CGTCCAACAACCGCGGACC,chr4_121823493_-,CCNA2 (890),1.0,,True
1696,CGTCCCCACCGGACGATAC,chr17_66880658_+,CACNG5 (27091),1.0,,True
1697,CGTCCTCGGGCTACCGTCA,chrX_40591291_+,ATP6AP2 (10159),2.0,,True
1698,CGTCCTCTACCTAGAGGGT,chr17_5461031_-,DHX33 (56919),1.0,,True
1699,CGTCCTGACCTACTCACTA,chr1_160213166_+,PEA15 (8682),1.0,,True
1700,CGTCGCGGAAGTCGATAGG,chr17_72123658_-,SOX9 (6662),1.0,,True
1701,CGTCGGTATGGTGACATAG,chr6_88904860_-,RNGTT (8732),1.0,,True
1702,CGTCGTGGTACCCAACCTG,chr1_117076754_+,TTF2 (8458),1.0,,True
1703,CGTCTAGATGCTAACATCA,chr21_33552205_-,SON (6651),1.0,,True
1704,CGTCTCACCTCATCGGACA,chr20_32995626_+,SUN5 (140732),1.0,,True
1705,CGTCTCCGGAGGGAGTCCC,chr1_53459756_-,DMRTB1 (63948),1.0,,True
1706,CGTCTCTGATAACAGAACC,chr13_113653363_-,ATP4B (496),1.0,,True
1707,CGTCTGCACTTCCACAATC,chr20_2654769_+,NOP56 (10528),2.0,,True
1708,CGTCTTGGAATCTAACTCA,chr17_57258338_-,MSI2 (124540),1.0,,True
1709,CGTGACGCTGTTCTGCGCG,chr3_189808363_-,TP63 (8626),1.0,,True
1710,CGTGCAGATGACTTCTCGC,chr19_18312625_+,LSM4 (25804),1.0,,True
1711,CGTGCCCAGCATCAAATAC,chr1_44218686_-,DMAP1 (55929),1.0,,True
1712,CGTGCCGCTGGTAAGGATG,chr20_63687716_-,RTEL1 (51750),1.0,,True
1713,CGTGGAGGTTAAGCCTGCC,chr4_163166544_-,NAF1 (92345),1.0,,True
1714,CGTGGCACTTGCCAGTCCG,chr22_30584638_+,PES1 (23481),1.0,,True
1715,CGTGGCTCGCTTCTTCAAA,chr16_68232596_-,ESRP2 (80004),1.0,,True
1716,CGTGGGTGGGAAGCCGAAA,chr3_128486085_+,GATA2 (2624),1.0,,True
1717,CGTGGTGATCGAATAAATG,chr19_38845868_+,HNRNPL (3191),2.0,,True
1718,CGTGTGTTCTCCGAGGACC,chr14_104773540_-,AKT1 (207),1.0,,True
1719,CGTGTTCCGAGGGAGAATA,chr3_179570205_+,ACTL6A (86),1.0,,True
1720,CGTGTTGAATGCTGCACGT,chr3_126505823_-,UROC1 (131669),1.0,,True
1721,CGTTCAAATTCTCAGTGGC,chr12_10802126_+,TAS2R7 (50837),1.0,,True
1722,CGTTCGATGCCCAAGCGTG,chr7_128359419_+,PRRT4 (401399),1.0,,True
1723,CGTTCGCAGACATACAATG,chr2_232456905_+,ALPI (248),1.0,,True
1724,CGTTGAAGATCCAAATATG,chr5_77693288_+,TBCA (6902),1.0,,True
1725,CGTTGCAGAACCTTTCCCC,chr12_101305922_+,UTP20 (27340),1.0,,True
1726,CGTTGGAGAGGCCCGATAG,chr18_47034761_+,ELOA2 (51224),1.0,,True
1727,CGTTGGCCAAAAGGCACAT,chr17_41440792_+,KRT38 (8687),1.0,,True
1728,CGTTGTATCTATTATCCAC,chr1_211779019_+,LPGAT1 (9926),1.0,,True
1729,CGTTTCCCGCCACAACCAC,chr22_19505416_+,CDC45 (8318),1.0,,True
1730,CGTTTCTTGCAAGAATGGG,chr7_97117892_+,SDHAF3 (57001),1.0,,True
1731,CGTTTGAGTGGTGCCGTAC,chr4_55107838_+,KDR (3791),1.0,,True
1732,CGTTTTCCCGGAATCACAA,chr3_133806672_-,SRPRB (58477),1.0,,True
1733,CTAAAGCAGCGCCCCAGAT,chr10_73154362_-,ECD (11319),1.0,,True
1734,CTAAAGTCCTCCGCGGCCT,chr9_132583194_-,BARHL1 (56751),1.0,,True
1735,CTAAATTCCCAATGAGCGC,chr1_1405829_+,MRPL20 (55052),1.0,,True
1736,CTAACACTCTGTTTAATGA,chr10_121974008_-,NSMCE4A (54780),1.0,,True
1737,CTAACAGGCACCGCATGCG,chr6_31785724_-,VARS1 (7407),1.0,,True
1738,CTAACATATATCATCAAAC,chr11_62827159_-,STX5 (6811),1.0,,True
1739,CTAACTTTCCAACATGCAA,chr1_196994251_+,CFHR5 (81494),1.0,,True
1740,CTAATACGGTTGACCAGTG,chr18_31897790_-,TRAPPC8 (22878),1.0,,True
1741,CTAATTAAAACTGGAGCCC,chr4_79407461_-,GK2 (2712),1.0,,True
1742,CTACAACCACTGAGCGTGC,chr5_161882607_-,GABRA1 (2554),1.0,,True
1743,CTACAACGGATTCAGGAAC,chr1_47140813_+,CYP4A22 (284541),1.0,,True
1744,CTACACATGTTCGACCGGA,chr7_4916047_-,MMD2 (221938),1.0,,True
1745,CTACACCGACAACTCCATC,chr11_69643225_+,CCND1 (595),1.0,,True
1746,CTACATCTACCCCGTCACC,chr10_117209519_+,KCNK18 (338567),1.0,,True
1747,CTACATTCTCGGCCTGAGC,chr12_57533981_-,DCTN2 (10540),1.0,,True
1748,CTACATTGGCTTCTAAAAT,chr1_196994102_-,CFHR5 (81494),1.0,,True
1749,CTACCGGAGTCAACAGTAA,chr3_121585060_+,ARGFX (503582),1.0,,True
1750,CTACCGGGAGACATTAAAC,chr11_108188122_+,NPAT (4863),1.0,,True
1751,CTACCTCAAGAGGCCAAAC,chr18_42004407_+,PIK3C3 (5289),1.0,,True
1752,CTACGGCACGTACCGCACA,chr10_43100616_+,RET (5979),1.0,,True
1753,CTACTCATTCATGGAAAGT,chr10_110298689_-,SMNDC1 (10285),1.0,,True
1754,CTAGAAGAACAGCGAAAAT,chr5_160415164_-,SLU7 (10569),1.0,,True
1755,CTAGACCGAGTACCAGAAG,chr14_22924503_-,PRMT5 (10419),1.0,,True
1756,CTAGAGTCACAAGTCCCAC,chr17_41041207_+,KRTAP1-1 (81851),1.0,,True
1757,CTAGATGGTGATAGTAGCC,chr10_52769303_-,MBL2 (4153),1.0,,True
1758,CTAGCAGTCCAGGATAATG,chr4_70480885_-,MUC7 (4589),1.0,,True
1759,CTAGCAGTTGTTCAGCCAT,chr1_236574876_+,HEATR1 (55127),1.0,,True
1760,CTAGCATGCCCCGTATCAA,chr2_43974214_-,LRPPRC (10128),1.0,,True
1761,CTAGCTGTCTTAAGTGCAG,chrX_54444119_-,TSR2 (90121),1.0,,True
1762,CTAGGAGTGGTCTGAACCT,chr1_43359507_-,CDC20 (991),2.0,,True
1763,CTAGGTCCAAGAATGCCTC,chr6_41927385_+,BYSL (705),1.0,,True
1764,CTATAGCCTTGGAGGGAAT,chr12_52573612_-,KRT74 (121391),1.0,,True
1765,CTATATGTGCAAACATCCT,chr1_115034018_-,TSHB (7252),1.0,,True
1766,CTATATTCTGTTGAGTGCC,chr1_91976267_-,BRDT (676),1.0,,True
1767,CTATATTGTCTCCAGGCAG,chr19_50770915_+,GPR32 (2854),2.0,,True
1768,CTATCAGGTAAGTTTGACG,chr13_30631057_-,USPL1 (10208),1.0,,True
1769,CTATGAAGCCGGTGACGAG,chr12_101300003_-,UTP20 (27340),1.0,,True
1770,CTATGTGGTCACCGCCGAG,chr11_61331614_-,DDB1 (1642),1.0,,True
1771,CTATTAAATGAAGAGTGAC,chr2_113029076_+,IL36B (27177),1.0,,True
1772,CTATTACCTGGGCCACGGC,chr3_126509593_+,UROC1 (131669),1.0,,True
1773,CTATTTGGTGGGGATCAAG,chr12_4445324_-,FGF6 (2251),1.0,,True
1774,CTCAACTCACTTGGCCATG,chr11_62827566_+,STX5 (6811),1.0,,True
1775,CTCAACTTGTGGGGACCGG,chrX_72275705_+,RPS4X (6191),1.0,,True
1776,CTCAAGTGTGGCACGCCTG,chr12_52846803_+,KRT78 (196374),1.0,,True
1777,CTCAATGGCAAGTTGGCGA,chr7_25226908_+,NPVF (64111),1.0,,True
1778,CTCACAGGCAGGCTAAACA,chr16_18788067_-,RPS15A (6210),1.0,,True
1779,CTCACAGGTTGCGGTCGAA,chr5_134142293_-,TCF7 (6932),1.0,,True
1780,CTCACCGTGCGTGCCCCGG,chr19_41090185_-,CYP2A13 (1553),1.0,,True
1781,CTCACCTTAGTAAGAACAG,chr12_96936801_-,NEDD1 (121441),1.0,,True
1782,CTCACGAAATGTAAACGTG,chr2_186833961_+,ZSWIM2 (151112),1.0,,True
1783,CTCACGCAACTAGCCAAAA,chrX_71119872_+,MED12 (9968),1.0,,True
1784,CTCACGTTTATGTGGGAGC,chr1_66798220_+,INSL5 (10022),1.0,,True
1785,CTCACTAGTGTGCTCGTCA,chr8_66580289_+,MYBL1 (4603),1.0,,True
1786,CTCACTCAAGGTGTCCCAT,chr19_57129630_+,USP29 (57663),1.0,,True
1787,CTCAGCAAGGACCCACAGC,chr19_39707188_+,LGALS14 (56891),1.0,,True
1788,CTCAGCAATGATCCCATCA,chr12_52381445_+,KRT84 (3890),1.0,,True
1789,CTCAGGTGAAGAACCCCAG,chr2_79158758_-,REG3A (5068),1.0,,True
1790,CTCAGTGAGGCCCGAATCC,chr5_177994110_-,PROP1 (5626),1.0,,True
1791,CTCAGTGGTCTGCCAGAGA,chr1_54205159_-,MRPL37 (51253),1.0,,True
1792,CTCAGTTTCTACCTGCCAC,chr3_184038120_+,HTR3D (200909),1.0,,True
1793,CTCATAAGGACTACCGACT,chrX_78113796_-,PGK1 (5230),1.0,,True
1794,CTCATAGTATACACAAGCC,chrX_71555258_-,OGT (8473),1.0,,True
1795,CTCATCCTTATCCGACATA,chr1_153762770_-,INTS3 (65123),1.0,,True
1796,CTCATCTATACTTGGTGCC,chr13_75594916_-,UCHL3 (7347),1.0,,True
1797,CTCATGACGGGTATTACAG,chr3_112827428_-,CD200R1L (344807),1.0,,True
1798,CTCATGGCTTCAATCGCAC,chr6_88906412_-,RNGTT (8732),1.0,,True
1799,CTCATGTATTGGTCTCTCA,chr1_114713887_+,NRAS (4893),1.0,,True
1800,CTCATTCACCCGGCGAATG,chr22_36923352_-,CSF2RB (1439),2.0,,True
1801,CTCATTGACGGTAACCTGG,chr12_52552766_+,KRT71 (112802),1.0,,True
1802,CTCATTGTAGGTGAACCAG,chr1_109412176_+,PSMA5 (5686),1.0,,True
1803,CTCCAAATACCTGCCAACT,chr21_30440452_+,KRTAP15-1 (254950),1.0,,True
1804,CTCCAAGCGGTACTCTGAG,chrX_153469184_+,HAUS7 (55559),1.0,,True
1805,CTCCAATCATCCGTGTAGG,chr15_40183866_+,BUB1B (701),1.0,,True
1806,CTCCAGAATTGGGCTGATC,chr12_10909124_-,TAS2R13 (50838),1.0,,True
1807,CTCCAGGACCTACCGCGTG,chr1_15462751_+,CELA2A (63036),1.0,,True
1808,CTCCATTAAAGTCGAGGAA,chr11_73844971_+,MRPL48 (51642),1.0,,True
1809,CTCCCGCAGTGAGCTCCAA,chr22_43973277_-,SAMM50 (25813),1.0,,True
1810,CTCCCTTCTAGGACAATAA,chr1_28535054_+,RCC1 (1104),1.0,,True
1811,CTCCGATATGCCAAGCTGA,chr4_55878013_+,EXOC1 (55763),1.0,,True
1812,CTCCGGTCTCCTAACTGCC,chr3_52261384_-,WDR82 (80335),1.0,,True
1813,CTCCTCTGAGAATGAGTCC,chr16_5060339_+,C16orf89 (146556),1.0,,True
1814,CTCCTGTAACGGCCCATCA,chr12_101308327_-,UTP20 (27340),1.0,,True
1815,CTCCTTAGAAATGAGTGAG,chr10_17981364_-,SLC39A12 (221074),1.0,,True
1816,CTCGAAAAGAGTTCTTAAG,chr10_97441196_+,EXOSC1 (51013),1.0,,True
1817,CTCGAACTCGCTGTGCACG,chr11_47360009_+,SPI1 (6688),1.0,,True
1818,CTCGAAGGTCGTGGGTGAC,chr19_14516765_+,DNAJB1 (3337),2.0,,True
1819,CTCGACACAGCAGGTCAAG,chr12_25227342_-,KRAS (3845),1.0,,True
1820,CTCGACGATGCGGGCGCAC,chr1_47334100_-,CMPK1 (51727),1.0,,True
1821,CTCGAGAAGATGCTCCGAT,chr10_119059323_-,EIF3A (8661),1.0,,True
1822,CTCGAGATATTTTGCGACC,chr2_39035453_-,SOS1 (6654),1.0,,True
1823,CTCGCACAAGCGTTTGTCC,chr6_126346256_-,CENPW (387103),1.0,,True
1824,CTCGCCGATGTCCACGTCG,chr17_72123672_-,SOX9 (6662),1.0,,True
1825,CTCGCCGCAAGCTCATGCC,chr4_40438249_-,RBM47 (54502),1.0,,True
1826,CTCGCCTGGAAAGATGAGC,chr16_88709997_-,CTU2 (348180),1.0,,True
1827,CTCGCTTGACAGGCTGCAC,chr5_140702016_-,ZMAT2 (153527),1.0,,True
1828,CTCGGCTCAATTTGCGGGA,chr3_187731798_-,BCL6 (604),1.0,,True
1829,CTCGGTATTCCAGAATCAC,chr8_10529555_+,PRSS55 (203074),1.0,,True
1830,CTCGTACTCTAGGCACTCG,chr20_58840402_-,GNAS (2778),1.0,,True
1831,CTCGTATGGCGGACCCACA,chr9_108862449_-,ACTL7A (10881),1.0,,True
1832,CTCGTCATATTGCATAAGA,chr14_20556752_+,RNASE9 (390443),1.0,,True
1833,CTCGTCTAGCCTGGCTACC,chr16_58404572_-,GINS3 (64785),1.0,,True
1834,CTCGTGGGCACTTCCGACG,chr12_13866072_-,GRIN2B (2904),1.0,,True
1835,CTCGTTGAATCCCCGGGGC,chr19_55858289_-,NLRP4 (147945),1.0,,True
1836,CTCTAACGAATACTGCTCA,chrX_27747377_-,DCAF8L2 (347442),1.0,,True
1837,CTCTACGGTAGGCTGGAAG,chr17_7421217_-,SPEM1 (374768),1.0,,True
1838,CTCTAGCCAAAAGCGATCG,chr4_98887097_+,EIF4E (1977),3.0,,True
1839,CTCTAGGATCGAACGGGTG,chr6_79015180_+,PHIP (55023),1.0,,True
1840,CTCTCACAGCCGGAGCTAC,chr6_32335925_-,TSBP1 (10665),1.0,,True
1841,CTCTCCGATACCATCCCCG,chr20_35284229_-,EIF6 (3692),1.0,,True
1842,CTCTCGATTAAGCGAAGAT,chr16_27502883_+,GTF3C1 (2975),1.0,,True
1843,CTCTCGCACTCCGCCGTGG,chr14_36519110_-,NKX2-1 (7080),1.0,,True
1844,CTCTCGGAGTCCAACGCGT,chr22_30581359_+,PES1 (23481),1.0,,True
1845,CTCTCTCGGAAACCACACG,chr19_18921881_+,DDX49 (54555),1.0,,True
1846,CTCTGAAGGGCGGCCGAGA,chr14_35534805_-,INSM2 (84684),1.0,,True
1847,CTCTGAATGACCACCTCGC,chr3_109069747_+,MORC1 (27136),1.0,,True
1848,CTCTGCCACATGATAGCAA,chrX_70134687_-,IGBP1 (3476),2.0,,True
1849,CTCTGCTTCTTAGGGGGCT,chr17_7420919_-,SPEM1 (374768),1.0,,True
1850,CTCTGGCGGTCTCCAGAAT,chr12_10986696_-,TAS2R50 (259296),1.0,,True
1851,CTCTGTACACATCTCAGGC,chr20_37767983_-,CTNNBL1 (56259),1.0,,True
1852,CTCTGTGCTAAGTTTGGCG,chr8_132041090_+,OC90 (729330),1.0,,True
1853,CTCTTACCTGGAGTCAAAC,chr6_116809531_-,GPRC6A (222545),1.0,,True
1854,CTCTTCTTCACACAAGTCA,chrX_64920113_+,ZC4H2 (55906),1.0,,True
1855,CTCTTGGCCCTCTTGGTAC,chr12_68253366_-,IL22 (50616),1.0,,True
1856,CTCTTGGTTCTGAAATCAC,chr11_62192092_+,SCGB1D1 (10648),1.0,,True
1857,CTCTTGTCATAGACGGGCT,chr19_45025722_-,RELB (5971),1.0,,True
1858,CTCTTTGTAACCATAGGCT,chr12_96935162_+,NEDD1 (121441),1.0,,True
1859,CTGAAACTCGTACCACTCC,chr17_41489484_+,KRT36 (8689),1.0,,True
1860,CTGAAAGGGTCAACATGAC,chr1_205103979_+,RBBP5 (5929),1.0,,True
1861,CTGAACCGTAGGTAAATGA,chr17_1879336_-,RPA1 (6117),1.0,,True
1862,CTGAAGATCGAATACGCAA,chr19_38844012_-,HNRNPL (3191),1.0,,True
1863,CTGAATATCCTATAGTAGA,chr5_43297093_-,HMGCS1 (3157),1.0,,True
1864,CTGAATGCCTCAGCACAAG,chr20_33223894_+,BPIFA3 (128861),1.0,,True
1865,CTGACCCGGACAGAGTTGA,chr3_9800264_-,ARPC4 (10093),1.0,,True
1866,CTGACGCCGTTCAGCATCG,chr10_101228703_-,LBX1 (10660),1.0,,True
1867,CTGACGCTTGTCACCCACC,chr17_997240_-,TIMM22 (29928),1.0,,True
1868,CTGACGTACTGATGCTCGA,chr19_3113381_-,GNA11 (2767),1.0,,True
1869,CTGAGTACGCAGTGCCGCG,chr16_68235701_-,ESRP2 (80004),1.0,,True
1870,CTGAGTGGGGCTCCACCGA,chr7_128359644_-,PRRT4 (401399),1.0,,True
1871,CTGATACTGTGATTGCAAA,chr19_30009025_+,URI1 (8725),2.0,,True
1872,CTGATGAACTCAGTTGACG,chr6_155440052_+,NOX3 (50508),1.0,,True
1873,CTGATGCGTAGACAGGGGC,chr3_12503308_+,TSEN2 (80746),1.0,,True
1874,CTGCACGTCGGACATAAAC,chr1_193125199_-,CDC73 (79577),1.0,,True
1875,CTGCACTCACCACTTCTTC,chr19_9828669_-,UBL5 (59286),1.0,,True
1876,CTGCACTTCGTTCTGTACG,chr8_70069241_-,PRDM14 (63978),1.0,,True
1877,CTGCAGACGTTCATCGGCG,chr19_8698406_-,ACTL9 (284382),1.0,,True
1878,CTGCAGCCGGAGCGGTTGC,chr19_4099404_-,MAP2K2 (5605),1.0,,True
1879,CTGCAGGTTTGAGATGGAA,chr8_132041553_-,OC90 (729330),1.0,,True
1880,CTGCCAATGTTATGGTAGA,chr7_6391953_+,RAC1 (5879),3.0,,True
1881,CTGCCACCAAAGACCGGCG,chr19_8698553_-,ACTL9 (284382),1.0,,True
1882,CTGCCACGCGCGCAAGGCT,chr13_27792843_+,GSX1 (219409),1.0,,True
1883,CTGCCAGCAAACTGCCACT,chr14_90260206_+,PSMC1 (5700),1.0,,True
1884,CTGCCCACAAATCTGGATG,chr22_35084491_+,ISX (91464),1.0,,True
1885,CTGCGCTCCCCCTTCAGGT,chr10_58385647_+,TFAM (7019),1.0,,True
1886,CTGCGGCTAAAGAAATTAC,chr15_44554625_+,EIF3J (8669),1.0,,True
1887,CTGCGTCTCATTGAAGCGG,chr3_38266165_-,SLC22A13 (9390),1.0,,True
1888,CTGCTCATAAGCTCGGTGC,chr2_86125456_-,PTCD3 (55037),1.0,,True
1889,CTGCTGCAGTCGGACTGTG,chr2_98608317_-,COA5 (493753),1.0,,True
1890,CTGCTTTTCAGGCCTAAAG,chr19_14517041_-,DNAJB1 (3337),1.0,,True
1891,CTGGAAATGAAGTAGCAAC,chr12_8465528_-,CLEC6A (93978),1.0,,True
1892,CTGGAACTTTATCCACCAC,chr3_69062986_-,UBA3 (9039),1.0,,True
1893,CTGGACGCTTGCCGTGCCA,chr22_19812305_-,GNB1L (54584),1.0,,True
1894,CTGGATGACTTACACCATC,chr1_151400184_-,PSMB4 (5692),1.0,,True
1895,CTGGCAGACTTTGATTTCT,chr20_45630888_-,WFDC10A (140832),1.0,,True
1896,CTGGCAGCTACAACCCCGG,chr2_55917883_+,EFEMP1 (2202),1.0,,True
1897,CTGGCATCATACCAGGGCG,chr6_34770304_-,SNRPC (6631),1.0,,True
1898,CTGGCATCGATACCAACGT,chr17_998830_+,TIMM22 (29928),1.0,,True
1899,CTGGCCCCGCCGTGCTCAC,chr2_17816726_-,MSGN1 (343930),1.0,,True
1900,CTGGCCGCAGTGCGCGATC,chr19_33301785_+,CEBPA (1050),1.0,,True
1901,CTGGCCTTGCAAAGCTACG,chr2_45553717_+,SRBD1 (55133),1.0,,True
1902,CTGGCTTCATAGGCAGTCC,chr7_76482603_-,DTX2 (113878),1.0,,True
1903,CTGGGAAATATTAGTAAGT,chr12_10909106_-,TAS2R13 (50838),1.0,,True
1904,CTGGGAACTCATTCCCATG,chr22_19433343_+,MRPL40 (64976),1.0,,True
1905,CTGGGAAGCCGTTGATGCC,chr10_52771509_+,MBL2 (4153),1.0,,True
1906,CTGGGAAGCTTCCAGTTCA,chr19_41090541_+,CYP2A13 (1553),1.0,,True
1907,CTGGGATCTCATTATAACC,chr4_87845774_-,MEPE (56955),1.0,,True
1908,CTGGGCTGATTTTGGACAG,chr3_179576252_+,ACTL6A (86),1.0,,True
1909,CTGGGGCTGGATGATCCAC,chr20_1478579_+,SIRPB2 (284759),1.0,,True
1910,CTGGGTCCAGGTAAACTAA,chr4_121822462_+,CCNA2 (890),1.0,,True
1911,CTGGTCCGGTCATCAACAA,chr19_48607163_+,SPACA4 (171169),1.0,,True
1912,CTGGTGAACCAATAAAAGA,chr7_103327693_-,DNAJC2 (27000),1.0,,True
1913,CTGGTGGTCATACCGGTCA,chr1_44218444_-,DMAP1 (55929),1.0,,True
1914,CTGGTGTCTGTTCCGAGTC,chr5_73173573_-,TMEM174 (134288),1.0,,True
1915,CTGGTTCATGCTACCTCGG,chr20_32995676_+,SUN5 (140732),1.0,,True
1916,CTGTAAACGCCGTAGCCGG,chr15_43817273_+,MFAP1 (4236),1.0,,True
1917,CTGTAACTTAAGGGTAACC,chr7_44571734_+,DDX56 (54606),1.0,,True
1918,CTGTAATGCCCGCAGGACT,chr7_127614537_+,PAX4 (5078),1.0,,True
1919,CTGTACCTGTTGTACAAGA,chr14_44506256_-,FSCB (84075),1.0,,True
1920,CTGTAGCACACTTGACGAC,chr3_72817306_+,SHQ1 (55164),1.0,,True
1921,CTGTAGTACTCATCTTCGG,chr20_23688791_+,CST4 (1472),1.0,,True
1922,CTGTCGACGAATTACTCCA,chr6_5216633_+,LYRM4 (57128),1.0,,True
1923,CTGTGAAATATACTTGGAA,chr1_157588013_-,FCRL4 (83417),1.0,,True
1924,CTGTGAGGTGAACAGAGTA,chr7_152002757_+,GALNTL5 (168391),1.0,,True
1925,CTGTGATGATGTAGGCCAC,chr1_153307190_+,PGLYRP3 (114771),1.0,,True
1926,CTGTGGGCTAGAATACATA,chr1_66801122_-,INSL5 (10022),1.0,,True
1927,CTGTGTGCGCCAGATGACC,chrX_153462626_-,HAUS7 (55559),1.0,,True
1928,CTGTGTGGGATAGTGAAAC,chr1_31289368_-,SNRNP40 (9410),2.0,,True
1929,CTGTGTTTACAGATCGCTG,chrX_54440693_+,TSR2 (90121),1.0,,True
1930,CTGTTCATCATCAGCGAAC,chr11_124617385_+,PANX3 (116337),1.0,,True
1931,CTGTTGGGCCAAAGGCGGC,chr16_28495691_+,APOBR (55911),1.0,,True
1932,CTGTTTGGTCAGGTACTAA,chr11_59841228_-,CBLIF (2694),1.0,,True
1933,CTGTTTGGTCTCTCGGCAG,chr3_53122441_-,RFT1 (91869),1.0,,True
1934,CTTAAGAATACCACCTAAC,chr10_69187751_+,SUPV3L1 (6832),1.0,,True
1935,CTTAAGCATTGACTATCCC,chr14_21034171_-,RNASE13 (440163),1.0,,True
1936,CTTACCTCGGTGCATGATC,chr19_4101239_+,MAP2K2 (5605),1.0,,True
1937,CTTACCTTGTAGTGGCTGA,chr6_30137370_-,TRIM40 (135644),1.0,,True
1938,CTTACTCTTGTGAGGATCC,chr11_12881040_-,TEAD1 (7003),1.0,,True
1939,CTTACTTTACCATAAAATA,chr8_39609114_-,ADAM18 (8749),1.0,,True
1940,CTTAGAGGCAGCCAAAACG,chr16_28495264_+,APOBR (55911),1.0,,True
1941,CTTAGCATATGAGCTCAGC,chr12_48679728_+,KANSL2 (54934),1.0,,True
1942,CTTAGCTTACTTCTTGCCA,chr20_33217657_-,BPIFA3 (128861),1.0,,True
1943,CTTAGTCCAAGCATCATCG,chr1_44218363_-,DMAP1 (55929),1.0,,True
1944,CTTATCATGATCAGTAGCG,chr19_55955046_-,NLRP8 (126205),1.0,,True
1945,CTTATCCTTTGGGTCATCG,chr12_57771176_+,METTL1 (4234),2.0,,True
1946,CTTATGTAGTTAGTCTGGC,chr21_30440589_-,KRTAP15-1 (254950),1.0,,True
1947,CTTATTCAAGATTTCGTCA,chr6_7402822_+,RIOK1 (83732),1.0,,True
1948,CTTATTTCGAGCCAGGGCT,chr6_31536582_+,DDX39B (7919),1.0,,True
1949,CTTCAAATTCGGCAGACGA,chr20_6115896_+,FERMT1 (55612),1.0,,True
1950,CTTCAAGTCTACCTGTCAA,chr17_57841187_-,MRPS23 (51649),1.0,,True
1951,CTTCACTGTACGGTATCCC,chr1_44214741_-,DMAP1 (55929),1.0,,True
1952,CTTCAGGTGCGCTATGGCA,chr16_29780120_+,ZG16 (653808),1.0,,True
1953,CTTCAGTCGATGCCAGCAT,chr18_31917613_-,TRAPPC8 (22878),1.0,,True
1954,CTTCCTACGGCGATCATGG,chr18_12971172_-,SEH1L (81929),1.0,,True
1955,CTTCCTCTTTTGAAAGAGA,chr2_47152984_-,STPG4 (285051),1.0,,True
1956,CTTCCTTCAAACACTGCCG,chr2_98604173_+,COA5 (493753),1.0,,True
1957,CTTCTACACTATTAAAAGC,chr12_11092007_+,TAS2R43 (259289),1.0,,True
1958,CTTCTAGGCGTTTATAAAC,chr3_53111899_-,RFT1 (91869),1.0,,True
1959,CTTCTATGTGTGGAATGCC,chr6_30137313_+,TRIM40 (135644),1.0,,True
1960,CTTCTGAGTGGCGACATCC,chr6_73363580_-,KHDC3L (154288),1.0,,True
1961,CTTCTGCAATAGCGGTGGA,chr17_40771933_-,KRT26 (353288),1.0,,True
1962,CTTCTGCAGAGAGCGCACG,chr11_65999593_+,EIF1AD (84285),1.0,,True
1963,CTTCTGCGTCATCACGGCC,chr18_580680_-,CETN1 (1068),1.0,,True
1964,CTTCTTGGATGGAAGGATC,chr3_121586095_-,ARGFX (503582),1.0,,True
1965,CTTGAACTACCCTTGTGGC,chr16_58403122_+,GINS3 (64785),1.0,,True
1966,CTTGAATACCGCACCCACA,chr1_155014802_+,ZBTB7B (51043),1.0,,True
1967,CTTGAATGATCACTGTACG,chr19_55857840_-,NLRP4 (147945),1.0,,True
1968,CTTGACCTTCTGACGGCCA,chr14_94469245_-,SERPINA9 (327657),1.0,,True
1969,CTTGAGGATGGTCGGCGTA,chr13_98176865_+,RNF113B (140432),1.0,,True
1970,CTTGATCCCAAAGACTGGA,chr7_103341768_-,DNAJC2 (27000),1.0,,True
1971,CTTGATTCTTGCTCGCACA,chr18_50262052_+,CFAP53 (220136),1.0,,True
1972,CTTGATTTCGATTTTCGCC,chr19_29207923_+,UQCRFS1 (7386),2.0,,True
1973,CTTGCACTCACATACCAGT,chr16_69752293_-,NOB1 (28987),1.0,,True
1974,CTTGGAGCCTTTGGGACAG,chr2_79158726_+,REG3A (5068),1.0,,True
1975,CTTGGCCGGCGATGAGAGT,chr14_74357574_-,VRTN (55237),1.0,,True
1976,CTTGGCGGCTCACCGGAAC,chr22_42516013_+,RRP7A (27341),2.0,,True
1977,CTTGGGACAATGTTCCCCT,chr12_68225651_+,IL26 (55801),1.0,,True
1978,CTTGGGCTTCAGGTACCTC,chr13_98176772_+,RNF113B (140432),1.0,,True
1979,CTTGGGGGAACTTACCAGT,chr1_54205200_-,MRPL37 (51253),1.0,,True
1980,CTTGGTCATTGTTGCGGAC,chr20_33002638_+,SUN5 (140732),1.0,,True
1981,CTTGGTCGTAGTAAACGGA,chr12_122173920_+,IL31 (386653),1.0,,True
1982,CTTGGTGAATGAATCCCAC,chrX_47081269_-,RGN (9104),1.0,,True
1983,CTTGGTGATGTCGTAGGCA,chr3_129095083_+,RAB43 (339122),2.0,,True
1984,CTTGGTTTCTGTATCATCA,chr12_39646446_-,REDIC1 (283461),1.0,,True
1985,CTTGTGGCGCTTCTCGAAG,chr19_49497998_-,RPS11 (6205),1.0,,True
1986,CTTGTGTAGGTCCACCACA,chr13_20189184_+,GJB2 (2706),1.0,,True
1987,CTTGTTCAAAGCGCACCGC,chr6_394897_-,IRF4 (3662),1.0,,True
1988,CTTTACAAGGGACTAGAAG,chr14_30673930_+,SCFD1 (23256),1.0,,True
1989,CTTTACAGATGACAGGCGT,chr1_6549690_-,NOL9 (79707),1.0,,True
1990,CTTTACAGGTGTTATGAAG,chr10_110297720_-,SMNDC1 (10285),1.0,,True
1991,CTTTACATTGTGAGATCCC,chr17_37386022_-,C17orf78 (284099),1.0,,True
1992,CTTTAGATAACCTTCGGCC,chr10_69198442_+,SUPV3L1 (6832),1.0,,True
1993,CTTTAGCTGATCCTTCAGA,chr2_100472822_+,NMS (129521),1.0,,True
1994,CTTTAGTTTTGGATACAGC,chr11_14294852_-,RRAS2 (22800),1.0,,True
1995,CTTTATCAACCAGAGACCG,chr20_6110329_+,FERMT1 (55612),1.0,,True
1996,CTTTCAACGCCCGAATCGG,chr19_1487607_-,PCSK4 (54760),1.0,,True
1997,CTTTCAATAAATCTAAGCT,chr11_59807822_+,MRPL16 (54948),1.0,,True
1998,CTTTCCCCTTCACCGGGCG,chr1_182952968_+,SHCBP1L (81626),1.0,,True
1999,CTTTCTCCCCGTAAACATC,chr13_113653414_+,ATP4B (496),1.0,,True
2000,CTTTCTTTGCACAACTGGC,chr5_73173538_-,TMEM174 (134288),1.0,,True
2001,CTTTGCCATATCGCACTCG,chr17_57849304_+,MRPS23 (51649),1.0,,True
2002,CTTTGCGGATCATCCGGAA,chr11_61321647_-,DDB1 (1642),1.0,,True
2003,CTTTGGACGATCCAAAAAA,chr3_109100469_-,MORC1 (27136),1.0,,True
2004,CTTTGTGCGGTTGGTGAAC,chr1_19257491_-,MRTO4 (51154),2.0,,True
2005,CTTTTAAGGACTCCCATAA,chr3_66346393_-,SLC25A26 (115286),1.0,,True
2006,CTTTTCGAGTCTACAAGAG,chr11_74204369_+,PPME1 (51400),1.0,,True
2007,CTTTTGCCGATCGTAGGCC,chr17_37733619_+,HNF1B (6928),1.0,,True
2008,CTTTTGCGTGTAAGGAGAA,chr4_188140567_+,TRIML1 (339976),1.0,,True
2009,GAAAAAATCTTATAAGAGT,chr1_196994191_+,CFHR5 (81494),1.0,,True
2010,GAAAAATTCACTAAGCGGC,chr11_61795746_+,FEN1 (2237),1.0,,True
2011,GAAAACAAGTGGTTATAGA,chr1_114713952_-,NRAS (4893),1.0,,True
2012,GAAAACCATAACGCCCTGA,chr2_95108409_+,MRPS5 (64969),1.0,,True
2013,GAAAACTACTCTGCGTGCA,chr5_62449960_+,IPO11 (51194),1.0,,True
2014,GAAAAGCCTGGTAAATCCG,chr7_44572424_+,DDX56 (54606),2.0,,True
2015,GAAACAATCAGCTATGCCT,chr12_7769997_+,NANOGNB (360030),1.0,,True
2016,GAAACCATCATAAAACAAT,chr7_92534654_+,RBM48 (84060),1.0,,True
2017,GAAACTACTGGACTGATCA,chr20_57523667_-,CTCFL (140690),1.0,,True
2018,GAAACTATCCGCCGGCAAC,chr10_7778941_-,KIN (22944),1.0,,True
2019,GAAAGCCCTTGTTGAGCCT,chr8_6924926_+,DEFA6 (1671),1.0,,True
2020,GAAAGGTCAACACCCCGGC,chr1_151185579_-,VPS72 (6944),1.0,,True
2021,GAAATACGGTCCGAAACGT,chr6_135190159_+,MYB (4602),1.0,,True
2022,GAAATGCTAGACCTACAGG,chr5_43298070_-,HMGCS1 (3157),1.0,,True
2023,GAAATGGTAACGTTCCACC,chr3_49103665_+,QARS1 (5859),1.0,,True
2024,GAACAACATCGGACAGTGA,chr1_155777773_-,GON4L (54856),1.0,,True
2025,GAACAATCTGTACTGGACA,chr2_38343453_+,ATL2 (64225),1.0,,True
2026,GAACACCACATAGGCTACC,chr22_42515257_+,RRP7A (27341),1.0,,True
2027,GAACACTCGTGCCGCGTCG,chr20_63311964_-,COL20A1 (57642),1.0,,True
2028,GAACAGATAAACCGTCACC,chrX_65534554_+,LAS1L (81887),1.0,,True
2029,GAACATGAAGCTCGTGCAA,chr18_50250811_-,CFAP53 (220136),1.0,,True
2030,GAACATGAATCCAGCCACT,chr4_144995579_+,ANAPC10 (10393),1.0,,True
2031,GAACCAATTGGTAAGTCCC,chr16_56829046_-,NUP93 (9688),1.0,,True
2032,GAACCAGTACCCCGACATC,chr5_177994162_-,PROP1 (5626),1.0,,True
2033,GAACCGCAGAGCTAAGCAA,chr5_177993020_-,PROP1 (5626),1.0,,True
2034,GAACCTGCGCTGGACCTCG,chr5_44809377_+,MRPS30 (10884),1.0,,True
2035,GAACGCACGCTCGCCATGC,chr19_7501144_+,SAXO5 (374877),1.0,,True
2036,GAACGGATGGTTCTTGCCG,chr5_146339633_-,POU4F3 (5459),1.0,,True
2037,GAACGGGGTGCTAAGCATG,chr2_219246844_+,STK16 (8576),1.0,,True
2038,GAACGGGTCGTGGAGCGAC,chr1_230772094_+,CAPN9 (10753),1.0,,True
2039,GAACGGTCAACCCCTGCCC,chr5_148174292_+,SPINK14 (408187),1.0,,True
2040,GAACGTTCCACCCTGGATC,chr5_140704473_+,ZMAT2 (153527),1.0,,True
2041,GAACTAACCCGGGCAGTAG,chr1_186361660_-,TPR (7175),1.0,,True
2042,GAACTAAGCGTCTTGTAGA,chr3_124737583_+,UMPS (7372),1.0,,True
2043,GAACTAGTACCTGGGTAAG,chr1_70232371_-,SRSF11 (9295),1.0,,True
2044,GAACTCAAGATCACCTCGG,chr19_6828872_+,VAV1 (7409),1.0,,True
2045,GAACTCATGCGCGTCCTCC,chr17_78827313_+,USP36 (57602),1.0,,True
2046,GAACTCCTTCTCTGAGTGG,chr14_22925002_+,PRMT5 (10419),1.0,,True
2047,GAACTCGCCTGAGAAAGTA,chr3_72848205_+,SHQ1 (55164),1.0,,True
2048,GAACTGCAAATCCGCCCTG,chr20_35680871_+,NFS1 (9054),1.0,,True
2049,GAACTGCTGCTACCGCAAA,chr2_222639674_+,FARSB (10056),1.0,,True
2050,GAACTTACATCACTGGTAA,chr2_162145621_+,GCG (2641),1.0,,True
2051,GAACTTAGGCTATACACAC,chr2_68866460_-,BMP10 (27302),1.0,,True
2052,GAACTTCTTTATCCTTCGA,chr3_9801738_+,ARPC4 (10093),1.0,,True
2053,GAACTTGACTATCCGGTCC,chr11_124611660_-,PANX3 (116337),1.0,,True
2054,GAACTTGATCCCGGTCCGC,chr2_218269977_-,AAMP (14),1.0,,True
2055,GAACTTGCACACAGCAATC,chr5_73173506_-,TMEM174 (134288),1.0,,True
2056,GAACTTGCGGCAGACTGGA,chr6_31535391_+,DDX39B (7919),1.0,,True
2057,GAAGAAGGTCCGTAAATAC,chr19_55660555_+,U2AF2 (11338),1.0,,True
2058,GAAGAATCTGGGCGTCGAA,chr13_44989193_+,NUFIP1 (26747),1.0,,True
2059,GAAGAGACGATGCCTACAA,chr15_40200262_+,BUB1B (701),2.0,,True
2060,GAAGAGATGCAATATGACA,chr14_20584362_-,RNASE11 (122651),1.0,,True
2061,GAAGATCCAATAGCCAAAG,chr12_96936678_-,NEDD1 (121441),1.0,,True
2062,GAAGCGGAGGCTCTTAGAA,chr1_156727547_-,ISG20L2 (81875),1.0,,True
2063,GAAGCTTCTTTGCTAGATA,chr3_16598143_-,DAZL (1618),1.0,,True
2064,GAAGGAAAGGCCAATGACT,chr22_38479705_-,KDELR3 (11015),1.0,,True
2065,GAAGGACATCCGGAACGCC,chr1_19256034_+,MRTO4 (51154),1.0,,True
2066,GAAGGATGTACATCTAAAC,chr13_30631231_+,USPL1 (10208),1.0,,True
2067,GAAGGCTGGGGTTTGGGTA,chr19_53634622_-,DPRX (503834),1.0,,True
2068,GAAGGGTCCCCATACATCC,chr3_128060155_-,SEC61A1 (29927),1.0,,True
2069,GAAGGTACCGCTTTACCAT,chr12_78021778_+,NAV3 (89795),1.0,,True
2070,GAAGTAAGACTGCACAGAC,chr13_75560845_-,UCHL3 (7347),1.0,,True
2071,GAAGTGAATACCGACATCC,chr4_154545878_-,PLRG1 (5356),1.0,,True
2072,GAAGTGTCAAAGTACTGCC,chr10_17961836_-,SLC39A12 (221074),1.0,,True
2073,GAAGTTAATCCGGAGCAGA,chr3_133806631_+,SRPRB (58477),1.0,,True
2074,GAATACAACAAAGAGAGCG,chr20_23491845_+,CST8 (10047),1.0,,True
2075,GAATAGTCGTTGTTAACAG,chr6_135192514_-,MYB (4602),1.0,,True
2076,GAATAGTTACTCATACGGC,chr22_36564794_-,CACNG2 (10369),1.0,,True
2077,GAATATCCCGGCATAACCA,chr1_230759605_-,CAPN9 (10753),1.0,,True
2078,GAATATGCAATCTCGAATG,chr4_55868470_+,EXOC1 (55763),1.0,,True
2079,GAATCCACATAGTGAGAGT,chr6_166165790_-,TBXT (6862),1.0,,True
2080,GAATCCCCAATCACGTCCC,chr12_9099433_+,A2M (2),1.0,,True
2081,GAATCTCTGTCTTTAGCCA,chr4_39462214_-,LIAS (11019),1.0,,True
2082,GAATGACAAACGGCCGCAG,chr16_88891908_+,CBFA2T3 (863),1.0,,True
2083,GAATGAGCCTGACACTTCA,chr19_54058518_+,VSTM1 (284415),1.0,,True
2084,GAATGGAAGCTTCTGTCCG,chr3_137764932_+,SOX14 (8403),1.0,,True
2085,GAATGGAGGGGCTAGGAAC,chr12_14979214_+,PDE6H (5149),1.0,,True
2086,GAATTCTCCGCAACTGCAG,chr14_44506065_+,FSCB (84075),1.0,,True
2087,GAATTGAATCCGTACTGGA,chr11_107439149_-,CWF19L2 (143884),1.0,,True
2088,GAATTTGAAGTTAAGTCCC,chr7_128359833_+,PRRT4 (401399),1.0,,True
2089,GAATTTGTCAGCGAAGGAC,chr3_100646631_+,ADGRG7 (84873),1.0,,True
2090,GACAAATGTGTGCGATCGG,chr7_116740966_+,MET (4233),1.0,,True
2091,GACAACAGCCTCCCATGAG,chr19_54058348_-,VSTM1 (284415),1.0,,True
2092,GACAACATTCATTCAAAAC,chr17_37379174_+,C17orf78 (284099),1.0,,True
2093,GACAAGCGCCCCTTCATCG,chr22_37978103_-,SOX10 (6663),1.0,,True
2094,GACACAGAATTCAGTGACA,chr2_113029036_-,IL36B (27177),1.0,,True
2095,GACACCAGCACCTACAAGG,chr1_154929130_-,PMVK (10654),1.0,,True
2096,GACACCGTGAGCAGGCTAG,chr7_74252433_-,RFC2 (5982),1.0,,True
2097,GACACCTTTACCTGAAGCT,chr20_23491893_-,CST8 (10047),1.0,,True
2098,GACACTTATACTATGAAAG,chr12_68813623_+,MDM2 (4193),1.0,,True
2099,GACACTTCTTTGGGTGGCG,chr3_128486068_+,GATA2 (2624),1.0,,True
2100,GACAGCCCGTTTATCGCGA,chr17_7043446_+,SLC16A11 (162515),1.0,,True
2101,GACAGTCTTGAAGGTCCGG,chr22_39317526_+,RPL3 (6122),3.0,,True
2102,GACAGTTTCGCTTCGCCGG,chr18_59272539_+,RAX (30062),1.0,,True
2103,GACATAGCTTATCTGCAAG,chr1_117939567_+,WDR3 (10885),1.0,,True
2104,GACATGAACAAGAGGGACA,chr21_13610736_+,POTED (317754),2.0,,True
2105,GACATGGTCTTTAGTCCAA,chr3_100646103_+,ADGRG7 (84873),1.0,,True
2106,GACCAAACCTTCTCTTCAC,chr12_8465546_-,CLEC6A (93978),1.0,,True
2107,GACCAAATTGATATTGCAG,chrX_151659728_+,PASD1 (139135),1.0,,True
2108,GACCAAGCCCGGAGTAAGA,chr10_49386707_-,DRGX (644168),1.0,,True
2109,GACCAAGCTTTGTCCAAAG,chrX_14020197_-,GEMIN8 (54960),1.0,,True
2110,GACCACCAGGAATCTACAA,chr6_88904904_-,RNGTT (8732),1.0,,True
2111,GACCAGTATATTGTGGACA,chr5_37479970_+,WDR70 (55100),1.0,,True
2112,GACCAGTATTAAGTGGCAC,chr5_55781141_+,DDX4 (54514),1.0,,True
2113,GACCATAACTGATGATGTG,chr19_48616755_-,RPL18 (6141),1.0,,True
2114,GACCCCGATCGCCCAGAAC,chr19_6821666_+,VAV1 (7409),1.0,,True
2115,GACCCGAGCGGCCGTACCA,chr12_32755498_-,YARS2 (51067),1.0,,True
2116,GACCCGTGGCAAGGAAAAC,chr16_21205773_+,ZP2 (7783),1.0,,True
2117,GACCGACATCGACGACTGC,chr9_136510662_-,NOTCH1 (4851),1.0,,True
2118,GACCTAAGGGTGGACGTGG,chr12_69258606_-,CPSF6 (11052),1.0,,True
2119,GACCTACAAGTGGAATACA,chr7_143478391_+,TAS2R41 (259287),1.0,,True
2120,GACCTCTCGATTCACAATC,chr6_41336280_+,NCR2 (9436),1.0,,True
2121,GACCTGCCCAACTCGGGTG,chrX_53433777_-,HSD17B10 (3028),1.0,,True
2122,GACCTGTGGGCATAACCCT,chr2_219247233_-,STK16 (8576),1.0,,True
2123,GACCTTCGTCTCCAAACTC,chr1_179559701_-,NPHS2 (7827),1.0,,True
2124,GACGAAAGTTACGACGGCG,chr11_101128079_-,PGR (5241),1.0,,True
2125,GACGACGACCCCGAAGACG,chr4_8871454_-,HMX1 (3166),1.0,,True
2126,GACGATGGATCCGGCCTAC,chr6_25726443_+,H2AC1 (221613),1.0,,True
2127,GACGATGGCACAGTTAAGG,chr1_31289255_-,SNRNP40 (9410),1.0,,True
2128,GACGCAGCCTACCAGTGCG,chr11_47343065_-,MYBPC3 (4607),1.0,,True
2129,GACGCATAGACTTCCGACC,chr1_151184491_+,VPS72 (6944),1.0,,True
2130,GACGCCTTTCCCCCGCTGA,chr17_57849333_-,MRPS23 (51649),1.0,,True
2131,GACGCGCACCATTCAGGTA,chr16_85914520_+,IRF8 (3394),1.0,,True
2132,GACGCGGTTGTAGAGCGGG,chr10_35640689_+,FZD8 (8325),1.0,,True
2133,GACGGAAACGAGGTGAAAA,chr5_138171145_-,BRD8 (10902),1.0,,True
2134,GACGGCACCTCGTAGCCTA,chr3_62372630_+,FEZF2 (55079),1.0,,True
2135,GACGGCCATTAGTGTGGAG,chr6_159907339_+,MAS1 (4142),1.0,,True
2136,GACGGTATTGCCAACCCTC,chr2_144429936_-,ZEB2 (9839),1.0,,True
2137,GACGGTTGAGGACTTCAAC,chr11_62776440_+,TAF6L (10629),1.0,,True
2138,GACGTCGATCTCGCATCGG,chr9_136517849_+,NOTCH1 (4851),1.0,,True
2139,GACGTGGTAGTGTGCGACC,chr9_99221551_-,ALG2 (85365),1.0,,True
2140,GACGTGTCCTTATTGAACC,chr14_20556854_-,RNASE9 (390443),1.0,,True
2141,GACGTTCCAAGTGAGGAGG,chr16_69749087_-,NOB1 (28987),1.0,,True
2142,GACTAAATGATTATCCCGC,chr19_46920741_-,ARHGAP35 (2909),1.0,,True
2143,GACTATAGGACTGACTACA,chr1_152356747_+,FLG2 (388698),1.0,,True
2144,GACTATCTTTGCTGTAGGC,chr1_33312056_-,A3GALT2 (127550),1.0,,True
2145,GACTATGGGGTACCTGATG,chr20_35529112_-,C20orf173 (140873),1.0,,True
2146,GACTATGTGCCGAGCGATC,chr20_58909211_+,GNAS (2778),1.0,,True
2147,GACTCCCATCAGGATGGCG,chr1_9019288_+,SLC2A7 (155184),1.0,,True
2148,GACTCCTGCAATGATAAAC,chr11_60523898_-,MS4A13 (503497),1.0,,True
2149,GACTCGGATGACGTGCCCA,chr11_533574_-,HRAS (3265),1.0,,True
2150,GACTCTAGGTCTATCCAGA,chr16_70555058_+,SF3B3 (23450),1.0,,True
2151,GACTGATTCGTCATCCCCC,chr2_161416582_-,TBR1 (10716),1.0,,True
2152,GACTGCGATGCCACGTACA,chr19_8698175_+,ACTL9 (284382),1.0,,True
2153,GACTGCTGATATCCGACAA,chr3_113784330_-,ATP6V1A (523),1.0,,True
2154,GACTGCTTCACAGGCCACG,chr19_48607129_+,SPACA4 (171169),1.0,,True
2155,GACTGGTACGCGGCCGTGC,chr22_42693467_-,A4GALT (53947),1.0,,True
2156,GACTGTGAGACTTACCATA,chr6_41916814_-,MED20 (9477),1.0,,True
2157,GACTTAACTAGCCCATCCA,chr8_10531344_+,PRSS55 (203074),1.0,,True
2158,GACTTCCTGAATAGATGGA,chr3_151744122_+,AADACL2 (344752),1.0,,True
2159,GACTTCTATTGAAGACCGC,chr6_73363610_-,KHDC3L (154288),1.0,,True
2160,GACTTGAAGCGAATACCCA,chr14_21368397_+,SUPT16H (11198),1.0,,True
2161,GACTTGGTCGTATTCGCTG,chr19_3119016_-,GNA11 (2767),1.0,,True
2162,GACTTGGTTGTGAACGCAT,chr10_999036_-,GTPBP4 (23560),1.0,,True
2163,GACTTGTTTCCTTCCTGTG,chr12_11308480_+,PRB4 (5545),1.0,,True
2164,GAGAAAAGTGGTGACTTAT,chr6_126340394_+,CENPW (387103),1.0,,True
2165,GAGAAGCTTCGATGCAACT,chr3_124737973_-,UMPS (7372),1.0,,True
2166,GAGAAGTGAACACTTACGC,chr11_116821842_-,APOA4 (337),1.0,,True
2167,GAGACCCACCAGCCAATAG,chr16_70509355_-,COG4 (25839),1.0,,True
2168,GAGACGATGTATTGGCCGT,chr22_36930767_-,CSF2RB (1439),1.0,,True
2169,GAGACGTACAATGGACACC,chr19_18312665_-,LSM4 (25804),1.0,,True
2170,GAGACGTCCTTCGGCGGGG,chr10_8058532_-,GATA3 (2625),1.0,,True
2171,GAGAGACATTTCGAAACAT,chr2_61496989_+,XPO1 (7514),1.0,,True
2172,GAGAGCCTCTACTCGCAAC,chr5_150521537_+,NDST1 (3340),1.0,,True
2173,GAGAGCTATCCTCGTGGAC,chr4_121820690_-,CCNA2 (890),1.0,,True
2174,GAGAGGATCCGCCCTCGAA,chr19_49497577_-,RPS11 (6205),2.0,,True
2175,GAGAGTGCAGAGGACGAAC,chr2_127853018_-,POLR2D (5433),1.0,,True
2176,GAGAGTTGGGGGACACCGT,chr5_134138083_-,TCF7 (6932),1.0,,True
2177,GAGATACATTGTCCACATG,chr14_70524532_-,ADAM20 (8748),1.0,,True
2178,GAGATCAATGTGGTCGGTC,chr7_143184040_+,TAS2R39 (259285),1.0,,True
2179,GAGATCATATCTATTGGCA,chr2_222642913_+,FARSB (10056),1.0,,True
2180,GAGATCCTGTACTTCGCAC,chr3_113784254_+,ATP6V1A (523),1.0,,True
2181,GAGATCTTCGACCGCTACG,chr19_14518150_-,DNAJB1 (3337),1.0,,True
2182,GAGATGGACCTTCTGCTAC,chrX_64921875_-,ZC4H2 (55906),1.0,,True
2183,GAGATTCCTGATCGCCCTA,chr6_30706098_+,MDC1 (9656),1.0,,True
2184,GAGCAATATCCGTACGCTC,chr10_119065518_+,EIF3A (8661),1.0,,True
2185,GAGCACACGGCGTTCGACA,chr22_42518077_-,RRP7A (27341),1.0,,True
2186,GAGCAGTTGCTACTAATAG,chr2_17738262_-,SMC6 (79677),1.0,,True
2187,GAGCCCATGGAATCGGTCC,chr12_120446816_+,GATC (283459),1.0,,True
2188,GAGCCGCGACCGGCGCAAC,chr19_55659301_+,U2AF2 (11338),1.0,,True
2189,GAGCCGGATCTCAGTAACC,chr16_70539105_-,SF3B3 (23450),1.0,,True
2190,GAGCGAAGCAGTAATCAAG,chr8_54625080_+,RP1 (6101),1.0,,True
2191,GAGCGATGCAGTTGACCGA,chr1_117077972_-,TTF2 (8458),1.0,,True
2192,GAGCGGCCAAAGTTCACGT,chr19_14516827_+,DNAJB1 (3337),1.0,,True
2193,GAGCTAGTCGCCACAAGAG,chr17_78836142_-,USP36 (57602),1.0,,True
2194,GAGCTGAACTACTTTGCAA,chrX_78118121_+,PGK1 (5230),1.0,,True
2195,GAGCTGACAAGCACAAGTG,chr12_57535826_-,DCTN2 (10540),1.0,,True
2196,GAGCTGATGTTTGGGTGCC,chr15_66485125_+,MAP2K1 (5604),2.0,,True
2197,GAGCTGGTCTATTTCGAGA,chr16_70555195_+,SF3B3 (23450),1.0,,True
2198,GAGCTGTACGTACCGCGTC,chr19_10159844_+,DNMT1 (1786),1.0,,True
2199,GAGCTTCCAAAACCCGGGC,chr16_5060414_+,C16orf89 (146556),1.0,,True
2200,GAGGAACCGTAGATGCGGC,chr22_43891750_+,PNPLA5 (150379),1.0,,True
2201,GAGGAGTATAAGTCCAAGT,chr12_52847907_-,KRT78 (196374),1.0,,True
2202,GAGGCGTTTCTATAAGAAT,chr22_39317465_-,RPL3 (6122),1.0,,True
2203,GAGGCTGTCGATATACCCC,chr12_52650446_+,KRT2 (3849),1.0,,True
2204,GAGGGAAATTTTGAGTCAC,chrX_155033426_+,FUNDC2 (65991),2.0,,True
2205,GAGGGACAACATTAGGATC,chr3_53122493_+,RFT1 (91869),1.0,,True
2206,GAGGGGGGGCACCTCGTAC,chr13_27920341_-,PDX1 (3651),1.0,,True
2207,GAGGTGACGGTGCGCGACT,chr9_132583062_-,BARHL1 (56751),1.0,,True
2208,GAGGTTCTGGGACGGTAGC,chr21_30396327_-,KRTAP13-1 (140258),1.0,,True
2209,GAGGTTGGGGTCTATGATG,chr3_187197712_-,RTP1 (132112),1.0,,True
2210,GAGTAAGGATCTTGCGACT,chr6_10410175_+,TFAP2A (7020),1.0,,True
2211,GAGTAATTATATTCCGACT,chr1_179561326_-,NPHS2 (7827),1.0,,True
2212,GAGTACGACCGTGCTGTGA,chr1_21981084_+,CELA3B (23436),1.0,,True
2213,GAGTAGGGGTCGGCCGACT,chr20_56631370_-,TFAP2C (7022),1.0,,True
2214,GAGTAGTGTTCCTGATAAG,chr8_86229729_-,SLC7A13 (157724),1.0,,True
2215,GAGTAGTTGGCAGATCCAC,chr2_177234024_+,NFE2L2 (4780),1.0,,True
2216,GAGTATGACTTTGAACGTG,chrX_101375148_-,BTK (695),1.0,,True
2217,GAGTATGGAAGACTTGCGA,chr2_38314639_-,ATL2 (64225),1.0,,True
2218,GAGTCCATTATGATGCTCC,chr8_38426226_+,FGFR1 (2260),1.0,,True
2219,GAGTCGACCAATGAGAGAT,chr10_102140228_-,PPRC1 (23082),1.0,,True
2220,GAGTGGGCCTCGATTCTAC,chr2_197423898_-,SF3B1 (23451),1.0,,True
2221,GAGTGGGCTCATCTACGAT,chr1_86476480_+,CLCA1 (1179),1.0,,True
2222,GAGTGTCGTCGACCCCAGC,chr20_58854213_-,GNAS (2778),1.0,,True
2223,GAGTTACGCCGAGAGGCTC,chr2_130344664_+,IMP4 (92856),1.0,,True
2224,GAGTTATCGCACAAGTCGA,chr20_58854011_+,GNAS (2778),1.0,,True
2225,GAGTTCTTCATACCCGCCC,chrX_78118167_-,PGK1 (5230),1.0,,True
2226,GAGTTGAGCTGCAGACAGC,chr17_39605980_+,NEUROD2 (4761),1.0,,True
2227,GAGTTGGAAAACTCGCCAA,chr6_7393266_+,RIOK1 (83732),1.0,,True
2228,GATAACCACAGTCAGTGGG,chr19_50770731_-,GPR32 (2854),1.0,,True
2229,GATAAGAAAGAGTTATCCG,chr7_103341840_-,DNAJC2 (27000),1.0,,True
2230,GATAAGACTGCTAAGGCAT,chr7_55143416_-,EGFR (1956),1.0,,True
2231,GATACGCTTCATTCGGTGC,chr2_27232092_-,CAD (790),1.0,,True
2232,GATACTCACTGGGACTAGC,chr3_121570809_-,ARGFX (503582),1.0,,True
2233,GATAGACGCGTGCACCACG,chr20_35284225_+,EIF6 (3692),1.0,,True
2234,GATAGCATAAGTTTTAAAC,chr20_62387877_-,RPS21 (6227),2.0,,True
2235,GATATCACACAATAACTGA,chr6_149745985_+,NUP43 (348995),1.0,,True
2236,GATATGAGATGCCAGTACG,chr17_41487631_-,KRT36 (8689),1.0,,True
2237,GATATTGATACTAGACGCA,chr20_49075332_+,CSE1L (1434),1.0,,True
2238,GATCAACCATTTCAGCAAC,chr12_11091944_-,TAS2R43 (259289),1.0,,True
2239,GATCACTACTGGCAGTGCC,chr1_160211673_+,PEA15 (8682),1.0,,True
2240,GATCACTCGCCGCACCAAC,chr9_101594760_+,PPP3R2 (5535),1.0,,True
2241,GATCAGGGGGAAAAACCAC,chr12_57534037_-,DCTN2 (10540),1.0,,True
2242,GATCATCATCTATTGCACA,chr8_38419673_-,FGFR1 (2260),1.0,,True
2243,GATCCCAAACAGGGGAATC,chr3_128055674_-,SEC61A1 (29927),1.0,,True
2244,GATCCCGTTGTAGCCGGTG,chr22_36933935_-,CSF2RB (1439),1.0,,True
2245,GATCCGACAATGTGGTAGA,chr12_120457105_+,GATC (283459),1.0,,True
2246,GATCCTGAACTCCTTAGCA,chr13_75560825_+,UCHL3 (7347),1.0,,True
2247,GATCGAAGCCCGCTGCAGA,chr1_86486727_-,CLCA1 (1179),1.0,,True
2248,GATCGAGATCTCTTGGCTG,chr22_41636167_+,XRCC6 (2547),2.0,,True
2249,GATCGGTTGGCGGCCCGCA,chr1_43359345_-,CDC20 (991),2.0,,True
2250,GATCTCCTCATAATGCATG,chr12_52570729_+,KRT74 (121391),1.0,,True
2251,GATCTTGCTTCTTTCGGGC,chr19_14516789_+,DNAJB1 (3337),1.0,,True
2252,GATGAATCCTTTGATGAAA,chr2_197523657_+,MOB4 (25843),1.0,,True
2253,GATGACACTGCACCACGTC,chr10_102140591_-,PPRC1 (23082),1.0,,True
2254,GATGACCAGTTTCAGGGAT,chr7_143478420_-,TAS2R41 (259287),1.0,,True
2255,GATGACTCCGATTATCCGG,chr17_67826250_+,BPTF (2186),2.0,,True
2256,GATGAGGCATTTATTGGCA,chr4_67929909_+,TMPRSS11A (339967),1.0,,True
2257,GATGATAGCTAATCCGGAT,chr7_89334611_+,ZNF804B (219578),1.0,,True
2258,GATGATCACGGTTGCGCAC,chr17_45845898_-,SPPL2C (162540),1.0,,True
2259,GATGATGACTATGGACGAT,chr6_116807040_-,GPRC6A (222545),1.0,,True
2260,GATGATGGTTCTCCAGTCC,chr5_146516012_+,GPR151 (134391),1.0,,True
2261,GATGCACCCGACGCGACAG,chr2_199381754_-,SATB2 (23314),1.0,,True
2262,GATGCAGCGGCTCCCTATA,chr6_30160434_-,TRIM10 (10107),1.0,,True
2263,GATGCCACAACGTTCAAAT,chr1_205103921_+,RBBP5 (5929),1.0,,True
2264,GATGCCGAGCCCCACCAAA,chrX_154478331_-,LAGE3 (8270),1.0,,True
2265,GATGCGCCACATGCGGGCC,chr3_51895103_+,IQCF1 (132141),1.0,,True
2266,GATGCTCTTGGTCCCTCCA,chr12_52651942_+,KRT2 (3849),1.0,,True
2267,GATGGAAAACCGGTGAATC,chr7_6391970_+,RAC1 (5879),2.0,,True
2268,GATGGCGCATAGGGCAGAC,chr19_51382530_+,LIM2 (3982),1.0,,True
2269,GATGGCTACATGAACATGC,chr12_95861288_+,SNRPF (6636),1.0,,True
2270,GATGGCTTGCGCTCAAACA,chr5_55786652_+,DDX4 (54514),1.0,,True
2271,GATGGTCACAGGTTGTAAC,chr3_9800205_-,ARPC4 (10093),1.0,,True
2272,GATGGTTGGCGGTTTAGAC,chr1_173837041_+,DARS2 (55157),1.0,,True
2273,GATGTACAGAAAATAGTCG,chr12_122173884_-,IL31 (386653),1.0,,True
2274,GATGTAGAATTCATCTAGA,chr9_21409490_-,IFNA8 (3445),1.0,,True
2275,GATGTAGCGGTCCAATGGC,chr5_150528216_-,NDST1 (3340),1.0,,True
2276,GATGTGCTCAATGTAGGAG,chr1_160213119_-,PEA15 (8682),1.0,,True
2277,GATGTTCCAGATGGCACTC,chr21_34880682_-,RUNX1 (861),1.0,,True
2278,GATTACAAGGGAGATGCCG,chr14_94467211_-,SERPINA9 (327657),1.0,,True
2279,GATTACTGCCGCCGGATCC,chr10_117137827_-,VAX1 (11023),1.0,,True
2280,GATTAGGTAGTTCAGCTAC,chr14_45237711_-,MIS18BP1 (55320),1.0,,True
2281,GATTATTAATTGCTATAGC,chr4_70249114_-,CSN3 (1448),1.0,,True
2282,GATTCGACTGCATGCTACA,chr12_10809427_-,TAS2R9 (50835),1.0,,True
2283,GATTCTCCTCATTTGTGCC,chr9_21350762_+,IFNA6 (3443),1.0,,True
2284,GATTCTTCGCATTTGTGCC,chr9_21409301_-,IFNA8 (3445),1.0,,True
2285,GATTGCCCGGATTGTGGCC,chr17_42345615_-,STAT3 (6774),1.0,,True
2286,GATTGCGCTGAACGTGGAC,chr16_22309002_+,POLR3E (55718),1.0,,True
2287,GATTTCCACGAGGGACAAA,chr11_244172_-,PSMD13 (5719),1.0,,True
2288,GATTTGCTCCGATGCAGCG,chr12_117761074_+,KSR2 (283455),1.0,,True
2289,GATTTGGAGATGACATTCC,chr12_14979193_+,PDE6H (5149),1.0,,True
2290,GATTTTCAAATATCGATCC,chr6_47791940_-,OPN5 (221391),1.0,,True
2291,GCAAAATATCCTTGGAAGA,chr8_86229643_+,SLC7A13 (157724),1.0,,True
2292,GCAAAGAACCCTTCCGTCC,chr6_30160664_-,TRIM10 (10107),1.0,,True
2293,GCAAATAAAACCGGACTGA,chr7_55143458_+,EGFR (1956),1.0,,True
2294,GCAAATCCCCATCGTGCAC,chr6_159907060_+,MAS1 (4142),1.0,,True
2295,GCAACAGCGGTCACTCAAC,chr3_151745675_+,AADACL2 (344752),1.0,,True
2296,GCAACAGCGTTATTGCAAC,chr7_97181033_+,SDHAF3 (57001),1.0,,True
2297,GCAACATGAAATCCAGAAT,chr13_21521318_+,MICU2 (221154),1.0,,True
2298,GCAACTCGCCGTACATCGT,chr19_4110569_-,MAP2K2 (5605),1.0,,True
2299,GCAAGAACCATTTTGCGGC,chr3_169116570_-,MECOM (2122),1.0,,True
2300,GCAAGATCTCAGTCAGAGT,chr4_145064608_-,ANAPC10 (10393),1.0,,True
2301,GCAAGTCGACAGGATAGAC,chr7_44207423_+,YKT6 (10652),1.0,,True
2302,GCAATAAGGACTGCCCGAC,chr19_49004364_-,RUVBL2 (10856),1.0,,True
2303,GCAATCTGCTCTCGGGTGA,chr7_27245191_-,EVX1 (2128),1.0,,True
2304,GCAATGTGCGGCAAACAAA,chr20_145519_+,DEFB126 (81623),1.0,,True
2305,GCACAAAAGGCTTGACGCT,chr11_12881896_-,TEAD1 (7003),1.0,,True
2306,GCACACTTCTTAGGAGATC,chr11_114400031_+,C11orf71 (54494),1.0,,True
2307,GCACATCGCTCTAAAATCA,chr6_112349839_-,RFPL4B (442247),1.0,,True
2308,GCACCCAAAGGCTCACCTG,chr16_58392787_-,GINS3 (64785),1.0,,True
2309,GCACCGAGCCCAATGGAGA,chr2_79157681_-,REG3A (5068),1.0,,True
2310,GCACCGATTATACCCGTGG,chr3_128262153_+,EEFSEC (60678),1.0,,True
2311,GCACCTCAAGGATCGGGTA,chr11_62778335_+,TAF6L (10629),1.0,,True
2312,GCACGAGGCGTACAGCTGG,chr10_123666859_-,GPR26 (2849),1.0,,True
2313,GCACGCCCACCTGGACATC,chr6_34540996_-,SPDEF (25803),1.0,,True
2314,GCACGCGTATAACACTGCA,chrX_71557031_-,OGT (8473),1.0,,True
2315,GCACGGTGCTCACCACGTC,chr19_38921529_+,SARS2 (54938),1.0,,True
2316,GCACGGTTTACACAGCGTG,chr3_196503072_+,RNF168 (165918),1.0,,True
2317,GCACGTGTATTGTAGACGT,chr3_53876010_-,ACTR8 (93973),1.0,,True
2318,GCACTCTGCTGTGTCGCCC,chr13_27792999_+,GSX1 (219409),1.0,,True
2319,GCACTGGATTGGACTAAGC,chr12_9916755_-,CLEC2A (387836),1.0,,True
2320,GCACTTTTGGCAAAGAAGG,chr6_42880961_+,RPL7L1 (285855),1.0,,True
2321,GCAGAAGCGGCGACGCAAC,chrX_71126064_+,MED12 (9968),1.0,,True
2322,GCAGACCGGCACTCGCTCA,chr19_17842476_-,JAK3 (3718),1.0,,True
2323,GCAGACGGAACTGAACTCA,chr4_119320674_-,FABP2 (2169),1.0,,True
2324,GCAGACGGTTCACAGACAA,chr7_102913161_-,FBXL13 (222235),1.0,,True
2325,GCAGATCCGGGAATGGGTC,chr19_51030919_+,KLK12 (43849),1.0,,True
2326,GCAGATGGGACTTCGGAGT,chr12_4276088_-,CCND2 (894),1.0,,True
2327,GCAGATTATTGACAGAGAT,chr20_37733043_+,CTNNBL1 (56259),1.0,,True
2328,GCAGCAGACTCTACGGAAC,chr3_138131048_+,A4GNT (51146),1.0,,True
2329,GCAGCAGCCACGAGTACGC,chr8_70069498_-,PRDM14 (63978),1.0,,True
2330,GCAGCCTACGCAGTCAAGG,chr12_52571429_-,KRT74 (121391),1.0,,True
2331,GCAGCCTTTTCATATCCAA,chr3_138130899_+,A4GNT (51146),1.0,,True
2332,GCAGCGCCCGACGCTGAGA,chr10_117137902_+,VAX1 (11023),1.0,,True
2333,GCAGCGCGCTGGTACCCAC,chr4_8871262_-,HMX1 (3166),1.0,,True
2334,GCAGCGGGTTCAACGTACA,chrX_151648658_-,PASD1 (139135),1.0,,True
2335,GCAGCGTCGCGGTGCATCA,chr10_21534799_+,MLLT10 (8028),1.0,,True
2336,GCAGCTACCCAGGGACCGA,chr16_30398052_+,ZNF48 (197407),1.0,,True
2337,GCAGGAAACAATGCAAAGA,chr20_31372914_+,DEFB118 (117285),1.0,,True
2338,GCAGGAAACTCCACTAAAG,chr14_44506011_+,FSCB (84075),1.0,,True
2339,GCAGGAGCGCATTGATGGA,chr20_44413761_-,HNF4A (3172),1.0,,True
2340,GCAGGAGGACGGTCTGCCT,chr3_108756530_+,RETNLB (84666),1.0,,True
2341,GCAGGAGTAGTTATAGCCT,chr17_17262105_+,COPS3 (8533),1.0,,True
2342,GCAGGCACAGAACCGACTA,chr2_231460281_-,NCL (4691),1.0,,True
2343,GCAGGGCATCGTCTGAGTC,chr1_151266309_-,PSMD4 (5710),1.0,,True
2344,GCAGTAAACGCTCTCCCCT,chr9_136200614_+,LHX3 (8022),1.0,,True
2345,GCAGTAGCGGCCATAGACG,chr19_6826620_-,VAV1 (7409),1.0,,True
2346,GCAGTATAACCTGCGACTG,chr1_173833447_+,DARS2 (55157),1.0,,True
2347,GCAGTCTCTACGAGAAGAA,chr6_41336186_+,NCR2 (9436),1.0,,True
2348,GCAGTGGGGACAGCGCGCT,chr10_97319867_-,FRAT1 (10023),1.0,,True
2349,GCAGTGGGTCTCGAGAGAC,chr6_34544337_-,SPDEF (25803),1.0,,True
2350,GCATACAAGTGCCACACGT,chr14_74357300_-,VRTN (55237),1.0,,True
2351,GCATACCTCCATTAATGCC,chr17_32360907_+,ZNF207 (7756),1.0,,True
2352,GCATCAAGATTCGCCGGCC,chr11_83168538_+,PCF11 (51585),1.0,,True
2353,GCATCACACACACCATGCG,chr8_142917192_+,CYP11B2 (1585),1.0,,True
2354,GCATCATATGAGCCAAAAT,chr5_55787866_-,DDX4 (54514),1.0,,True
2355,GCATCATTTCTAGAAGTAC,chr5_62487833_-,IPO11 (51194),1.0,,True
2356,GCATCCTGATATGAAGAAA,chr7_56058044_+,CCT6A (908),2.0,,True
2357,GCATCGAAGACACGCAGCG,chr10_43106394_-,RET (5979),1.0,,True
2358,GCATGATTATGGCAACAAT,chr2_17714987_+,SMC6 (79677),1.0,,True
2359,GCATGCCTGGCATAACTGG,chr17_32360944_-,ZNF207 (7756),1.0,,True
2360,GCATGTCCGCGACTTCAGG,chr12_78050885_+,NAV3 (89795),1.0,,True
2361,GCATTACCGTAGGGCCCTC,chr16_56831890_+,NUP93 (9688),1.0,,True
2362,GCATTATTGGTTCTGGACA,chr6_7403965_-,RIOK1 (83732),1.0,,True
2363,GCCAAATTTAAGGCACCTC,chr11_62192154_+,SCGB1D1 (10648),1.0,,True
2364,GCCAACAACACCAGAGTAC,chr9_104098506_+,SMC2 (10592),1.0,,True
2365,GCCAATAGTACTAAAGAGG,chr2_45599480_-,SRBD1 (55133),1.0,,True
2366,GCCACACCAGGCAAAGCAT,chr2_231461803_-,NCL (4691),1.0,,True
2367,GCCACATGATGGTCATAGA,chrX_14020320_+,GEMIN8 (54960),2.0,,True
2368,GCCACCAGGACATCCGAGA,chr7_155071152_-,HTR5A (3361),1.0,,True
2369,GCCACGAGGATTAGCGGGT,chr11_92981506_-,MTNR1B (4544),1.0,,True
2370,GCCACTCACCATCCGGGAA,chr19_48617322_+,RPL18 (6141),1.0,,True
2371,GCCACTCACGTGCGGCGGA,chr11_47347863_+,MYBPC3 (4607),1.0,,True
2372,GCCAGAATCCTTTTAATAC,chr14_70523792_-,ADAM20 (8748),1.0,,True
2373,GCCATCCTGCTTTTCGGCG,chr17_10825440_-,PIRT (644139),1.0,,True
2374,GCCATCGATTTAGTAAAGC,chr18_31890744_-,TRAPPC8 (22878),1.0,,True
2375,GCCATCTTCTATGACGGCT,chr11_92981536_+,MTNR1B (4544),1.0,,True
2376,GCCATGAGTAGCGACCGCA,chr17_17137939_+,MPRIP (23164),2.0,,True
2377,GCCATTCAAGTGCTCAACC,chr1_158182202_+,CD1D (912),1.0,,True
2378,GCCATTCAGCGCTGACGTA,chr12_13611833_-,GRIN2B (2904),1.0,,True
2379,GCCATTTGCTACTACCGAA,chr1_179557178_-,NPHS2 (7827),1.0,,True
2380,GCCCAAGCAGTCTCGACCT,chr19_18920580_-,DDX49 (54555),1.0,,True
2381,GCCCACAGGGAGGCGTCAT,chr11_102205971_+,YAP1 (10413),1.0,,True
2382,GCCCACTCCTTCCGGGAGA,chr3_51895143_+,IQCF1 (132141),1.0,,True
2383,GCCCAGAGAGTATGCATGA,chr12_7770220_-,NANOGNB (360030),1.0,,True
2384,GCCCAGGCAGTACCGCCAC,chr19_51387315_+,LIM2 (3982),1.0,,True
2385,GCCCAGTCCTTGTACATGG,chr11_62983992_-,SLC22A6 (9356),1.0,,True
2386,GCCCATCGACAGAGTGCCA,chr12_53315387_+,AAAS (8086),1.0,,True
2387,GCCCATCGATCCAGAAGCA,chrX_101362645_+,BTK (695),1.0,,True
2388,GCCCCACTTTGGGTAAACT,chr1_158182181_+,CD1D (912),1.0,,True
2389,GCCCCCACAAAAAGACGAA,chrX_55624062_+,FOXR2 (139628),1.0,,True
2390,GCCCCCGCGCTTGGAAGAT,chr17_5468631_+,DHX33 (56919),1.0,,True
2391,GCCCCGAGGCGCGGTACAA,chr4_127730733_+,SLC25A31 (83447),1.0,,True
2392,GCCCCTATACAAGGACAGT,chr3_53879965_-,ACTR8 (93973),1.0,,True
2393,GCCCGCAAGATTGCCGAGA,chr20_63661415_+,RTEL1 (51750),1.0,,True
2394,GCCCTACCAGCGTGAGCTG,chr21_30319931_-,KRTAP26-1 (388818),1.0,,True
2395,GCCCTCACCCTCAACGGCG,chr6_28510843_-,GPX6 (257202),1.0,,True
2396,GCCCTTCCATATCTTGACG,chr17_17264935_-,COPS3 (8533),1.0,,True
2397,GCCGAACCTGAGATCGACG,chr4_40438187_-,RBM47 (54502),1.0,,True
2398,GCCGAACTTCACTACATGG,chr10_43111393_+,RET (5979),1.0,,True
2399,GCCGAAGGGGCGGCCGATA,chr14_103530127_-,TRMT61A (115708),1.0,,True
2400,GCCGCACGTATTCCGGTAA,chr16_69754612_+,NOB1 (28987),1.0,,True
2401,GCCGCCCCTTTGAGGAAAA,chr14_68790175_-,ZFP36L1 (677),1.0,,True
2402,GCCGCGTCCAGTCAAGGTA,chrX_155027071_+,FUNDC2 (65991),1.0,,True
2403,GCCGCTCGTTGGAACTCCA,chr9_130854132_+,ABL1 (25),1.0,,True
2404,GCCGCTGGAAGGATTCCCG,chr19_47802829_+,TPRX1 (284355),1.0,,True
2405,GCCGCTTGTCCGGCGACGA,chr17_37744654_-,HNF1B (6928),1.0,,True
2406,GCCGGACTCCGCAACGTAG,chr1_15462777_-,CELA2A (63036),1.0,,True
2407,GCCGGCACGGACCCGACAG,chr10_97319945_-,FRAT1 (10023),1.0,,True
2408,GCCGGTGTCCTTACAGTAC,chr3_109054747_+,MORC1 (27136),1.0,,True
2409,GCCGTGCGGTAAGAAGCTA,chrX_71557222_-,OGT (8473),1.0,,True
2410,GCCTACAAGTGCTTCTACC,chr4_55118648_-,KDR (3791),1.0,,True
2411,GCCTACCACATGACGGCGG,chr14_36519143_-,NKX2-1 (7080),1.0,,True
2412,GCCTAGAGGATACCCAAAA,chr7_25227011_-,NPVF (64111),1.0,,True
2413,GCCTCTGCCACTTCCAAAC,chr6_55351276_-,GFRAL (389400),1.0,,True
2414,GCCTGAAATCGCATGGTGC,chr8_70069201_+,PRDM14 (63978),1.0,,True
2415,GCCTGAAGCATGCAATTCC,chr3_187197769_-,RTP1 (132112),1.0,,True
2416,GCCTGCAAACTGCTTGAAT,chr6_28510824_+,GPX6 (257202),1.0,,True
2417,GCCTGCTCTTCAGATGCGG,chr19_8843060_+,MBD3L1 (85509),1.0,,True
2418,GCCTGTGCAAATTCAGAAG,chr7_128335851_-,RBM28 (55131),1.0,,True
2419,GCCTTCCCATTGATAGACA,chr12_64744873_+,GNS (2799),1.0,,True
2420,GCCTTGAATTTCCCCTACG,chr22_20086678_+,DGCR8 (54487),1.0,,True
2421,GCCTTGTATGTTAATCCAC,chr3_53877371_-,ACTR8 (93973),1.0,,True
2422,GCGACGTGATCCTGATCCA,chr17_67726600_-,NOL11 (25926),1.0,,True
2423,GCGACTGTGATCATCATAG,chr5_158796406_-,EBF1 (1879),1.0,,True
2424,GCGAGAGCTTTTACGGCAT,chr5_140702043_+,ZMAT2 (153527),1.0,,True
2425,GCGAGATCCAATGTAAACG,chr19_46919378_+,ARHGAP35 (2909),1.0,,True
2426,GCGAGGAGGCCCACCTTGC,chr10_49679792_-,C10orf53 (282966),1.0,,True
2427,GCGAGGTGGCTTCCGTAGA,chr12_117555238_+,KSR2 (283455),1.0,,True
2428,GCGAGTGATGGGCTTGAAA,chr11_59806719_+,MRPL16 (54948),1.0,,True
2429,GCGATGCAGATGTCGCGCC,chr1_18854781_+,TAS1R2 (80834),1.0,,True
2430,GCGCAAGCTGCCCCAGCAG,chr12_4278855_+,CCND2 (894),1.0,,True
2431,GCGCACACTGACGTCTTGG,chr22_19806732_+,GNB1L (54584),1.0,,True
2432,GCGCAGGGGACTACGGGAA,chr14_23321609_+,PABPN1 (8106),1.0,,True
2433,GCGCCACATCAAACGGCAA,chr15_63675053_+,HERC1 (8925),1.0,,True
2434,GCGCCGCAACCGGTTCAAA,chr17_37733657_-,HNF1B (6928),1.0,,True
2435,GCGCCGCCTCCGCTACAAG,chr20_63308068_+,COL20A1 (57642),1.0,,True
2436,GCGCCTCCCGCTCTACAGT,chr16_28495149_-,APOBR (55911),1.0,,True
2437,GCGCCTTCTCGGAGCGCCA,chr3_129121352_-,RAB43 (339122),2.0,,True
2438,GCGCGCATACTCGTACAGG,chr19_38930605_+,SARS2 (54938),1.0,,True
2439,GCGCGGCCACTCACCGATG,chr17_5468572_+,DHX33 (56919),1.0,,True
2440,GCGCGTGGTACTGCATACG,chr16_5071993_-,ALG1 (56052),1.0,,True
2441,GCGCTCATCGCCATGGCTC,chr1_47416562_+,FOXE3 (2301),1.0,,True
2442,GCGCTCGAGCTAAACTGCG,chr3_137765211_-,SOX14 (8403),1.0,,True
2443,GCGCTCTCGCGGATCGCCA,chr3_138946526_+,FOXL2 (668),1.0,,True
2444,GCGCTTGACACCGCCATGC,chr6_26246855_+,H4C7 (8369),1.0,,True
2445,GCGGAACGTGATCAGCGAG,chr9_135699008_-,SOHLH1 (402381),1.0,,True
2446,GCGGACTCTTCCACCCCGG,chr3_128485797_-,GATA2 (2624),1.0,,True
2447,GCGGCCACCTCTTCCCGTC,chr3_62372293_-,FEZF2 (55079),1.0,,True
2448,GCGGCCGATCTTTCCGCCC,chr1_54200471_+,MRPL37 (51253),1.0,,True
2449,GCGGCCTCACTTACTGGCG,chr14_36518986_+,NKX2-1 (7080),1.0,,True
2450,GCGGCGACACGACAGACAT,chr2_211679114_+,ERBB4 (2066),1.0,,True
2451,GCGGCGACTTTGACTACCC,chr19_33302091_-,CEBPA (1050),1.0,,True
2452,GCGGCGAGGTCCTGGCGAC,chr18_63318468_+,BCL2 (596),1.0,,True
2453,GCGGCGTTGAACTCGTAGG,chr6_151808090_-,ESR1 (2099),1.0,,True
2454,GCGGCTCACGGCGACAGGA,chr13_98176998_-,RNF113B (140432),1.0,,True
2455,GCGGCTCCAAAGTGGCGGG,chr6_21595145_+,SOX4 (6659),1.0,,True
2456,GCGGGACAAGCGCGACGCC,chr19_3094756_+,GNA11 (2767),1.0,,True
2457,GCGGGAGTTTTATAATGCC,chr1_37540533_-,SNIP1 (79753),1.0,,True
2458,GCGGGATGACTTTATCACC,chr4_99316300_+,ADH1B (125),1.0,,True
2459,GCGGTAGTAGGCATGGTAA,chr22_30346435_+,SF3A1 (10291),1.0,,True
2460,GCGGTGGCCCTTGAAACAA,chr18_46118294_+,HAUS1 (115106),2.0,,True
2461,GCGTAAATTCTCCAGAGGC,chr2_211947557_+,ERBB4 (2066),1.0,,True
2462,GCGTACGCGCCGTCCAACC,chr14_37592344_-,FOXA1 (3169),1.0,,True
2463,GCGTAGTGAGCAGTAAATG,chr11_63373730_-,SLC22A9 (114571),1.0,,True
2464,GCGTATCCCAAACTCGTGC,chr16_24906743_+,SLC5A11 (115584),1.0,,True
2465,GCGTCCGATCCTTTGGAAC,chr1_1564886_-,SSU72 (29101),1.0,,True
2466,GCGTCCGCTATATTGAGGT,chr16_68232371_-,ESRP2 (80004),1.0,,True
2467,GCGTCGGATTCTTTCTAGA,chr18_50262178_+,CFAP53 (220136),1.0,,True
2468,GCGTCTCATACAAACCATG,chr17_43490429_+,DHX8 (1659),1.0,,True
2469,GCGTGCGAGCTATGCGGGA,chr1_182057157_-,ZNF648 (127665),1.0,,True
2470,GCGTGGCCCCCCGACAAGG,chr10_8058484_-,GATA3 (2625),1.0,,True
2471,GCGTGGCCGAGCTCGCCAC,chr10_97319854_+,FRAT1 (10023),1.0,,True
2472,GCGTTACGCGGCGTGCGCA,chr22_37824763_-,GALR3 (8484),1.0,,True
2473,GCGTTATCTCATGCGAGTC,chr5_37437945_-,WDR70 (55100),1.0,,True
2474,GCGTTATGTGTCCGGAAAA,chr15_43817401_-,MFAP1 (4236),1.0,,True
2475,GCGTTGCTGCCTTCGTCGC,chr10_102140781_-,PPRC1 (23082),1.0,,True
2476,GCGTTTATGCAGATACCCA,chr3_158649078_+,GFM1 (85476),1.0,,True
2477,GCGTTTGCTCAGACGAGAG,chr10_21534736_+,MLLT10 (8028),1.0,,True
2478,GCTAAAGAACCATTCCGGC,chr5_146515601_+,GPR151 (134391),1.0,,True
2479,GCTAACATCCAGTCAATCA,chr4_55870693_+,EXOC1 (55763),1.0,,True
2480,GCTAAGCACTTTCTCGGGA,chr1_54205069_-,MRPL37 (51253),1.0,,True
2481,GCTAAGGATCTCCCGGAAT,chr5_151859810_-,GLRA1 (2741),1.0,,True
2482,GCTAATGGTGCATGCGTCG,chr5_63961165_+,HTR1A (3350),1.0,,True
2483,GCTACATTTGTGGAGCTCC,chr3_151817381_+,AADAC (13),1.0,,True
2484,GCTACCAGCGCCGACACTA,chr1_236596906_+,HEATR1 (55127),1.0,,True
2485,GCTACCCAACAGATTCCTA,chr15_31070079_-,TRPM1 (4308),1.0,,True
2486,GCTACCCACAGACGAGTAC,chr22_39529912_-,RPS19BP1 (91582),1.0,,True
2487,GCTAGACTGCTGGTAGCAT,chr21_44637638_-,KRTAP10-10 (353333),1.0,,True
2488,GCTAGGAGACGCTTCATAG,chr1_179557100_+,NPHS2 (7827),1.0,,True
2489,GCTATAAGGCCTGAGCTAA,chr5_71491010_+,BDP1 (55814),1.0,,True
2490,GCTATCAAAGCTCGAGTCA,chr14_23322205_+,PABPN1 (8106),1.0,,True
2491,GCTATCTGGTATCTGTAGA,chr12_95861271_+,SNRPF (6636),1.0,,True
2492,GCTATGCTAGAAGCCCAGC,chr22_19435768_+,MRPL40 (64976),1.0,,True
2493,GCTCAAGTTACGTGCAGAA,chr19_4422604_+,CHAF1A (10036),1.0,,True
2494,GCTCACACGCATCGACCGC,chr2_27232078_+,CAD (790),1.0,,True
2495,GCTCACATCGTAGCCCACT,chr17_74941952_-,OTOP3 (347741),1.0,,True
2496,GCTCACCCAGTGACAACTC,chr14_104775703_-,AKT1 (207),1.0,,True
2497,GCTCAGCATACGTTGGTAC,chr3_63838487_+,THOC7 (80145),1.0,,True
2498,GCTCATGAACGTTCAAAGA,chr5_74769036_+,NSA2 (10412),3.0,,True
2499,GCTCCACCGAAATCGACTG,chr5_71456043_-,BDP1 (55814),1.0,,True
2500,GCTCCACTACGTACCTGCG,chr5_146339230_-,POU4F3 (5459),1.0,,True
2501,GCTCCAGGACATCATGAGC,chr20_37256407_-,GHRH (2691),1.0,,True
2502,GCTCCCAAGCCCAAAACGT,chr7_76480667_-,DTX2 (113878),2.0,,True
2503,GCTCCGTCCGCAGTAACGA,chr2_182866092_+,FRZB (2487),1.0,,True
2504,GCTCGAATTGCCCAGCTGA,chr7_127614968_-,PAX4 (5078),1.0,,True
2505,GCTCGACATCGAAAAATAG,chr15_43815054_-,MFAP1 (4236),1.0,,True
2506,GCTCGCCCGCTGCACAGTG,chr19_50771061_-,GPR32 (2854),1.0,,True
2507,GCTCGGTTCCAGTTCACGG,chr8_70069268_-,PRDM14 (63978),1.0,,True
2508,GCTCTAACACTTTTGCTAC,chr21_33550119_-,SON (6651),1.0,,True
2509,GCTCTCATTGGGAACGTCC,chr6_55174804_+,HCRTR2 (3062),1.0,,True
2510,GCTCTCTACTTTTATGAAC,chr17_17264806_-,COPS3 (8533),1.0,,True
2511,GCTCTGGCACTGGACCGCC,chr1_153261413_-,LORICRIN (4014),1.0,,True
2512,GCTCTTCTCTGCAACACCT,chr19_41391961_+,EXOSC5 (56915),1.0,,True
2513,GCTGACTATGTCCCGCCAC,chr7_55146672_-,EGFR (1956),1.0,,True
2514,GCTGACTTGGAGCTAGATG,chrX_54443414_+,TSR2 (90121),1.0,,True
2515,GCTGCATCTGCACCAATGC,chr1_43386877_+,MED8 (112950),1.0,,True
2516,GCTGCCAAGCCTCAATAGG,chr6_28510777_+,GPX6 (257202),1.0,,True
2517,GCTGCGGTGATCGAGCACC,chr12_120446690_+,GATC (283459),1.0,,True
2518,GCTGCTCTCTGGACATGAA,chr1_31293294_-,SNRNP40 (9410),2.0,,True
2519,GCTGCTTACGCCAATAAGG,chr12_52548771_-,KRT71 (112802),1.0,,True
2520,GCTGGAGGCCATCTTTGGC,chr19_4099282_-,MAP2K2 (5605),3.0,,True
2521,GCTGGATATTGTATGACAC,chr1_115033519_+,TSHB (7252),1.0,,True
2522,GCTGGCCCTACCATGATCG,chr4_39463600_-,LIAS (11019),1.0,,True
2523,GCTGGCGCTGAGTACGTCG,chr12_6536966_+,GAPDH (2597),2.0,,True
2524,GCTGGCTACACTGATAAGG,chr1_8865434_-,ENO1 (2023),2.0,,True
2525,GCTGGCTGTGTCGCCTGTC,chr9_133460164_+,CACFD1 (11094),1.0,,True
2526,GCTGGTATTTCTGTAACAC,chr17_34361826_+,CCL1 (6346),1.0,,True
2527,GCTGGTTGATAGCTGCGGC,chr1_9022922_-,SLC2A7 (155184),1.0,,True
2528,GCTGTAAAGCTCATTGACA,chr11_85898965_+,CCDC83 (220047),1.0,,True
2529,GCTGTACACGTCCGGGTAG,chr18_59272424_+,RAX (30062),1.0,,True
2530,GCTGTACGCATATCCAATG,chr12_8838391_-,A2ML1 (144568),1.0,,True
2531,GCTGTACTAACCCATGAGA,chr4_188140597_+,TRIML1 (339976),1.0,,True
2532,GCTGTCAACTATGCCCCCT,chr17_48728445_-,HOXB13 (10481),1.0,,True
2533,GCTGTTCATTTTGAGGAGG,chr4_73487043_+,AFM (173),1.0,,True
2534,GCTGTTGGTGAACACGCGC,chr19_13099706_+,LYL1 (4066),1.0,,True
2535,GCTTAAACACTATAACCCT,chr3_48691379_-,IP6K2 (51447),1.0,,True
2536,GCTTAATTCCGTAAAAGTA,chr10_7775788_+,KIN (22944),1.0,,True
2537,GCTTACACTGAAGTCCAGT,chr20_33036526_-,BPIFB6 (128859),1.0,,True
2538,GCTTACCAGGCACTCACTG,chr2_232458267_+,ALPI (248),1.0,,True
2539,GCTTACGATGGTTTTACAC,chr3_138714675_+,PIK3CB (5291),1.0,,True
2540,GCTTATCCCAACGTGACAA,chr11_20614756_+,SLC6A5 (9152),1.0,,True
2541,GCTTCATGGATCCCTACCC,chr10_8058345_+,GATA3 (2625),1.0,,True
2542,GCTTCGATCTCTCGGTGCA,chr17_74943676_-,OTOP3 (347741),1.0,,True
2543,GCTTCTTGCTTATAGGAGA,chr3_108756574_+,RETNLB (84666),1.0,,True
2544,GCTTGAATCGGTCACTGCA,chr1_68439592_+,RPE65 (6121),1.0,,True
2545,GCTTGACGTTGTTGAAGAG,chr17_42773856_-,VPS25 (84313),1.0,,True
2546,GCTTGGGTCTGACACTCCG,chr6_37446400_+,CMTR1 (23070),1.0,,True
2547,GCTTGGTCTCCGCTTCAAC,chr19_13100697_+,LYL1 (4066),1.0,,True
2548,GCTTGTATAGGAAATAGGA,chr10_68963308_-,DDX21 (9188),1.0,,True
2549,GCTTGTGCAAAACCAACTG,chr3_62372479_-,FEZF2 (55079),1.0,,True
2550,GCTTTCACTGTCGTTGAAG,chr15_34910236_-,AQR (9716),1.0,,True
2551,GCTTTGTCCGCTTGAAATG,chr12_57769642_+,METTL1 (4234),1.0,,True
2552,GGAAAACTCACACCCGGTC,chr4_1723850_+,TACC3 (10460),1.0,,True
2553,GGAACGTGTACGTCAAGGT,chr21_43095438_-,U2AF1 (7307),2.0,,True
2554,GGAACTTACCAACAAGCTG,chr9_113284382_-,PRPF4 (9128),1.0,,True
2555,GGAACTTTGCACCCATCCC,chr1_42163509_-,GUCA2A (2980),1.0,,True
2556,GGAAGAAAGCGCCAAGGCG,chr16_58392727_-,GINS3 (64785),1.0,,True
2557,GGAAGAGGATGACCACGTA,chr3_187199593_-,RTP1 (132112),1.0,,True
2558,GGAAGAGTGTTCTCGGCAA,chr2_95117869_-,MRPS5 (64969),1.0,,True
2559,GGAAGCGAACGCGCGCGAG,chr7_31338962_-,NEUROD6 (63974),1.0,,True
2560,GGAAGGCCAGTTTACTAAC,chr10_27046418_-,ANKRD26 (22852),1.0,,True
2561,GGAAGTTCCCTCCAACGCT,chr10_58388228_-,TFAM (7019),1.0,,True
2562,GGAATCTCATGAGGACGAT,chr19_48040666_-,CABP5 (56344),1.0,,True
2563,GGAATCTCCTTATGGAGTC,chr9_113283417_-,PRPF4 (9128),1.0,,True
2564,GGAATGCGTCTTGTACCAT,chr3_53878388_+,ACTR8 (93973),1.0,,True
2565,GGACAAGTGTTGGTAGGAA,chr11_111308220_-,POU2AF3 (120376),1.0,,True
2566,GGACAGCGCACTACGACCC,chr9_99221730_-,ALG2 (85365),1.0,,True
2567,GGACCAAATAGCTTGAAGG,chr9_113283171_+,PRPF4 (9128),1.0,,True
2568,GGACCAGTACATGAGGACT,chr12_25227304_-,KRAS (3845),2.0,,True
2569,GGACCATACACATCCCATA,chr18_41962562_-,PIK3C3 (5289),1.0,,True
2570,GGACCGGATCAGCACTCGA,chr20_44413725_+,HNF4A (3172),1.0,,True
2571,GGACCTTCCACTGAAGCTA,chr11_59807735_-,MRPL16 (54948),1.0,,True
2572,GGACGAGACACCAAAAGGC,chr10_7778990_-,KIN (22944),1.0,,True
2573,GGACGATACTCACTCCGGC,chr1_70221836_-,SRSF11 (9295),1.0,,True
2574,GGACGCATACTGTCGCAAC,chr14_102001009_-,DYNC1H1 (1778),1.0,,True
2575,GGACGCTTTGCCACGGTGG,chr18_63318269_-,BCL2 (596),1.0,,True
2576,GGACGGGGACAAGTTCTGG,chr19_18309846_-,LSM4 (25804),1.0,,True
2577,GGACTAAGAGATACCTACA,chr2_168889413_-,SPC25 (57405),1.0,,True
2578,GGACTACACGAGACAAGAT,chr19_7504158_+,SAXO5 (374877),1.0,,True
2579,GGACTCCACATAGGATGTC,chr21_30396289_-,KRTAP13-1 (140258),1.0,,True
2580,GGACTCGCACATCGAGTCA,chr2_86054158_+,POLR1A (25885),1.0,,True
2581,GGACTGACTTCCGGCGGTG,chr5_177387873_+,SLC34A1 (6569),1.0,,True
2582,GGACTTAACGTATTTCTTG,chr5_112864523_+,SRP19 (6728),2.0,,True
2583,GGAGAACGCCTTTAAGCGC,chr19_10154316_-,DNMT1 (1786),1.0,,True
2584,GGAGACCCCCAATTCGGCG,chr8_54621111_+,RP1 (6101),1.0,,True
2585,GGAGACCTAAGCTAAAGGC,chr11_5509165_+,UBQLN3 (50613),1.0,,True
2586,GGAGACTCAGCCTGAGAAA,chr15_31070123_-,TRPM1 (4308),1.0,,True
2587,GGAGACTTCTTTATAAGAC,chr1_211787636_-,LPGAT1 (9926),1.0,,True
2588,GGAGATCAAACCCGCAATC,chr15_66436772_+,MAP2K1 (5604),1.0,,True
2589,GGAGCAAAGGTCTTGTAGA,chr14_20556659_-,RNASE9 (390443),1.0,,True
2590,GGAGCAAGAGATTCCCCTG,chr17_34361843_-,CCL1 (6346),1.0,,True
2591,GGAGCATTTGCCTTCGGGG,chr6_132617676_-,TAAR2 (9287),1.0,,True
2592,GGAGCCCTCTTACCCAGAT,chr1_154929026_+,PMVK (10654),1.0,,True
2593,GGAGCCGTTCATCTCATGG,chr15_70057588_+,TLE3 (7090),1.0,,True
2594,GGAGCCTCCCCAATATCAA,chr12_123586897_-,TMED2 (10959),1.0,,True
2595,GGAGCGCTTACCGTGCGGT,chr4_17811183_-,NCAPG (64151),1.0,,True
2596,GGAGCGTCAAGTACTCCGG,chr1_153261221_+,LORICRIN (4014),1.0,,True
2597,GGAGCTTATGTACACAACG,chr10_69197065_+,SUPV3L1 (6832),1.0,,True
2598,GGAGCTTTGTCTGGACATC,chr12_95865366_+,SNRPF (6636),1.0,,True
2599,GGAGGGCGACTTTTGGCTA,chr1_150579421_-,MCL1 (4170),1.0,,True
2600,GGAGGTGAATTTCTACACT,chr19_39707208_+,LGALS14 (56891),1.0,,True
2601,GGAGGTGCAGTAAGCCGGC,chr21_44627431_-,KRTAP10-9 (386676),1.0,,True
2602,GGAGTAGATGTTCCGCTGG,chr14_74357334_-,VRTN (55237),1.0,,True
2603,GGAGTCAATATCCATAAGG,chr3_138755935_+,PIK3CB (5291),1.0,,True
2604,GGAGTGAATTTCAGTGAGG,chr2_208142809_+,CRYGB (1419),1.0,,True
2605,GGAGTGACGTTTTCAGATG,chr10_21556673_-,MLLT10 (8028),1.0,,True
2606,GGAGTGGAAACTCATGGGG,chr2_95108218_-,MRPS5 (64969),1.0,,True
2607,GGAGTTCAAAGCCCACGAA,chr2_27132884_-,PREB (10113),1.0,,True
2608,GGAGTTTAATCGCAGTCAC,chr4_87845342_-,MEPE (56955),1.0,,True
2609,GGATAAATGCTGACGCACT,chr10_997208_-,GTPBP4 (23560),1.0,,True
2610,GGATAATCACCTCCTGGGG,chr5_138169283_+,BRD8 (10902),1.0,,True
2611,GGATACGGATGAAGCACAT,chr3_128638019_+,RPN1 (6184),1.0,,True
2612,GGATCACAGCTTTCATTGG,chr15_31069983_-,TRPM1 (4308),1.0,,True
2613,GGATCCCACGTCCGTAGAA,chr17_39711940_-,ERBB2 (2064),1.0,,True
2614,GGATCCTACTGCTGTAACG,chrX_14020246_+,GEMIN8 (54960),1.0,,True
2615,GGATCCTCGCAGGGACTAC,chr6_10410002_-,TFAP2A (7020),1.0,,True
2616,GGATGCCGTTCACGGGCGG,chr1_234609041_+,IRF2BP2 (359948),1.0,,True
2617,GGATGGACCCCTTGGCATC,chr10_117136657_+,VAX1 (11023),1.0,,True
2618,GGATGTGCAACCCTCCAAG,chrX_136779421_-,ARHGEF6 (9459),1.0,,True
2619,GGATGTTATGCTAAGCATC,chr6_132617831_+,TAAR2 (9287),1.0,,True
2620,GGATTCAGGTTTAATAACC,chr12_49997202_+,RACGAP1 (29127),1.0,,True
2621,GGATTGTTTTGTTTCCAGA,chr1_211783407_-,LPGAT1 (9926),1.0,,True
2622,GGATTTTAGAGATGGTATG,chr11_18934508_+,MRGPRX1 (259249),1.0,,True
2623,GGCAAAAGCGCGGAACAGC,chr1_182057323_-,ZNF648 (127665),1.0,,True
2624,GGCAAAGTTTAAGTTAAAC,chr12_7770249_+,NANOGNB (360030),2.0,,True
2625,GGCAATTTCTACATCAATA,chr20_23492983_-,CST8 (10047),1.0,,True
2626,GGCACTTCTAGAGGACAAC,chr12_57435156_+,INHBC (3626),1.0,,True
2627,GGCAGACCCGACAGGAACA,chr5_44809302_-,MRPS30 (10884),1.0,,True
2628,GGCAGCATATCCTTGGTAA,chr8_39609498_-,ADAM18 (8749),1.0,,True
2629,GGCAGTTTCCACAAGTGGC,chr7_143183634_+,TAS2R39 (259285),1.0,,True
2630,GGCATACAGTTGGGCACAC,chr12_52552801_+,KRT71 (112802),1.0,,True
2631,GGCATATTGTCTGAGTCAG,chr2_100473509_+,NMS (129521),1.0,,True
2632,GGCATCGCTGGGGTCCAAT,chr10_116555229_-,PNLIP (5406),1.0,,True
2633,GGCATGGTTCTCCCCGAAG,chr3_129530957_-,RHO (6010),1.0,,True
2634,GGCATTTAAGCATTCAGGT,chr20_56633527_-,TFAP2C (7022),1.0,,True
2635,GGCCACAACGTGATCGCGC,chr12_32755546_-,YARS2 (51067),1.0,,True
2636,GGCCAGCAAGATTGAGACC,chr6_41909358_-,MED20 (9477),1.0,,True
2637,GGCCATCAGGCGCAGGTGC,chr3_184038038_+,HTR3D (200909),1.0,,True
2638,GGCCATCTCACCAACCCAT,chr5_157343067_+,FNDC9 (408263),1.0,,True
2639,GGCCCATATAGACCAAAGA,chr6_89894735_-,GJA10 (84694),1.0,,True
2640,GGCCCCCCATATGGGGTGC,chr6_34770322_-,SNRPC (6631),1.0,,True
2641,GGCCCGATCACTACTAGCC,chr16_30397567_-,ZNF48 (197407),1.0,,True
2642,GGCCCGGCCACGTCATACA,chr22_37089617_+,TMPRSS6 (164656),1.0,,True
2643,GGCCGAAAGGGTGCTAAAG,chr3_179209695_+,PIK3CA (5290),1.0,,True
2644,GGCCGAGTCGCACCATGGC,chr2_27368111_+,EIF2B4 (8890),1.0,,True
2645,GGCCGCCCCTAAGTAGATG,chr2_43852779_-,ABCG8 (64241),1.0,,True
2646,GGCCGCTTCGGTCGGAGGA,chr2_237567077_+,PRLH (51052),1.0,,True
2647,GGCCGGGAATGATTCAAAC,chr11_12881024_+,TEAD1 (7003),1.0,,True
2648,GGCCTATGCTCAGATCGAC,chr22_30342254_-,SF3A1 (10291),1.0,,True
2649,GGCCTGAGTGTTACCTAAC,chr12_57771095_+,METTL1 (4234),1.0,,True
2650,GGCCTGCTCTCGCGCCATC,chr19_17843074_+,JAK3 (3718),1.0,,True
2651,GGCCTGGCCCTGGAAACAA,chr2_112236607_-,ZC3H8 (84524),1.0,,True
2652,GGCGAAGGACCCTGACAGC,chr19_51387345_+,LIM2 (3982),1.0,,True
2653,GGCGAGTAACTGTAGTCTA,chr11_111308114_-,POU2AF3 (120376),1.0,,True
2654,GGCGATGGCCTTCCGGTAG,chr10_34814894_+,PARD3 (56288),1.0,,True
2655,GGCGATTGACTGAACAAAA,chr14_21363057_-,SUPT16H (11198),1.0,,True
2656,GGCGCCGAGACTGACAACG,chr16_58392773_+,GINS3 (64785),1.0,,True
2657,GGCGGAGCGTAGTTCTCCG,chr6_88048083_-,SPACA1 (81833),1.0,,True
2658,GGCGGATAACTGGCACATC,chr16_5077529_+,ALG1 (56052),1.0,,True
2659,GGCGGCATGATTTTGTGCA,chr9_5050702_+,JAK2 (3717),1.0,,True
2660,GGCGGCCACATTGACAAAC,chr6_28510794_+,GPX6 (257202),1.0,,True
2661,GGCGGCGCCGTCATGCCCG,chr19_33302053_-,CEBPA (1050),1.0,,True
2662,GGCGGTGAGTGCGCGCTAA,chr8_54621366_-,RP1 (6101),1.0,,True
2663,GGCGTAGTAAATGTAAGGT,chr3_53125909_-,RFT1 (91869),1.0,,True
2664,GGCGTCGATGGTGTACCGC,chr17_78827292_+,USP36 (57602),1.0,,True
2665,GGCGTGACGGCCATGGGTA,chr14_37592470_-,FOXA1 (3169),1.0,,True
2666,GGCGTGAGGTTCGTGACAC,chr7_151983086_-,GALNTL5 (168391),1.0,,True
2667,GGCGTGCTGCGCTTCAGGA,chr19_29610451_-,POP4 (10775),1.0,,True
2668,GGCGTGGTCATCACCTGCT,chr17_10825425_-,PIRT (644139),1.0,,True
2669,GGCGTTGAATATTGAGCGG,chr12_49323865_-,TROAP (10024),1.0,,True
2670,GGCTACGTCTCCTCGCAGC,chr1_153261583_+,LORICRIN (4014),1.0,,True
2671,GGCTAGGCCAATTGACCGA,chr1_162759822_+,DDR2 (4921),1.0,,True
2672,GGCTAGGCGACTGCTGGTC,chr11_128809181_-,FLI1 (2313),1.0,,True
2673,GGCTCGGCTACTGACACAC,chr12_55819419_+,ORMDL2 (29095),1.0,,True
2674,GGCTCTTCAGTTAGGCTGA,chr19_51265556_-,SIGLECL1 (284369),1.0,,True
2675,GGCTGAACCTTCGGGAGCT,chr7_4911231_-,MMD2 (221938),1.0,,True
2676,GGCTGAGAAACACAACAAC,chr11_65999360_-,EIF1AD (84285),1.0,,True
2677,GGCTGAGATTCATAACATC,chr18_12963288_-,SEH1L (81929),1.0,,True
2678,GGCTGAGGCGCGTCCCTAC,chr1_182057263_-,ZNF648 (127665),1.0,,True
2679,GGCTGATCACTGGTACACC,chr19_13100994_+,LYL1 (4066),1.0,,True
2680,GGCTGATTCATCCCACTGG,chr18_55275716_+,TCF4 (6925),1.0,,True
2681,GGCTGCACGTCTCGGCACT,chr17_61400412_+,TBX2 (6909),1.0,,True
2682,GGCTGCCAAGCTCGCCAAC,chr2_100479397_+,NMS (129521),1.0,,True
2683,GGCTGCGGATGTGAACGTC,chr22_35082612_-,ISX (91464),1.0,,True
2684,GGCTGCTAGTACGTGGCGT,chr9_6328735_-,TPD52L3 (89882),1.0,,True
2685,GGCTGGAGGGGGATCATAC,chr3_62372651_+,FEZF2 (55079),1.0,,True
2686,GGCTGGCACCCAATGTCGA,chr17_41440836_+,KRT38 (8687),1.0,,True
2687,GGCTGGGGATTTACCGACG,chr20_62219722_+,HRH3 (11255),1.0,,True
2688,GGCTGTGACCAACGCTGGA,chr22_43886395_-,PNPLA5 (150379),1.0,,True
2689,GGCTTCAAAGATACTAAAA,chr16_46692540_+,ORC6 (23594),1.0,,True
2690,GGCTTCAACCGCCTTCGGC,chr1_161102350_-,PFDN2 (5202),1.0,,True
2691,GGCTTGGCTGTCAATGACC,chr6_34544171_+,SPDEF (25803),1.0,,True
2692,GGCTTTGGCGTGAGCCACG,chr14_103532767_+,TRMT61A (115708),1.0,,True
2693,GGGACACCGCCTTCGCCAT,chr1_236603958_-,HEATR1 (55127),1.0,,True
2694,GGGACACTAGTCGGCCCAG,chr19_45012105_-,RELB (5971),1.0,,True
2695,GGGACGCTGCACAAATCGC,chr16_68235743_-,ESRP2 (80004),1.0,,True
2696,GGGAGCACGTTCCACGCGA,chr17_80822280_-,RPTOR (57521),1.0,,True
2697,GGGAGCGCCCCGGAACCTC,chr22_19149847_+,GSC2 (2928),1.0,,True
2698,GGGAGGACATCACCACAGT,chr5_77637073_-,OTP (23440),1.0,,True
2699,GGGAGTTGATGTTTCTCAC,chr10_49386750_+,DRGX (644168),1.0,,True
2700,GGGATAGTCCGCTACACTA,chr17_50368240_-,MRPL27 (51264),1.0,,True
2701,GGGATCGTATGATATACGA,chr2_68866432_-,BMP10 (27302),1.0,,True
2702,GGGATCTTTTGTCAGATCG,chr6_112350082_-,RFPL4B (442247),1.0,,True
2703,GGGATGCGCAGGTACTTGA,chr19_18309806_+,LSM4 (25804),1.0,,True
2704,GGGATGCGGACGGGCTCAC,chr2_182866446_+,FRZB (2487),1.0,,True
2705,GGGCAAAGGTTGGCCAAAC,chr2_127850641_+,POLR2D (5433),2.0,,True
2706,GGGCAACATGTACGTGCGG,chr2_43852422_+,ABCG8 (64241),1.0,,True
2707,GGGCAAGCATGACTACTCG,chr2_86065403_-,POLR1A (25885),1.0,,True
2708,GGGCACATAAAGCGGCCGT,chr13_103066056_-,SLC10A2 (6555),1.0,,True
2709,GGGCCCCAAGTGACTACGC,chr16_30398134_-,ZNF48 (197407),1.0,,True
2710,GGGCGATTTCCGCCTCCAA,chrX_154478380_+,LAGE3 (8270),1.0,,True
2711,GGGCGTTACATGCGAGAAC,chrX_65528264_-,LAS1L (81887),1.0,,True
2712,GGGCTCACCATATGCCGGC,chrX_48791905_+,GATA1 (2623),1.0,,True
2713,GGGCTCCATTGATACACAG,chr6_25921405_+,SLC17A2 (10246),1.0,,True
2714,GGGCTGGCTAATCAGCGGC,chr20_33223929_+,BPIFA3 (128861),1.0,,True
2715,GGGGAAACTCATCTATCAG,chr17_42775463_+,VPS25 (84313),1.0,,True
2716,GGGGACTGCCGTTCGCCCC,chr9_132582900_+,BARHL1 (56751),1.0,,True
2717,GGGGATCCGTACCCCGGAG,chr20_58854391_-,GNAS (2778),1.0,,True
2718,GGGGCAGCCGCACGCCACT,chr14_35535028_+,INSM2 (84684),1.0,,True
2719,GGGGCCTGCTGAATCAACG,chr12_49323888_-,TROAP (10024),1.0,,True
2720,GGGGCCTTTGGCTTTGTCC,chr3_48694238_+,IP6K2 (51447),1.0,,True
2721,GGGGCGGCAGCAAGTGGGC,chr17_41118025_+,KRTAP4-11 (653240),1.0,,True
2722,GGGGCTTCATCCGTCTCAA,chr1_117940917_-,WDR3 (10885),1.0,,True
2723,GGGGGAATTTGGGGGTCGA,chr17_40488737_+,TNS4 (84951),1.0,,True
2724,GGGGGGCGTAAAGCAGTCC,chr12_78006721_-,NAV3 (89795),1.0,,True
2725,GGGGGTTGTTTTACATCCA,chr3_151817556_+,AADAC (13),1.0,,True
2726,GGGGTGGATGAGCATCCAA,chr18_13681864_+,FAM210A (125228),1.0,,True
2727,GGGGTGTAATTCTCGTTAC,chr19_8842795_-,MBD3L1 (85509),1.0,,True
2728,GGGTACGTCTTTACAAATA,chr20_50749854_+,PARD6B (84612),1.0,,True
2729,GGGTACTGCTCAATCGGGT,chr3_126509670_+,UROC1 (131669),1.0,,True
2730,GGGTATCACTTTCCGGAGC,chr20_2655350_+,NOP56 (10528),1.0,,True
2731,GGGTCACAAGCTTCGAACG,chr19_49394553_-,KASH5 (147872),1.0,,True
2732,GGGTCAGGCTGATGACGAT,chr9_133467939_-,CACFD1 (11094),1.0,,True
2733,GGGTCGGTTCTCCCGAATG,chr10_43102531_-,RET (5979),1.0,,True
2734,GGGTCTCAACGCACACCCG,chr13_28062043_+,FLT3 (2322),1.0,,True
2735,GGGTCTCTACCCTCCAGGG,chr5_135446898_-,DCANP1 (140947),1.0,,True
2736,GGGTCTGATAGTGAGACCG,chr6_37444034_+,CMTR1 (23070),1.0,,True
2737,GGGTCTTGATAACGGATAC,chr13_28048279_-,FLT3 (2322),1.0,,True
2738,GGGTGCTCCCACAGCATAC,chr19_51382565_-,LIM2 (3982),1.0,,True
2739,GGGTGGATGTAGACGCAGC,chr6_166166698_+,TBXT (6862),1.0,,True
2740,GGGTGGATGTCGAAATCCG,chr9_128325791_-,COQ4 (51117),1.0,,True
2741,GGGTGTCCTTATTGACCAC,chr19_51034017_-,KLK12 (43849),1.0,,True
2742,GGGTGTCGACTGCAACTGA,chr22_24759972_+,PIWIL3 (440822),1.0,,True
2743,GGGTGTTAAAGTTAGGACG,chr1_155784014_+,GON4L (54856),1.0,,True
2744,GGGTTGACAGCGAAAGCCT,chr22_41258030_+,RANGAP1 (5905),1.0,,True
2745,GGGTTGTAGCCACTAAGGT,chr4_70481056_-,MUC7 (4589),1.0,,True
2746,GGTAAAATATAGCCTTGGC,chr3_16598519_+,DAZL (1618),1.0,,True
2747,GGTAAATAATCCCCACAAC,chr22_30353018_+,SF3A1 (10291),1.0,,True
2748,GGTAATCATAGCGTGAGAA,chr3_128632007_+,RPN1 (6184),1.0,,True
2749,GGTAATGGACTTGACAAAC,chr10_84224583_+,LRIT2 (340745),1.0,,True
2750,GGTACCCTAGATGAACCAT,chr6_30708342_-,MDC1 (9656),1.0,,True
2751,GGTACTCTCAGTTAACTGA,chr1_6545097_+,NOL9 (79707),1.0,,True
2752,GGTACTCTTCCCCGGCCGT,chr17_48728248_+,HOXB13 (10481),1.0,,True
2753,GGTACTTACCATTGGATCC,chr6_32330595_+,TSBP1 (10665),1.0,,True
2754,GGTAGTCTCGTCCACTGAG,chr19_55663613_-,U2AF2 (11338),1.0,,True
2755,GGTAGTGAGCGTTGTACGA,chr6_106105375_-,PRDM1 (639),1.0,,True
2756,GGTATTCATGATGCGATCA,chr6_30723544_-,TUBB (203068),2.0,,True
2757,GGTATTGCCGCCCCAGCCG,chr2_15942749_+,MYCN (4613),1.0,,True
2758,GGTCAAAGAAGCATAGGCG,chr1_152357477_-,FLG2 (388698),1.0,,True
2759,GGTCAAAGGTCTGCCCAAA,chr6_96203374_-,FUT9 (10690),1.0,,True
2760,GGTCACTCACCCACCGTGG,chr5_177995830_+,PROP1 (5626),1.0,,True
2761,GGTCACTCTCCACCGAATG,chr16_70519653_-,COG4 (25839),1.0,,True
2762,GGTCAGGCCAAGCCGAGAG,chr22_39532490_-,RPS19BP1 (91582),1.0,,True
2763,GGTCATCTACTTGCGCTGC,chr12_32755591_-,YARS2 (51067),1.0,,True
2764,GGTCCAAGTGGTATTGGAA,chr12_57449388_-,INHBC (3626),1.0,,True
2765,GGTCCTACCTTGCTAACCA,chr1_8870459_+,ENO1 (2023),1.0,,True
2766,GGTCCTGCAGCAAGTGGTC,chr17_41177961_+,KRTAP4-2 (85291),1.0,,True
2767,GGTCGGAAACGTTTTCCAC,chr8_42765127_+,CHRNA6 (8973),1.0,,True
2768,GGTCGGCAGTCCGAACGGA,chr7_27245082_+,EVX1 (2128),1.0,,True
2769,GGTCTACGTTGGTACAAAT,chr4_70249094_-,CSN3 (1448),1.0,,True
2770,GGTCTAGGGTAGTTGCAGA,chr4_70481539_-,MUC7 (4589),1.0,,True
2771,GGTCTCACAGCAGCGTGGC,chr17_41041287_+,KRTAP1-1 (81851),1.0,,True
2772,GGTCTCGGACGTGGTAGCC,chr10_27100209_+,ANKRD26 (22852),1.0,,True
2773,GGTCTGCTCAATGCACCAC,chr20_34292467_+,AHCY (191),1.0,,True
2774,GGTCTGCTGAATCACCTCA,chr9_21350642_+,IFNA6 (3443),1.0,,True
2775,GGTGAATTTGACTCCAAAG,chr2_214781179_-,BARD1 (580),1.0,,True
2776,GGTGACCTCGCTATCGTCG,chr2_218269413_+,AAMP (14),1.0,,True
2777,GGTGACTCACGTATCGGAA,chr6_31792991_+,VARS1 (7407),1.0,,True
2778,GGTGAGCTGAACAGCATAG,chr6_41043631_-,TSPO2 (222642),1.0,,True
2779,GGTGCAACAGCCTGGCCCT,chr20_57523857_-,CTCFL (140690),1.0,,True
2780,GGTGCATATAACCCTGAAA,chr4_79407107_+,GK2 (2712),1.0,,True
2781,GGTGCATTAGAGGATGCAC,chr2_100479364_-,NMS (129521),1.0,,True
2782,GGTGCCAGACGTCATCAGG,chr2_43852758_-,ABCG8 (64241),1.0,,True
2783,GGTGCGTGGCCAGTCTAAG,chr3_139373720_-,COPB2 (9276),1.0,,True
2784,GGTGCTGAGTCTTTCTCGA,chr19_29985255_-,URI1 (8725),1.0,,True
2785,GGTGGAGATGTCGCGCCCA,chr11_66616936_+,RBM14 (10432),1.0,,True
2786,GGTGGCGGTTACTTACTAC,chr20_58905480_-,GNAS (2778),1.0,,True
2787,GGTGGCTGAAAATGGCAAC,chr13_73062097_-,KLF5 (688),1.0,,True
2788,GGTGGGGATCAGTCAGCCT,chr12_49323961_+,TROAP (10024),1.0,,True
2789,GGTGTGAAGAACGCCGATG,chr20_63309347_+,COL20A1 (57642),1.0,,True
2790,GGTGTGGAAATGTGCCTCG,chr5_146515551_-,GPR151 (134391),1.0,,True
2791,GGTGTTGGAGCAGCTCACA,chr1_23692731_+,RPL11 (6135),1.0,,True
2792,GGTGTTTCCGCGGTGAAGT,chr7_116699220_-,MET (4233),1.0,,True
2793,GGTTACAAAAGGTGTGAAG,chr1_91977057_+,BRDT (676),1.0,,True
2794,GGTTCAGTTCCGGGAAGTG,chr20_35529215_-,C20orf173 (140873),1.0,,True
2795,GGTTCGGTAGTCCACAATG,chr1_156726987_+,ISG20L2 (81875),1.0,,True
2796,GGTTCTGTTTAACACGTGC,chr20_33001216_-,SUN5 (140732),1.0,,True
2797,GGTTCTTACCGGTCGCAGA,chr3_38274368_-,SLC22A13 (9390),1.0,,True
2798,GGTTGATATAAGCCAGGGC,chr5_148174294_-,SPINK14 (408187),1.0,,True
2799,GGTTGCCTATCCCTCGTCC,chr4_145109146_+,ABCE1 (6059),2.0,,True
2800,GGTTGGCGCCGTACCATCC,chr14_36519021_+,NKX2-1 (7080),1.0,,True
2801,GGTTTCATCATACACTCGC,chr1_84482955_-,RPF1 (80135),1.0,,True
2802,GGTTTCCCCCAGCCAAAAA,chr1_174448643_-,GPR52 (9293),1.0,,True
2803,GGTTTGCATAATATGTGCG,chr4_70249144_-,CSN3 (1448),1.0,,True
2804,GTAAAACTCATCTAACACC,chr2_27639003_-,GPN1 (11321),1.0,,True
2805,GTAAACACTGAGGGTACCT,chr17_6644658_+,MED31 (51003),1.0,,True
2806,GTAAAGTTGGTGGTACATC,chr2_214780749_-,BARD1 (580),1.0,,True
2807,GTAACCAAGGTACTTCGCA,chr4_55110689_+,KDR (3791),1.0,,True
2808,GTAACTACGAGCGCTACAG,chr19_45053145_+,CLASRP (11129),1.0,,True
2809,GTAACTTCGTTAACGCCAA,chr10_15103660_-,RPP38 (10557),1.0,,True
2810,GTAAGTGTGTCCAATGCCC,chr20_56249117_+,MC3R (4159),1.0,,True
2811,GTAATCAGTTGAGGGCTCC,chr2_86121545_-,PTCD3 (55037),1.0,,True
2812,GTAATGTTCTGCCACCCAA,chr14_20556776_+,RNASE9 (390443),1.0,,True
2813,GTAATTAGTAGCTCGCCAG,chr3_101665235_-,ZBTB11 (27107),1.0,,True
2814,GTACACCCAATCTTGCCCC,chr17_43507105_-,DHX8 (1659),1.0,,True
2815,GTACACGAAGTCCTGGGCG,chr9_136199814_+,LHX3 (8022),1.0,,True
2816,GTACATCTCACGGCCGCGC,chr13_27924371_+,PDX1 (3651),1.0,,True
2817,GTACCATCCTTATCAGGGT,chr11_118978844_-,FOXR1 (283150),1.0,,True
2818,GTACCGGAGTACACTGGAA,chr2_39022777_-,SOS1 (6654),1.0,,True
2819,GTACCTAATCCCTGACCTA,chr4_163473355_+,TKTL2 (84076),1.0,,True
2820,GTACCTCTCAGAATAGCGA,chr7_19708774_+,POLR1F (221830),1.0,,True
2821,GTACGCTACGGACGGAAGG,chr8_54621575_+,RP1 (6101),1.0,,True
2822,GTACGCTTATCCTGACTGA,chr17_40408087_-,TOP2A (7153),1.0,,True
2823,GTACTCCGTCAGCGTGAGC,chr9_136523760_+,NOTCH1 (4851),1.0,,True
2824,GTACTCCTGAGGAACCGCA,chr17_63910268_+,CSHL1 (1444),1.0,,True
2825,GTACTGACTGCAAATATCC,chr2_168877276_-,SPC25 (57405),1.0,,True
2826,GTACTGAGTAGCCAAGGTG,chr12_57449451_-,INHBC (3626),1.0,,True
2827,GTACTGCACGTGTCGTGGC,chrX_71125106_-,MED12 (9968),1.0,,True
2828,GTACTTGTATTAAAGGTCC,chr22_41647026_-,XRCC6 (2547),2.0,,True
2829,GTAGAACCGCGCTCAAATA,chr5_71467415_-,BDP1 (55814),1.0,,True
2830,GTAGACCTGCGTGGTAAGG,chr16_28496443_+,APOBR (55911),1.0,,True
2831,GTAGAGTCAACTCTTACCC,chr12_69592991_-,CCT2 (10576),2.0,,True
2832,GTAGATTTATGTCCCAGCG,chr12_114674823_-,TBX3 (6926),1.0,,True
2833,GTAGCCAGTCTTGTAGTAA,chr1_152356610_-,FLG2 (388698),1.0,,True
2834,GTAGGACTGCCATGGTCGA,chr10_103094438_+,NT5C2 (22978),1.0,,True
2835,GTAGGCAGGGTCAGCTACG,chr9_77797624_+,GNAQ (2776),1.0,,True
2836,GTAGGTAGTGGTTTTGGAG,chr12_52776942_-,KRT76 (51350),1.0,,True
2837,GTAGGTCGCCGCGCGCAGA,chr20_23035938_-,SSTR4 (6754),1.0,,True
2838,GTAGGTCGGGTCGCTCCCG,chr16_27549698_+,GTF3C1 (2975),1.0,,True
2839,GTAGGTTCGAGACTATAAG,chr10_69198383_+,SUPV3L1 (6832),1.0,,True
2840,GTAGTACTGTTGCGAGTGG,chr6_50715366_-,TFAP2D (83741),1.0,,True
2841,GTATACAATGCACATCGAA,chr1_115033455_+,TSHB (7252),1.0,,True
2842,GTATAGGCAAATTCAAGGA,chr1_155014967_-,ZBTB7B (51043),1.0,,True
2843,GTATATTCAGTACATAGAC,chr10_7778969_-,KIN (22944),1.0,,True
2844,GTATATTTTCAAGCACGGC,chr9_5064999_-,JAK2 (3717),1.0,,True
2845,GTATCAGTACCCGAACAGA,chr17_43491244_-,DHX8 (1659),1.0,,True
2846,GTATGTCGACGATGCCTCG,chr16_27494891_-,GTF3C1 (2975),1.0,,True
2847,GTATGTGACTGTCGCCTAA,chr10_84224602_-,LRIT2 (340745),1.0,,True
2848,GTATTACCGTATGATCCAC,chr21_18365148_+,TMPRSS15 (5651),1.0,,True
2849,GTATTCTGAGGAGGCACCG,chr11_33102293_+,CSTF3 (1479),1.0,,True
2850,GTATTTAGACGTAGAGCTG,chr20_56633470_-,TFAP2C (7022),1.0,,True
2851,GTATTTTACTGTTCTTCTA,chr11_60529402_+,MS4A13 (503497),1.0,,True
2852,GTCAAAGCTGGTTACGGGT,chr7_44117619_-,POLD2 (5425),1.0,,True
2853,GTCAACACGCCGCACAAGG,chr1_9024977_-,SLC2A7 (155184),1.0,,True
2854,GTCAACACTGGCCGAGGTA,chr3_128060661_+,SEC61A1 (29927),1.0,,True
2855,GTCAACATGAGTTGGGCCT,chr19_42117284_+,POU2F2 (5452),1.0,,True
2856,GTCACAAATTCATAGCACC,chr11_78478597_-,NARS2 (79731),1.0,,True
2857,GTCACGTTGACGAGCCGCT,chr22_36923330_-,CSF2RB (1439),2.0,,True
2858,GTCAGAGTTGTGAGAGCAC,chr11_101062710_-,PGR (5241),1.0,,True
2859,GTCAGATACCATCAATGGG,chr19_8842841_+,MBD3L1 (85509),1.0,,True
2860,GTCAGTCCTTTACCCCATC,chr6_159907366_+,MAS1 (4142),1.0,,True
2861,GTCATAAGCGAAGTTGGCG,chr17_75110493_-,ARMC7 (79637),1.0,,True
2862,GTCATAGCCGGGCCACACG,chr1_162759873_-,DDR2 (4921),1.0,,True
2863,GTCATCATCCACTTGTAGC,chr10_27046403_+,ANKRD26 (22852),1.0,,True
2864,GTCATCCTCTATAAGGTGA,chr17_67718089_+,NOL11 (25926),1.0,,True
2865,GTCATCTTTAAGTACATCG,chr14_88192304_-,KCNK10 (54207),1.0,,True
2866,GTCATTAAATCTTGCAACC,chr21_34880600_+,RUNX1 (861),1.0,,True
2867,GTCATTGACGACAGTCGGC,chr17_6434037_-,AIPL1 (23746),1.0,,True
2868,GTCATTGGTTCATCTGGGC,chr11_90211316_+,CHORDC1 (26973),1.0,,True
2869,GTCCAGACAGACTCGCTCC,chr17_10825536_+,PIRT (644139),1.0,,True
2870,GTCCAGCGCCGTGAAGCGC,chr10_47325130_+,GDF2 (2658),1.0,,True
2871,GTCCAGCTGCTATTGGCGA,chr1_158181502_-,CD1D (912),1.0,,True
2872,GTCCAGTATCCTGTACGGC,chr14_44506581_+,FSCB (84075),1.0,,True
2873,GTCCAGTTACACATTCAAG,chr19_8842783_+,MBD3L1 (85509),1.0,,True
2874,GTCCATGGTGCACCGAAGA,chr17_7420953_-,SPEM1 (374768),1.0,,True
2875,GTCCCACCTACCGAGGGAT,chr21_39180289_+,PSMG1 (8624),1.0,,True
2876,GTCCCCCAACTACGACAAG,chr9_130862912_+,ABL1 (25),1.0,,True
2877,GTCCCCCACAGACCATTAC,chr11_47360035_-,SPI1 (6688),1.0,,True
2878,GTCCCTACAGTGTGTTCGA,chr20_35284255_-,EIF6 (3692),1.0,,True
2879,GTCCGATCCCGGCAGGACA,chr11_62831077_+,STX5 (6811),1.0,,True
2880,GTCCGATGATGACAAGGCG,chr5_73173348_+,TMEM174 (134288),1.0,,True
2881,GTCCGCTCGCCCACCACGA,chr10_47349244_-,RBP3 (5949),1.0,,True
2882,GTCCGTACTCGGGCCACGT,chr22_36929714_-,CSF2RB (1439),1.0,,True
2883,GTCCTCGAAGTGCTCCATC,chrX_153456645_+,HAUS7 (55559),1.0,,True
2884,GTCCTGACACGGCCAATGA,chr5_179620962_-,HNRNPH1 (3187),2.0,,True
2885,GTCCTGCATAGATCACATC,chr11_101062567_+,PGR (5241),1.0,,True
2886,GTCCTGGTATTCGGATCAA,chr10_997240_-,GTPBP4 (23560),1.0,,True
2887,GTCGAAACTGTGCGGGCCT,chr3_189808465_-,TP63 (8626),1.0,,True
2888,GTCGACAGCCTCTCCGGAC,chr7_27243346_+,EVX1 (2128),1.0,,True
2889,GTCGAGAGTATTTGTCATC,chr15_34342048_+,NOP10 (55505),1.0,,True
2890,GTCGCAGAGGGGCTACGAG,chr18_63318582_-,BCL2 (596),1.0,,True
2891,GTCGCCCCGGGCACTGGTC,chr19_48607150_+,SPACA4 (171169),1.0,,True
2892,GTCGCCCTTGACGCTGAAC,chr9_101594676_+,PPP3R2 (5535),1.0,,True
2893,GTCGCCTGCTCTTCATCAG,chr2_97647081_-,COX5B (1329),1.0,,True
2894,GTCGCTTGATGTGCCCACT,chr6_21594702_-,SOX4 (6659),1.0,,True
2895,GTCGTAGACGAAGATCGAC,chr17_80730621_-,RPTOR (57521),1.0,,True
2896,GTCGTATTCGTCCACAAAA,chr11_534239_+,HRAS (3265),1.0,,True
2897,GTCGTCCGCCAATGAGCAC,chr11_47343094_+,MYBPC3 (4607),1.0,,True
2898,GTCGTCCTTGGTAAACCCC,chr18_59273087_+,RAX (30062),1.0,,True
2899,GTCGTTTCCCCAACAAAAA,chr2_231461944_-,NCL (4691),1.0,,True
2900,GTCTACCAAAGCTCACGCG,chr13_27920522_+,PDX1 (3651),1.0,,True
2901,GTCTACGAGCACCTTGGCG,chr11_69818815_-,FGF3 (2248),1.0,,True
2902,GTCTACTCGGAGAGCAAAA,chr20_56249399_+,MC3R (4159),1.0,,True
2903,GTCTACTGTTTGTCCAAGA,chr5_161882660_-,GABRA1 (2554),1.0,,True
2904,GTCTAGACGGCCGGGACCC,chr18_47034293_-,ELOA2 (51224),1.0,,True
2905,GTCTAGTATAGTCTATAGC,chr2_197548344_-,MOB4 (25843),1.0,,True
2906,GTCTATGCTGCGGCTACCG,chr11_61795890_+,FEN1 (2237),1.0,,True
2907,GTCTCATGAGTAACTCGGA,chr13_75569466_-,UCHL3 (7347),1.0,,True
2908,GTCTCCAATATGCTGGGCC,chr8_58939339_-,TOX (9760),1.0,,True
2909,GTCTCCTGGGCGATAAGTG,chr7_155507073_+,CNPY1 (285888),1.0,,True
2910,GTCTCGGAAGATCCGCATC,chr1_11228830_+,MTOR (2475),1.0,,True
2911,GTCTCGGTCGTGGGTCCCA,chr5_16465165_+,ZNF622 (90441),1.0,,True
2912,GTCTCGTAGGTAAAATGCC,chr10_73154337_+,ECD (11319),1.0,,True
2913,GTCTCTCGCACAGTCAAGT,chr2_43851742_-,ABCG8 (64241),1.0,,True
2914,GTCTCTGGTGTTTTAAAGT,chr5_160414399_+,SLU7 (10569),1.0,,True
2915,GTCTCTGTAGCACTATCCC,chr10_47325041_-,GDF2 (2658),1.0,,True
2916,GTCTGATGTCCTATATGCG,chr14_21034112_-,RNASE13 (440163),1.0,,True
2917,GTCTGCTCTAGTAATAAGC,chr3_41227331_+,CTNNB1 (1499),1.0,,True
2918,GTCTGCTTTCCATATGAAG,chr12_56362093_+,APOF (319),1.0,,True
2919,GTCTGGACTTAACTAGCAC,chr10_102140560_-,PPRC1 (23082),1.0,,True
2920,GTCTTGAGATATGCCCGGA,chr12_122172641_+,IL31 (386653),1.0,,True
2921,GTCTTTGTATTCATCAGAT,chr1_19257117_-,MRTO4 (51154),1.0,,True
2922,GTGAACCGAAGTTTAGCAA,chr10_103139456_-,NT5C2 (22978),1.0,,True
2923,GTGAACGGCAGCTACGCAA,chr9_126690961_+,LMX1B (4010),1.0,,True
2924,GTGAACTACCTACCGTGCA,chr1_17823120_+,ACTL8 (81569),1.0,,True
2925,GTGAAGCTGTATTGCCACG,chr15_40185556_-,BUB1B (701),1.0,,True
2926,GTGACATAGTACGGCAAGA,chr8_72936178_-,KCNB2 (9312),1.0,,True
2927,GTGACCAAGAACGGCAGGT,chr6_166167386_-,TBXT (6862),1.0,,True
2928,GTGACCTGAACAGTGCTAA,chr1_156479315_-,MEF2D (4209),1.0,,True
2929,GTGACTGGACTGTGCTCGA,chr13_30631384_+,USPL1 (10208),1.0,,True
2930,GTGAGCGCGATCATGACGT,chr7_155071377_-,HTR5A (3361),1.0,,True
2931,GTGAGGATAGGTACAGCTC,chr19_49397715_-,KASH5 (147872),1.0,,True
2932,GTGAGGATTAAATCAATGG,chr12_10802440_+,TAS2R7 (50837),1.0,,True
2933,GTGATCGTCTACGCCAGCG,chr4_40438337_-,RBM47 (54502),1.0,,True
2934,GTGATGACGCACTTCCAAA,chr22_43972251_+,SAMM50 (25813),1.0,,True
2935,GTGATGCGCAGGGTCCACA,chr14_20584080_-,RNASE11 (122651),1.0,,True
2936,GTGATTATCAGTAGAAGCT,chr7_151971022_+,GALNTL5 (168391),1.0,,True
2937,GTGATTGTGAGGAATGCGG,chr3_12489960_+,TSEN2 (80746),1.0,,True
2938,GTGCACCGTGCACACCCAA,chr16_88892430_-,CBFA2T3 (863),1.0,,True
2939,GTGCACGGCCTTGCAGACG,chr22_37823687_-,GALR3 (8484),1.0,,True
2940,GTGCAGCTGCTTGAAATGG,chr6_132570497_-,TAAR6 (319100),1.0,,True
2941,GTGCAGTGCATCCGTGACA,chr4_73488754_+,AFM (173),1.0,,True
2942,GTGCATCCATAGCTGTACC,chr11_74230913_-,PPME1 (51400),1.0,,True
2943,GTGCCAAACTCTATGACCC,chr1_94189991_-,ARHGAP29 (9411),1.0,,True
2944,GTGCCAACACTTACCGCAC,chr15_70064455_+,TLE3 (7090),1.0,,True
2945,GTGCCTCCGTAGGTCTGCG,chr11_69643034_+,CCND1 (595),1.0,,True
2946,GTGCCTTTCCCGACCCCCT,chrX_154478385_-,LAGE3 (8270),2.0,,True
2947,GTGCGGATGGTAGTCTGCG,chr13_27968674_+,CDX2 (1045),1.0,,True
2948,GTGCTAGTGTCAAAAGCCA,chr3_108756536_-,RETNLB (84666),1.0,,True
2949,GTGCTGGGCAATGCGTGCG,chr5_63961553_-,HTR1A (3350),1.0,,True
2950,GTGCTTTGGTGCTCTGCCC,chr16_88712658_+,CTU2 (348180),1.0,,True
2951,GTGGACACCTGTGGAGTAG,chr1_174448422_-,GPR52 (9293),1.0,,True
2952,GTGGACATCGGAGGAAGAC,chr18_55269923_+,TCF4 (6925),1.0,,True
2953,GTGGAGATATTTCTACAGA,chr10_17981351_+,SLC39A12 (221074),1.0,,True
2954,GTGGAGTCGGACAACGAGG,chr19_3119051_+,GNA11 (2767),1.0,,True
2955,GTGGATGAACGCCTCCTGA,chr2_29073297_-,PCARE (388939),1.0,,True
2956,GTGGATTATTACATCGACC,chr12_8843314_+,A2ML1 (144568),1.0,,True
2957,GTGGATTCCCCGGTAGATG,chr13_98176799_+,RNF113B (140432),1.0,,True
2958,GTGGATTCGCCAAGGCGAA,chr2_29920116_-,ALK (238),1.0,,True
2959,GTGGCAGAGTTCATAGGGG,chr20_229589_-,DEFB129 (140881),1.0,,True
2960,GTGGCATTTTATTGACTGC,chr7_25226933_+,NPVF (64111),1.0,,True
2961,GTGGCGTTCCAAAGACAAC,chr2_135862690_-,MCM6 (4175),1.0,,True
2962,GTGGCTCAATTTCTGCCTA,chr12_68225167_+,IL26 (55801),1.0,,True
2963,GTGGCTTAATATGCGAGAT,chr7_44572699_+,DDX56 (54606),2.0,,True
2964,GTGGCTTTACTGAGGCGAC,chr12_57751533_-,CDK4 (1019),1.0,,True
2965,GTGGCTTTGCACTTACCCA,chr10_117201287_-,KCNK18 (338567),1.0,,True
2966,GTGGGACCGTTACACCTGC,chr2_211657829_+,ERBB4 (2066),1.0,,True
2967,GTGGGCCAGCAGCATCCGG,chr11_840435_+,POLR2L (5441),1.0,,True
2968,GTGGGCCATGTAGCGGCTA,chr2_161416838_-,TBR1 (10716),1.0,,True
2969,GTGGGGGGACTAATCTCAC,chr6_25918525_-,SLC17A2 (10246),1.0,,True
2970,GTGGGTCGACTTGTCAAGT,chr12_78050828_-,NAV3 (89795),1.0,,True
2971,GTGGTATACATGAACCTCG,chr12_78050963_-,NAV3 (89795),1.0,,True
2972,GTGGTATCATCGCCCCTGC,chr6_34767966_-,SNRPC (6631),1.0,,True
2973,GTGGTATGCATTGGGTCAG,chr9_92265537_-,IARS1 (3376),1.0,,True
2974,GTGGTCACGCTTTTACACA,chr3_187197627_-,RTP1 (132112),1.0,,True
2975,GTGGTCTGTACCGTCTAAA,chr1_117936821_+,WDR3 (10885),1.0,,True
2976,GTGTAATTGTCAACAGGAT,chr12_50002300_-,RACGAP1 (29127),1.0,,True
2977,GTGTACAGGTCCACCCGCT,chr13_98176944_-,RNF113B (140432),1.0,,True
2978,GTGTACTCCGTTGCCAACT,chr17_41487714_-,KRT36 (8689),1.0,,True
2979,GTGTAGTGGAGAATGAATA,chr10_121538632_-,FGFR2 (2263),1.0,,True
2980,GTGTATCGATCACTAGGCT,chr1_161102170_+,PFDN2 (5202),1.0,,True
2981,GTGTATTAGGCCGTGCTAA,chr5_37341198_+,NUP155 (9631),1.0,,True
2982,GTGTATTCAAAGGACATCG,chr13_21539373_-,MICU2 (221154),1.0,,True
2983,GTGTCGAGCAGCGCTGCCG,chr1_234608758_-,IRF2BP2 (359948),1.0,,True
2984,GTGTCTACATTGGGCCAGC,chr19_13100733_-,LYL1 (4066),1.0,,True
2985,GTGTCTCCGTGATGATCAC,chr1_17823302_-,ACTL8 (81569),1.0,,True
2986,GTGTCTTAGTACCACTCGG,chr2_42682471_+,MTA3 (57504),1.0,,True
2987,GTGTGAGACGGTATACAAT,chr1_56881523_+,C8A (731),1.0,,True
2988,GTGTGCATAGCCTTCAAAG,chr6_116806980_-,GPRC6A (222545),1.0,,True
2989,GTGTGTCATCGATTACTAA,chr11_107439094_-,CWF19L2 (143884),1.0,,True
2990,GTGTGTTACCGAGTGGAAT,chr22_30342334_-,SF3A1 (10291),1.0,,True
2991,GTGTTCAGCCTGCCACCGT,chr16_88712637_+,CTU2 (348180),1.0,,True
2992,GTGTTCTCGGTGTCCGAGC,chr17_72121512_-,SOX9 (6662),1.0,,True
2993,GTGTTGCCCACTCGGCTAC,chr11_63373895_-,SLC22A9 (114571),1.0,,True
2994,GTGTTTAGGTGGTGGCCCT,chr21_34880705_-,RUNX1 (861),1.0,,True
2995,GTGTTTGTCGGGTCTCGCC,chr11_61323036_-,DDB1 (1642),1.0,,True
2996,GTTACCCTTTTGTCACGCT,chr2_43851811_-,ABCG8 (64241),1.0,,True
2997,GTTACCTATGAACGTAAGA,chr1_68439571_+,RPE65 (6121),1.0,,True
2998,GTTACCTGTAACTCAGGAA,chr2_177232402_+,NFE2L2 (4780),1.0,,True
2999,GTTACGCATGATCTGCACG,chr17_41765029_+,JUP (3728),1.0,,True
3000,GTTACTCACTCCCCCTATC,chr19_54773587_+,KIR2DL1 (3802),1.0,,True
3001,GTTACTCCAGTTACCAAAT,chr19_29208026_+,UQCRFS1 (7386),2.0,,True
3002,GTTACTTCGTGGGGAGCCC,chr1_157589244_+,FCRL4 (83417),1.0,,True
3003,GTTAGACAGATTGAGACAC,chr7_102926327_+,FBXL13 (222235),1.0,,True
3004,GTTAGGAACACGTCTCACG,chr7_25226802_+,NPVF (64111),1.0,,True
3005,GTTAGTCGTTTAATAATCA,chr3_132700356_+,NPHP3 (27031),1.0,,True
3006,GTTAGTGGCCGCTCACAGT,chr1_151184391_+,VPS72 (6944),1.0,,True
3007,GTTATAGAGGAACTGTTCA,chr11_78478667_-,NARS2 (79731),1.0,,True
3008,GTTATATATCGACGAAGAA,chr12_48681432_-,KANSL2 (54934),1.0,,True
3009,GTTATCAGCCAAGCTAGCC,chr12_68252827_+,IL22 (50616),1.0,,True
3010,GTTATCATAGGTAGCCCTC,chr16_21209661_+,ZP2 (7783),1.0,,True
3011,GTTATGGATGACGTTGGTC,chr12_55819154_-,ORMDL2 (29095),1.0,,True
3012,GTTATTACAGGGAATCCCA,chr2_186837356_+,ZSWIM2 (151112),1.0,,True
3013,GTTCAAACCACTGGAGCCG,chr5_16465128_+,ZNF622 (90441),1.0,,True
3014,GTTCACAATGATCTGATGC,chr16_23634976_+,PALB2 (79728),1.0,,True
3015,GTTCACCATGGTGCAAGTA,chr3_113786288_+,ATP6V1A (523),1.0,,True
3016,GTTCAGAGAGTAGGCGTCG,chr6_50715339_-,TFAP2D (83741),1.0,,True
3017,GTTCAGGTCACTAATGGCC,chr1_47143785_-,CYP4A22 (284541),1.0,,True
3018,GTTCATGGCGGCCGCGTAG,chr14_37592394_+,FOXA1 (3169),1.0,,True
3019,GTTCCACATTTCCGAAAGG,chr2_186847748_-,ZSWIM2 (151112),1.0,,True
3020,GTTCCCCTCTACTGAACAA,chr4_67929979_-,TMPRSS11A (339967),1.0,,True
3021,GTTCCGGACACCGCGGCTA,chr1_234608854_+,IRF2BP2 (359948),1.0,,True
3022,GTTCCTGTCCAGATACGGC,chr10_125774347_-,MMP21 (118856),1.0,,True
3023,GTTCCTTGACGGGTCCCGG,chr6_44265190_+,NFKBIE (4794),1.0,,True
3024,GTTCGATAAGGACCGAGAT,chr19_48040710_-,CABP5 (56344),1.0,,True
3025,GTTCGGCGGTTTCCGAAAA,chr5_102498649_-,SLCO6A1 (133482),1.0,,True
3026,GTTCGGCTACCTTGCAGAC,chr11_62983948_-,SLC22A6 (9356),1.0,,True
3027,GTTCTACATCTCTTAGAAA,chr2_214780876_+,BARD1 (580),1.0,,True
3028,GTTCTACTTCAGTTTGATA,chr15_59650724_-,GTF2A2 (2958),2.0,,True
3029,GTTCTATGACGCACAAACA,chr19_29207849_+,UQCRFS1 (7386),1.0,,True
3030,GTTCTCATTAGTATATAGG,chr10_116547417_-,PNLIP (5406),1.0,,True
3031,GTTCTCCAATCCCGCCAGA,chr1_86482338_+,CLCA1 (1179),1.0,,True
3032,GTTCTCCATAATCCGGAAT,chr22_36702395_+,CACNG2 (10369),1.0,,True
3033,GTTCTGGATCTTGATCCCA,chr12_7770003_-,NANOGNB (360030),1.0,,True
3034,GTTCTGTCCTAGTGCAGGC,chr22_25225027_+,CRYBB2 (1415),1.0,,True
3035,GTTCTTACTACACCACGGA,chr17_40496291_-,TNS4 (84951),1.0,,True
3036,GTTCTTAGAAATATCAGCC,chr6_41229026_+,TREML4 (285852),1.0,,True
3037,GTTCTTTGCCAACGAGAAG,chr5_151859867_-,GLRA1 (2741),1.0,,True
3038,GTTGAATACTCACAACGAA,chr2_9875912_+,TAF1B (9014),1.0,,True
3039,GTTGACCATCACAGTCCGG,chr6_52187703_-,IL17A (3605),1.0,,True
3040,GTTGAGTGCATTTGTAAAG,chr6_89895026_-,GJA10 (84694),1.0,,True
3041,GTTGCAAGTGCGAGCACTA,chr2_55693712_-,PNPT1 (87178),1.0,,True
3042,GTTGCCATCAAACACCTCC,chr9_21217114_+,IFNA16 (3449),1.0,,True
3043,GTTGCGCCAACCAACCCAA,chr2_135866136_-,MCM6 (4175),1.0,,True
3044,GTTGCTAGTTCAGCAAATA,chr10_60791980_-,CDK1 (983),1.0,,True
3045,GTTGGCCCATGGTTAGGGT,chr17_40487306_+,TNS4 (84951),1.0,,True
3046,GTTGGCCGGAGGAGAAGCA,chr6_112350128_-,RFPL4B (442247),1.0,,True
3047,GTTGGGCCACCAGTAATAG,chr16_20032308_+,GPR139 (124274),1.0,,True
3048,GTTGGGGTATATCTCCTCG,chr5_134200434_-,PPP2CA (5515),1.0,,True
3049,GTTGGGGTCACGACTCGCA,chr13_112556163_-,TUBGCP3 (10426),1.0,,True
3050,GTTGGTAACTGGCTACGCA,chr11_102223634_-,YAP1 (10413),1.0,,True
3051,GTTGGTGATATAGGGCTGC,chr12_68253302_+,IL22 (50616),1.0,,True
3052,GTTGTAAGGTAGACACGCC,chr1_117075824_-,TTF2 (8458),1.0,,True
3053,GTTGTAGTAGGCAACGCCT,chr2_135817629_+,LCT (3938),1.0,,True
3054,GTTGTCGCTGGACATGAGC,chr11_59843898_+,CBLIF (2694),1.0,,True
3055,GTTGTGGGTTGTCGTCGAC,chr14_52708811_+,PSMC6 (5706),1.0,,True
3056,GTTTAAACAGCTTAATCAG,chr7_56057998_+,CCT6A (908),1.0,,True
3057,GTTTACTTACTATCTAGCC,chr11_14295773_+,RRAS2 (22800),1.0,,True
3058,GTTTAGTATGCTGGAGTGG,chr11_18173727_+,MRGPRX4 (117196),1.0,,True
3059,GTTTATCCGGCCGTCTGAC,chr19_46920421_+,ARHGAP35 (2909),1.0,,True
3060,GTTTCAGATCGTGGTCAGA,chr18_41995949_-,PIK3C3 (5289),1.0,,True
3061,GTTTCCAGAGTTCATGGAG,chr19_29611883_-,POP4 (10775),1.0,,True
3062,GTTTCCTGTTAAGGTAGCG,chr7_19708830_+,POLR1F (221830),1.0,,True
3063,GTTTCCTTCGTAGATCAAG,chr16_24906659_+,SLC5A11 (115584),1.0,,True
3064,GTTTCTGAGAGGGCTAAAA,chr2_214781287_-,BARD1 (580),1.0,,True
3065,GTTTGAATTTGACCGCATC,chr1_162759955_+,DDR2 (4921),1.0,,True
3066,GTTTGCACATCCTTCTCAG,chrX_53432401_+,HSD17B10 (3028),1.0,,True
3067,GTTTGGGGCGAGTAGTAGC,chr22_37084764_+,TMPRSS6 (164656),1.0,,True
3068,GTTTGTTGTTGTAATAGCA,chr8_142846532_+,GML (2765),1.0,,True
3069,GTTTGTTTGAGGTCGAGCT,chr8_87236961_-,CNBD1 (168975),1.0,,True
3070,GTTTTGGCGTGGGCAAGCG,chr19_41090128_+,CYP2A13 (1553),1.0,,True
3071,TAAAATGTACTCTAGAGAA,chr5_112864641_+,SRP19 (6728),1.0,,True
3072,TAAACACTCTTCTAGAATC,chr3_156677891_+,TIPARP (25976),1.0,,True
3073,TAAACTTACGAAGGCTGGG,chr6_34767990_-,SNRPC (6631),1.0,,True
3074,TAAACTTACTTTAGATACT,chr17_6649988_+,MED31 (51003),1.0,,True
3075,TAAAGCTATGCTGGAGGCG,chr14_68789958_+,ZFP36L1 (677),1.0,,True
3076,TAAATAGTCCTTACCACTC,chr10_21538910_-,MLLT10 (8028),1.0,,True
3077,TAAATCCATTACATCACCA,chr6_149745958_+,NUP43 (348995),1.0,,True
3078,TAAATCTAGAAAGAAGACT,chr2_226864986_+,RHBDD1 (84236),1.0,,True
3079,TAAATGCCTCGTTACTGGG,chr20_56633551_+,TFAP2C (7022),1.0,,True
3080,TAACCAGTTTGTGGCGGTA,chr1_154331678_+,ATP8B2 (57198),1.0,,True
3081,TAACCTACACACCAAGTGA,chr2_208245362_-,IDH1 (3417),1.0,,True
3082,TAACCTGCCTAGCAAGTGA,chr20_33034913_+,BPIFB6 (128859),1.0,,True
3083,TAACGACGCATCTGGTCAC,chr7_27245161_-,EVX1 (2128),1.0,,True
3084,TAACGTAGGGTGTGCCGTC,chr4_1801998_-,FGFR3 (2261),1.0,,True
3085,TAACGTGGGCAGCACGTCA,chr7_117384840_-,ASZ1 (136991),1.0,,True
3086,TAAGAAGTTGGCTACAATC,chr19_53267516_+,VN1R4 (317703),2.0,,True
3087,TAAGACAATTTATCAGGCA,chr19_29985275_-,URI1 (8725),1.0,,True
3088,TAAGAGAGATTTACTAGAA,chr2_200926848_-,ORC2 (4999),1.0,,True
3089,TAAGAGCCACATTAGGATC,chr11_244427_-,PSMD13 (5719),1.0,,True
3090,TAAGCAGCAAGTGTCAGGG,chr10_15103620_+,RPP38 (10557),1.0,,True
3091,TAAGCAGTATACATGATCC,chr11_123884119_+,TMEM225 (338661),1.0,,True
3092,TAAGGCAGGAGCTATACAG,chr2_226864840_-,RHBDD1 (84236),1.0,,True
3093,TAAGGCCAATTCGTGTCGG,chr10_119065425_+,EIF3A (8661),1.0,,True
3094,TAAGGTGGATCCGTTGGGG,chr1_31293262_+,SNRNP40 (9410),1.0,,True
3095,TAAGTGCTTCACAAATGGC,chr17_62387411_+,EFCAB3 (146779),1.0,,True
3096,TAAGTTCCACAACTCGCGC,chr17_61401798_+,TBX2 (6909),1.0,,True
3097,TAATAAAGTCTCCAGCAAG,chr3_179576639_-,ACTL6A (86),1.0,,True
3098,TAATAAATGTCTCACCCAG,chr18_12955608_-,SEH1L (81929),1.0,,True
3099,TAATATTTTGAAAGCCCAT,chr6_159784735_-,TCP1 (6950),2.0,,True
3100,TAATCTGTCCCCAAATTAA,chr11_73844846_-,MRPL48 (51642),1.0,,True
3101,TAATGAATGTGCTGTACGG,chr20_49066486_-,CSE1L (1434),1.0,,True
3102,TAATGACACGTTACAAGTG,chr7_56058073_-,CCT6A (908),1.0,,True
3103,TAATGAGGATCATATCCAA,chr7_143478004_-,TAS2R41 (259287),1.0,,True
3104,TAATTACTAAGTACCGCAA,chr5_160413956_-,SLU7 (10569),1.0,,True
3105,TAATTCAATACCAACCTGG,chr14_52713967_-,PSMC6 (5706),1.0,,True
3106,TAATTCCAAGCATGGGCGG,chr5_158823230_-,EBF1 (1879),1.0,,True
3107,TACAACTTTGACTCCGTAC,chr16_5073174_-,ALG1 (56052),1.0,,True
3108,TACAAGTTGTGGACTAAGC,chr2_199348968_+,SATB2 (23314),1.0,,True
3109,TACAATGACTTTCCGGGTG,chr16_20032362_+,GPR139 (124274),1.0,,True
3110,TACAATGTACTGGCCCCAA,chr2_97647365_+,COX5B (1329),1.0,,True
3111,TACAATGTGGAACCGGGGC,chr12_114679619_+,TBX3 (6926),1.0,,True
3112,TACACCAGGTTGTTGGTGA,chr17_63910247_+,CSHL1 (1444),1.0,,True
3113,TACACTAACTATCATGAGG,chr14_52711166_+,PSMC6 (5706),1.0,,True
3114,TACAGAGCCGCTGCCCGAC,chr22_20089700_+,DGCR8 (54487),1.0,,True
3115,TACAGAGCGGGATGCCGTC,chr8_86064336_-,PSKH2 (85481),1.0,,True
3116,TACAGCGCCTAATATGATA,chr8_142841194_-,GML (2765),1.0,,True
3117,TACAGGCTAATGATGCCAA,chr10_42796484_+,BMS1 (9790),1.0,,True
3118,TACAGTCATAGCGCCCCAC,chr7_141838003_-,PRSS37 (136242),1.0,,True
3119,TACAGTCCGGTTCAGGATG,chr10_68960186_-,DDX21 (9188),1.0,,True
3120,TACAGTGCTCTCTCAGAGG,chr5_62449937_+,IPO11 (51194),1.0,,True
3121,TACATCATCGTGTTCGTCG,chr6_55174783_+,HCRTR2 (3062),1.0,,True
3122,TACATCGCCCACATGCGCG,chr10_49610933_+,SLC18A3 (6572),1.0,,True
3123,TACATGGCCACGCGGACGA,chr17_45845417_-,SPPL2C (162540),1.0,,True
3124,TACATTATAATGACCCCAA,chr14_20584217_-,RNASE11 (122651),1.0,,True
3125,TACCAACTGATGGACGGAG,chr6_30723625_-,TUBB (203068),3.0,,True
3126,TACCAAGAACTTGGGTAGA,chr12_56361960_+,APOF (319),1.0,,True
3127,TACCAAGGAATGCTTAAAG,chr1_168184047_+,TIPRL (261726),1.0,,True
3128,TACCACATTGATGTCAGCG,chrX_64921829_+,ZC4H2 (55906),1.0,,True
3129,TACCACTGAGGTGCGCGGA,chr2_28894863_-,WDR43 (23160),1.0,,True
3130,TACCAGATGCACCCGAAAC,chr12_13675788_-,GRIN2B (2904),1.0,,True
3131,TACCAGGACGATGCCGAGC,chr17_41769473_-,JUP (3728),1.0,,True
3132,TACCATCCTTAGAGGAGTC,chr7_92534622_-,RBM48 (84060),1.0,,True
3133,TACCCATAGCTGATCATCC,chr17_41765060_-,JUP (3728),1.0,,True
3134,TACCCTCTGATGTGAATGA,chr7_128333313_-,RBM28 (55131),1.0,,True
3135,TACCGCACAGAGATTGCGC,chr5_150521600_+,NDST1 (3340),1.0,,True
3136,TACCGCACCATTCGCATGA,chr11_61795581_+,FEN1 (2237),1.0,,True
3137,TACCGCCACATCGCTGACT,chr1_8867154_-,ENO1 (2023),1.0,,True
3138,TACCGTCAGCTTTAAGGAC,chr20_49078577_-,CSE1L (1434),1.0,,True
3139,TACCGTGCTGACGACCTAA,chr12_101329305_-,UTP20 (27340),1.0,,True
3140,TACCTAGTCCAGTAAAACT,chr3_142555881_-,ATR (545),1.0,,True
3141,TACCTGAACCAATGCTTGG,chr9_27524721_+,IFNK (56832),1.0,,True
3142,TACCTGCCCCAGACTGACC,chr6_30723341_-,TUBB (203068),1.0,,True
3143,TACCTGCCGTACTCAGGTA,chr1_153747070_+,INTS3 (65123),1.0,,True
3144,TACCTTGAAAGCGATGGGC,chr21_34886855_+,RUNX1 (861),1.0,,True
3145,TACCTTGTATGACATGCTC,chr1_93346852_-,DR1 (1810),1.0,,True
3146,TACCTTTGCTAAGCTCGGA,chr17_58692775_-,RAD51C (5889),1.0,,True
3147,TACGAACGGCTCTGCGGCG,chr16_70523380_-,COG4 (25839),1.0,,True
3148,TACGACAGAGATGAATTGA,chr2_208142870_-,CRYGB (1419),2.0,,True
3149,TACGACCACAGCGCCTTCA,chr21_13610610_+,POTED (317754),2.0,,True
3150,TACGAGCTGCGCCTCATGA,chr4_40438586_-,RBM47 (54502),1.0,,True
3151,TACGAGTGCGAGGGCCGCT,chr19_45012211_+,RELB (5971),1.0,,True
3152,TACGATATTTCATCTGGCC,chr5_102480326_-,SLCO6A1 (133482),1.0,,True
3153,TACGATGACCACGAGAGCG,chr17_67826115_+,BPTF (2186),1.0,,True
3154,TACGCGCTTAACCGCATCA,chrX_65534498_-,LAS1L (81887),1.0,,True
3155,TACGCGGCACATGAAGTCC,chr1_153760377_-,INTS3 (65123),1.0,,True
3156,TACGGGTAGAAGAATGCCG,chr6_88057690_+,SPACA1 (81833),1.0,,True
3157,TACGGTGTGTGATGAGCGC,chr6_55255369_+,HCRTR2 (3062),1.0,,True
3158,TACGTGACGCGACCTAGCG,chr5_150527927_+,NDST1 (3340),1.0,,True
3159,TACGTGTGAGTCTAAATGA,chr4_68072335_+,TMPRSS11F (389208),1.0,,True
3160,TACGTTACCGTGCTCAAGG,chr4_1802023_+,FGFR3 (2261),1.0,,True
3161,TACTACAGACGCCCGCTGC,chr20_23688767_-,CST4 (1472),1.0,,True
3162,TACTACCGCAGTGCCAATG,chr3_129095099_-,RAB43 (339122),2.0,,True
3163,TACTAGTGAAGCCGAGAAT,chr2_37231456_-,CEBPZ (10153),1.0,,True
3164,TACTATGGCCCGTTCCAGT,chr10_119059644_+,EIF3A (8661),1.0,,True
3165,TACTCACAGCACCGAAGTA,chr9_92274434_+,IARS1 (3376),1.0,,True
3166,TACTCACCAGCAGGGCAGG,chr3_108756516_+,RETNLB (84666),1.0,,True
3167,TACTGACTCCAAGGAACAG,chr11_74203756_-,PPME1 (51400),1.0,,True
3168,TACTGAGCGATAATATTCA,chr6_26246897_-,H4C7 (8369),1.0,,True
3169,TACTGCGGCCGCGACATGA,chr1_151763378_-,MRPL9 (65005),1.0,,True
3170,TACTGCGTCGAACATGAAG,chr10_34470252_+,PARD3 (56288),1.0,,True
3171,TACTGGAGATTCCAAGGTG,chr6_52187792_-,IL17A (3605),1.0,,True
3172,TACTTACATAATCGCAAAG,chr12_48671819_-,KANSL2 (54934),1.0,,True
3173,TACTTACCATATCGCTGAC,chr2_27231571_-,CAD (790),1.0,,True
3174,TACTTATGGGTGCCATGGG,chr6_32323129_+,TSBP1 (10665),1.0,,True
3175,TACTTGATGCGAACGCCGA,chr19_49007134_-,RUVBL2 (10856),1.0,,True
3176,TACTTGCTGCTCTCTCCCG,chr6_137493977_+,OLIG3 (167826),1.0,,True
3177,TACTTTCCTGTCAGGATAC,chr12_64747878_+,GNS (2799),1.0,,True
3178,TACTTTGTCATCACCAGTC,chr2_37227696_+,CEBPZ (10153),1.0,,True
3179,TAGAAAACAGCGCCGGAAC,chr10_49391190_-,DRGX (644168),1.0,,True
3180,TAGAAATGGGTGTTCGAAC,chr15_63775135_-,HERC1 (8925),1.0,,True
3181,TAGAACAAGCTGATCGGGG,chr11_5509385_+,UBQLN3 (50613),1.0,,True
3182,TAGAACATATGCTGTCAGG,chr6_5216725_-,LYRM4 (57128),1.0,,True
3183,TAGAACTTGAAGGGCAAGT,chr15_59650750_+,GTF2A2 (2958),1.0,,True
3184,TAGAAGGTTAGGAGTAGAC,chr12_39682784_-,REDIC1 (283461),1.0,,True
3185,TAGACCGGCCCGCGTAGCC,chr14_102009928_-,DYNC1H1 (1778),1.0,,True
3186,TAGACTACCTTCACAGACA,chr10_27159740_+,MASTL (84930),1.0,,True
3187,TAGACTTCATCCATGGGAA,chr13_27920495_-,PDX1 (3651),1.0,,True
3188,TAGAGCCCCGTCTTGCCGT,chrX_48791918_-,GATA1 (2623),1.0,,True
3189,TAGAGCCGCTCGGGCCCCT,chr8_142917747_-,CYP11B2 (1585),1.0,,True
3190,TAGATATCGGTCCAGGAGC,chr17_43492852_+,DHX8 (1659),1.0,,True
3191,TAGATCCAGCCATCGGTGC,chr11_62984374_+,SLC22A6 (9356),1.0,,True
3192,TAGATTTCCCAGTTACTCC,chr17_10825506_+,PIRT (644139),1.0,,True
3193,TAGATTTGGCTGGCAACCC,chr17_62395104_+,EFCAB3 (146779),1.0,,True
3194,TAGATTTGGTGTCGGTAGC,chr19_42099611_+,POU2F2 (5452),1.0,,True
3195,TAGCAACCGTAGCCCACGA,chr1_20143529_-,PLA2G2F (64600),1.0,,True
3196,TAGCATAGTGGTCAAGCCT,chr17_28722723_-,RPL23A (6147),1.0,,True
3197,TAGCATTTACGGAGCCGGC,chr6_151880732_-,ESR1 (2099),1.0,,True
3198,TAGCCGGTTGGCTTCGGTC,chr17_45845529_-,SPPL2C (162540),1.0,,True
3199,TAGCCTCATCGCCCCCGAC,chr1_21980889_+,CELA3B (23436),1.0,,True
3200,TAGCCTGATTGGCAGGCGC,chr21_44637598_-,KRTAP10-10 (353333),1.0,,True
3201,TAGCGTTACCTTCGAAGAA,chr4_55114132_+,KDR (3791),1.0,,True
3202,TAGCTCAGCGGGAAGACCA,chr10_123666732_-,GPR26 (2849),1.0,,True
3203,TAGCTGAATATGGACCACA,chr1_86473871_+,CLCA1 (1179),1.0,,True
3204,TAGCTTACCTTATTGAACC,chr1_44214890_-,DMAP1 (55929),1.0,,True
3205,TAGCTTGCAAGTGGTGACC,chr14_20693869_-,ANG (283),1.0,,True
3206,TAGGAAATGGATCAGACAA,chr1_47372967_+,CMPK1 (51727),1.0,,True
3207,TAGGAGGCGCCATCCGCAC,chr12_129337815_+,TMEM132D (121256),1.0,,True
3208,TAGGAGGTCTGGTAGAGCG,chr13_27793045_-,GSX1 (219409),1.0,,True
3209,TAGGAGTTCCTCAGCAGTC,chr17_58692744_-,RAD51C (5889),1.0,,True
3210,TAGGCGGTCACCCAAACGA,chr11_83166409_+,PCF11 (51585),1.0,,True
3211,TAGGCTTCAGGTCCGTGAA,chr19_54058411_+,VSTM1 (284415),1.0,,True
3212,TAGGGCGTTACTACCGCAC,chr7_127615051_-,PAX4 (5078),1.0,,True
3213,TAGGGCTTGAAATCCACAC,chr6_46809479_-,MEP1A (4224),1.0,,True
3214,TAGGTCAATTCCTCACTGA,chr17_40770290_+,KRT26 (353288),1.0,,True
3215,TAGGTCACTATGTTCATGC,chr17_50370086_-,MRPL27 (51264),1.0,,True
3216,TAGGTCCTCAGAGCGCGTG,chr3_128637856_+,RPN1 (6184),1.0,,True
3217,TAGGTGCATGCCGTGATAG,chr14_90264053_+,PSMC1 (5700),1.0,,True
3218,TAGGTGCGCCCGTAGCCTC,chr5_230877_-,SDHA (6389),1.0,,True
3219,TAGGTGGTCCTGCAGCAGG,chr17_41118215_+,KRTAP4-11 (653240),1.0,,True
3220,TAGGTGGTGCATCCAAAAC,chr2_45562657_-,SRBD1 (55133),1.0,,True
3221,TAGGTGTCGATATTGGAAA,chr4_127764355_+,SLC25A31 (83447),1.0,,True
3222,TAGTACCCGAGCTATCAGC,chr6_78997428_-,PHIP (55023),1.0,,True
3223,TAGTCATAGAGCAGGCCGA,chr8_101543413_-,GRHL2 (79977),1.0,,True
3224,TAGTCCTACACAGGATCCC,chr5_177385999_+,SLC34A1 (6569),1.0,,True
3225,TAGTCGTACCATATGCAGA,chr1_70228550_+,SRSF11 (9295),1.0,,True
3226,TAGTCTCGGCGGATGACAA,chr19_49497952_-,RPS11 (6205),1.0,,True
3227,TAGTCTGTCATTAGTCAAC,chr12_121331426_-,ANAPC5 (51433),1.0,,True
3228,TAGTGAAGCCCATTAGCCG,chr10_27155551_+,MASTL (84930),1.0,,True
3229,TAGTGGCCCTTAGAGAGCT,chr1_186357444_-,TPR (7175),1.0,,True
3230,TAGTGGGGCGCTCACCAGC,chr16_30397811_-,ZNF48 (197407),1.0,,True
3231,TAGTGGTGCTGATTCTAGT,chr11_18173766_+,MRGPRX4 (117196),1.0,,True
3232,TAGTGTGCGCCCGCGGGCT,chr16_13920278_+,ERCC4 (2072),1.0,,True
3233,TAGTTTTGTGTATTTACCG,chr10_58386232_+,TFAM (7019),1.0,,True
3234,TATAACCATCGATGAAATC,chrX_71537973_-,OGT (8473),1.0,,True
3235,TATAACGCTGTCATGGACG,chr14_21366493_-,SUPT16H (11198),1.0,,True
3236,TATAAGCTCATCCTCAAAA,chr10_50844018_+,A1CF (29974),1.0,,True
3237,TATACCATCGCTGTAAAGG,chr14_21369856_-,SUPT16H (11198),1.0,,True
3238,TATACGCGCCTGTCCACTC,chr9_136519449_+,NOTCH1 (4851),1.0,,True
3239,TATACTGGTGAACTCAGGG,chr13_73062159_-,KLF5 (688),1.0,,True
3240,TATAGAGAGGTCGCAGCAC,chr20_35698522_+,NFS1 (9054),1.0,,True
3241,TATAGGTAGTAAGTCTCCA,chr20_50737990_-,PARD6B (84612),1.0,,True
3242,TATAGTATGATCAGATCGG,chr6_132617895_-,TAAR2 (9287),1.0,,True
3243,TATAGTTCTGGGCACTCAA,chr1_152357346_-,FLG2 (388698),1.0,,True
3244,TATATCACTATAGGTGCGA,chr2_55667090_-,PNPT1 (87178),1.0,,True
3245,TATATCACTCTTGGAGCGG,chr16_13935214_+,ERCC4 (2072),1.0,,True
3246,TATATTCCTGCTTTGAAAT,chr3_112827219_+,CD200R1L (344807),1.0,,True
3247,TATCAAGTTACTGTGTATC,chr12_68836690_+,MDM2 (4193),1.0,,True
3248,TATCAGGTAGGAATTCACC,chr10_84224550_+,LRIT2 (340745),1.0,,True
3249,TATCATATAAAACTCTGCC,chr11_78493123_+,NARS2 (79731),1.0,,True
3250,TATCATCAAACTCCTCCTG,chr9_21409365_-,IFNA8 (3445),1.0,,True
3251,TATCATTAAGCAATGCCAC,chr2_197421064_+,SF3B1 (23451),1.0,,True
3252,TATCCACAACTACACCATC,chr5_146515654_-,GPR151 (134391),1.0,,True
3253,TATCCACGACCAGTGTGGC,chr6_55248745_-,HCRTR2 (3062),1.0,,True
3254,TATCCAGAGAGCTTCGACC,chr16_56818696_-,NUP93 (9688),1.0,,True
3255,TATCCGGCCCGATTTCAAA,chr20_63307620_-,COL20A1 (57642),1.0,,True
3256,TATCGTGTATGTGATGACC,chr3_128060148_+,SEC61A1 (29927),1.0,,True
3257,TATCTCACAGTAGCGGGTA,chr6_30160736_+,TRIM10 (10107),1.0,,True
3258,TATCTCCATAGAGTGGGCA,chr19_53267397_-,VN1R4 (317703),2.0,,True
3259,TATCTCGTGCTCTCCACCA,chrX_101360590_+,BTK (695),1.0,,True
3260,TATCTGCGGGGCCATTCGT,chr20_62387905_+,RPS21 (6227),1.0,,True
3261,TATCTGGTAACGCTCGAAA,chr17_67726574_+,NOL11 (25926),1.0,,True
3262,TATCTTTTGTAGGTTACAT,chr16_18788138_-,RPS15A (6210),1.0,,True
3263,TATGAAACGAATCATACCC,chrX_40701184_-,MED14 (9282),1.0,,True
3264,TATGAAGCACATAAGCGGT,chr8_66597375_-,MYBL1 (4603),1.0,,True
3265,TATGATCACGATGTCCAGA,chr19_54773615_-,KIR2DL1 (3802),1.0,,True
3266,TATGATCCATAGCTGCACA,chr8_66595633_+,MYBL1 (4603),1.0,,True
3267,TATGCCTCCTGCCAGATGG,chr3_138946064_-,FOXL2 (668),1.0,,True
3268,TATGCTAAAGCACACTCGA,chr4_87845439_+,MEPE (56955),1.0,,True
3269,TATGGAAGGGGAATGGCCA,chr4_68068718_-,TMPRSS11F (389208),1.0,,True
3270,TATGTATAATGGCTGACCC,chr6_30712345_+,MDC1 (9656),1.0,,True
3271,TATGTGCGGAGTCACCCCT,chr3_49103945_-,QARS1 (5859),1.0,,True
3272,TATGTTGATCAAGCAGAGT,chr5_43298862_-,HMGCS1 (3157),1.0,,True
3273,TATGTTTCGGACGACAGTC,chr1_153302471_+,PGLYRP3 (114771),1.0,,True
3274,TATTAATGTAGCCTCACGG,chr3_179198938_-,PIK3CA (5290),1.0,,True
3275,TATTACCCTCCCTTCGATA,chr3_138707163_-,PIK3CB (5291),1.0,,True
3276,TATTATCTAAGTACCGCAG,chr6_41930651_+,BYSL (705),1.0,,True
3277,TATTATTATGTAGGGGACC,chr4_119319640_-,FABP2 (2169),1.0,,True
3278,TATTCCAGATCCGGCGGGC,chr6_31792877_+,VARS1 (7407),1.0,,True
3279,TATTCGGTTGTTCTAGCAA,chr21_39178488_+,PSMG1 (8624),1.0,,True
3280,TATTCTGCTTCCAACTCAG,chr2_200935844_-,ORC2 (4999),1.0,,True
3281,TATTGAAGGCATCTGCAAC,chr6_25923745_+,SLC17A2 (10246),1.0,,True
3282,TATTGCATGGAGTTACAAC,chr12_69256787_-,CPSF6 (11052),1.0,,True
3283,TATTGCGACGAAGTGCTGC,chr1_182952742_-,SHCBP1L (81626),1.0,,True
3284,TATTGGCTCTACTCCAGAG,chr22_36702467_-,CACNG2 (10369),1.0,,True
3285,TATTGGGTCGATGGCGACA,chr13_103065885_-,SLC10A2 (6555),1.0,,True
3286,TATTTGCAGCTACACAATC,chr12_69257738_+,CPSF6 (11052),1.0,,True
3287,TATTTTCATGGTCCCGCTC,chr20_57514692_+,CTCFL (140690),1.0,,True
3288,TATTTTCGAGGGAAGAACT,chr8_10529538_+,PRSS55 (203074),1.0,,True
3289,TATTTTGCATATTCAGGCG,chr8_86229619_-,SLC7A13 (157724),1.0,,True
3290,TCAAAATCGTAAGTGGTGG,chr14_45231170_+,MIS18BP1 (55320),1.0,,True
3291,TCAAAGGCAGAATAATCCG,chr1_114581315_+,BCAS2 (10286),1.0,,True
3292,TCAAATATGACCCAAGCAT,chr1_23694760_+,RPL11 (6135),1.0,,True
3293,TCAAATATGACTGTAACCA,chr12_11091691_-,TAS2R43 (259289),1.0,,True
3294,TCAACCCGGACCGTGCACT,chr1_53461503_+,DMRTB1 (63948),1.0,,True
3295,TCAACCTATAGACAAAGCA,chr11_33141744_-,CSTF3 (1479),1.0,,True
3296,TCAACGCGCTGCAAAGCTG,chr7_116731734_-,MET (4233),1.0,,True
3297,TCAAGATGACTGTTCTGCT,chr3_184038163_+,HTR3D (200909),1.0,,True
3298,TCAAGCATAGTCAAGATCC,chr17_67736018_+,NOL11 (25926),2.0,,True
3299,TCAAGCTTCGTAATGAGTA,chr4_154547817_-,PLRG1 (5356),1.0,,True
3300,TCAAGGCCCGACACAGGTA,chr2_135870348_+,MCM6 (4175),1.0,,True
3301,TCAATAGTTACCAGCCCAT,chr21_30319634_-,KRTAP26-1 (388818),1.0,,True
3302,TCAATCAGTTCCATCTCCG,chr19_48040646_+,CABP5 (56344),1.0,,True
3303,TCAATGACTCGGGTCATGC,chr3_128632102_+,RPN1 (6184),1.0,,True
3304,TCAATTGAGTTTGCCCGGA,chr1_205101609_-,RBBP5 (5929),1.0,,True
3305,TCAATTGTTTCTCTAGACA,chr11_95813021_-,CEP57 (9702),2.0,,True
3306,TCACAATCCCACGAAATCC,chr6_52187664_+,IL17A (3605),1.0,,True
3307,TCACACGAGTTGAAGAAGG,chrX_136743664_-,ARHGEF6 (9459),1.0,,True
3308,TCACAGCCTGGGTAATAGG,chr9_21217203_-,IFNA16 (3449),1.0,,True
3309,TCACAGGAGGATGCTCAAG,chr3_12503361_-,TSEN2 (80746),1.0,,True
3310,TCACAGGCCGTCTGGCAGC,chr21_44637574_-,KRTAP10-10 (353333),1.0,,True
3311,TCACAGGCTTCTTATTAGC,chr11_62192107_+,SCGB1D1 (10648),1.0,,True
3312,TCACATTCACACCGAAGTC,chr12_125091511_-,AACS (65985),1.0,,True
3313,TCACCACACAGATCCGAAT,chr19_55858126_-,NLRP4 (147945),1.0,,True
3314,TCACCAGACGGCTTTAACA,chr20_6112593_+,FERMT1 (55612),1.0,,True
3315,TCACCCGACTGAAAATCAG,chr5_135894073_+,IL9 (3578),1.0,,True
3316,TCACCGACTTCCTCCGCCG,chr17_72122818_-,SOX9 (6662),1.0,,True
3317,TCACCTCGACCACGGCGGC,chr5_225550_-,SDHA (6389),1.0,,True
3318,TCACCTTAAGCTGCAAAGT,chr2_113028950_+,IL36B (27177),1.0,,True
3319,TCACCTTGATCGTTTCGGC,chr12_57751218_+,CDK4 (1019),1.0,,True
3320,TCACGACTTCAGGATCCCA,chr4_17813115_+,NCAPG (64151),1.0,,True
3321,TCACGCCAAACATATGAGC,chr10_73160537_+,ECD (11319),1.0,,True
3322,TCACGCTGGTCGACTGCCC,chr3_128153785_+,EEFSEC (60678),1.0,,True
3323,TCACGGAATAGAGGCAGCT,chr21_28878309_-,HEMK2 (29104),1.0,,True
3324,TCACGGAGCAAGGCGCCGA,chr17_39605937_-,NEUROD2 (4761),1.0,,True
3325,TCACTCGATCTGGTCGGAC,chr19_6821847_-,VAV1 (7409),1.0,,True
3326,TCACTGGTTGGTGTAGGCC,chr9_110323985_+,TXNDC8 (255220),1.0,,True
3327,TCACTGTTCGGGAAATAAG,chr3_53877694_-,ACTR8 (93973),1.0,,True
3328,TCACTTACCGCTTGCAGCA,chr1_31296618_+,SNRNP40 (9410),1.0,,True
3329,TCAGAAACCCTCAGTGGGA,chr3_156678142_+,TIPARP (25976),1.0,,True
3330,TCAGAAGTTCATATGCTTC,chr2_127853060_-,POLR2D (5433),2.0,,True
3331,TCAGAATAAAAACTTAGGG,chr7_143183719_-,TAS2R39 (259285),1.0,,True
3332,TCAGACAAGGTTCAACCGA,chr2_200941252_-,ORC2 (4999),1.0,,True
3333,TCAGACCTCGAATTAGCAA,chr15_44554652_+,EIF3J (8669),2.0,,True
3334,TCAGACGTTGGCAAAAGTC,chr2_68866270_-,BMP10 (27302),1.0,,True
3335,TCAGATCGTGCACGTCCGC,chr11_102111019_+,YAP1 (10413),1.0,,True
3336,TCAGCAGAAGCACTCATGC,chr19_29207954_+,UQCRFS1 (7386),2.0,,True
3337,TCAGGAAAGTCGAAAACGT,chr3_142550166_+,ATR (545),1.0,,True
3338,TCAGGAACCTCAATACATA,chr18_31403448_-,DSG4 (147409),1.0,,True
3339,TCAGGAGTCTCCACATGGA,chr14_104776680_+,AKT1 (207),1.0,,True
3340,TCAGGTGATTGGTTGGATC,chr12_68835871_+,MDM2 (4193),1.0,,True
3341,TCAGGTGTCGCATTAGCAC,chr11_61795928_-,FEN1 (2237),1.0,,True
3342,TCAGTACTCAGCTTATCAC,chr3_156678307_-,TIPARP (25976),1.0,,True
3343,TCAGTGGGCGTAATGTCCC,chr4_88390874_+,HERC6 (55008),1.0,,True
3344,TCATAATAAGAGCCTCAAA,chr19_57129650_-,USP29 (57663),1.0,,True
3345,TCATACTGAGCAATTCAAT,chr1_114576707_+,BCAS2 (10286),1.0,,True
3346,TCATAGGGCAATACGGCAA,chr3_109100431_-,MORC1 (27136),1.0,,True
3347,TCATATAACAATACCTCGG,chr14_45242114_-,MIS18BP1 (55320),1.0,,True
3348,TCATATGGCGTCCTGTGAA,chr8_87206000_-,CNBD1 (168975),1.0,,True
3349,TCATATTCTCCAAGCAATA,chr2_85046251_+,KCMF1 (56888),1.0,,True
3350,TCATATTCTGCTGCACTGG,chr11_102162540_-,YAP1 (10413),2.0,,True
3351,TCATCAACAAGATGCAGGT,chr5_135895703_-,IL9 (3578),1.0,,True
3352,TCATCAAGGTGCCGCGCGA,chr3_138946372_-,FOXL2 (668),1.0,,True
3353,TCATCCGGACCATCATCGG,chr3_128153818_+,EEFSEC (60678),1.0,,True
3354,TCATCGAGGCGGCGCACCT,chr3_101676678_-,ZBTB11 (27107),1.0,,True
3355,TCATCTTCATGCACTGAAC,chr8_58851558_+,TOX (9760),1.0,,True
3356,TCATCTTCTAAAAGTACCG,chr14_44506305_+,FSCB (84075),1.0,,True
3357,TCATGATTCCCTCGAAGAA,chr5_134201993_+,PPP2CA (5515),1.0,,True
3358,TCATGATTGCTCAGGTTCC,chr17_6427020_+,AIPL1 (23746),1.0,,True
3359,TCATGGAGCTCGCGGTCCA,chr5_113434558_-,TSSK1B (83942),1.0,,True
3360,TCATGGTTCGGACAGTCCA,chr6_25921194_-,SLC17A2 (10246),1.0,,True
3361,TCATGTTCATGCCGCTCGC,chr14_36517997_+,NKX2-1 (7080),1.0,,True
3362,TCATTCTGAATAGGTACAC,chr18_31390779_+,DSG4 (147409),1.0,,True
3363,TCATTGAGCTCAGCCGACA,chr16_70514348_-,COG4 (25839),1.0,,True
3364,TCATTGGAGCAGATGGAGC,chr17_34361809_+,CCL1 (6346),1.0,,True
3365,TCATTTCTCCGGATGCCAA,chr1_23693830_-,RPL11 (6135),1.0,,True
3366,TCCAAATCATGGGTACCAA,chr2_222634518_+,FARSB (10056),1.0,,True
3367,TCCAAGCATCAAGGTCATA,chr11_33141923_+,CSTF3 (1479),1.0,,True
3368,TCCAATGCGGTGCTCGCCG,chr4_1801511_-,FGFR3 (2261),1.0,,True
3369,TCCAATGTTGCCAGGAATG,chr17_41440667_+,KRT38 (8687),1.0,,True
3370,TCCAATTAATTACCTTAGG,chr5_139614771_-,UBE2D2 (7322),1.0,,True
3371,TCCACCTCTACCAGGCCAC,chr2_17816783_-,MSGN1 (343930),1.0,,True
3372,TCCAGAGCTAGCGAGCCGC,chr2_29920394_+,ALK (238),1.0,,True
3373,TCCAGAGGAAATTGCACGG,chr13_44979212_-,NUFIP1 (26747),2.0,,True
3374,TCCAGGTCGGTTGTACAAA,chr17_40770326_+,KRT26 (353288),1.0,,True
3375,TCCAGGTGGAGAAGGCATC,chr1_66801076_-,INSL5 (10022),1.0,,True
3376,TCCAGTATATTGAGTAACA,chr6_89895138_-,GJA10 (84694),1.0,,True
3377,TCCATAAAGTCCCTCTGAA,chr6_89894914_+,GJA10 (84694),1.0,,True
3378,TCCATACAAGAGCTTCAGG,chr4_165040267_+,TRIM60 (166655),1.0,,True
3379,TCCATAGTTACCCTGACAT,chr3_196257826_+,PCYT1A (5130),1.0,,True
3380,TCCATCCAATGAAGACCAC,chr20_31372981_+,DEFB118 (117285),1.0,,True
3381,TCCATCGGTTATACCTACG,chr19_45057784_+,CLASRP (11129),1.0,,True
3382,TCCATCTGGTTCTGCGTAA,chr1_179564694_-,NPHS2 (7827),1.0,,True
3383,TCCATGCGCTGTGCGTAGG,chr11_116821579_+,APOA4 (337),1.0,,True
3384,TCCATTCCTCACCATGAAG,chr2_68866493_-,BMP10 (27302),1.0,,True
3385,TCCATTTCTAATAAAAGCT,chr1_157587981_-,FCRL4 (83417),1.0,,True
3386,TCCCACTACGAAACGCTCC,chr17_57257542_+,MSI2 (124540),1.0,,True
3387,TCCCCATCTAAAATTGCCC,chr16_28495921_-,APOBR (55911),1.0,,True
3388,TCCCCCGGGGGGGTCGAGT,chr2_15942188_-,MYCN (4613),1.0,,True
3389,TCCCCGTGTTCAAGAGTGA,chr20_33034861_+,BPIFB6 (128859),1.0,,True
3390,TCCCGCAGGTTTGTGCTAC,chr7_44117007_-,POLD2 (5425),1.0,,True
3391,TCCCGCATAGATAGCACCC,chr19_51265825_-,SIGLECL1 (284369),1.0,,True
3392,TCCCGCCGGCCATCGAACT,chr9_135698426_+,SOHLH1 (402381),1.0,,True
3393,TCCCGCGTGCAAGTGAGTA,chr9_77020004_-,FOXB2 (442425),1.0,,True
3394,TCCCGCTGATCCGGCCGTC,chr12_4445261_+,FGF6 (2251),1.0,,True
3395,TCCCTAGCATGTTTCGCCA,chr18_41970335_+,PIK3C3 (5289),1.0,,True
3396,TCCCTCCCAGACCACTCGC,chr8_58939468_-,TOX (9760),1.0,,True
3397,TCCCTTACGAAGCAGACGA,chr6_25726429_+,H2AC1 (221613),1.0,,True
3398,TCCCTTGAGCGGCCAAAGC,chr3_50253141_-,GNAI2 (2771),1.0,,True
3399,TCCGAAGAGTTTATCAACG,chr11_33105633_-,CSTF3 (1479),1.0,,True
3400,TCCGACTCTGTATTTGGCA,chrX_55623851_-,FOXR2 (139628),1.0,,True
3401,TCCGAGCGCCAGAAGATCA,chr1_53459598_+,DMRTB1 (63948),1.0,,True
3402,TCCGCACAATGTTGGACGC,chr10_47322983_-,GDF2 (2658),1.0,,True
3403,TCCGCAGATTAACTATGGC,chr22_30461685_-,SEC14L3 (266629),1.0,,True
3404,TCCGCCAGCGCGGTCCAGT,chr3_38138839_-,MYD88 (4615),1.0,,True
3405,TCCGCCATCCCTATTAACA,chr6_10404685_-,TFAP2A (7020),1.0,,True
3406,TCCGCCGAGTCTTTCCCCG,chr14_35534667_+,INSM2 (84684),1.0,,True
3407,TCCGCCTTCTCCAAGGCGA,chr14_88263272_+,KCNK10 (54207),1.0,,True
3408,TCCGCGTACATGTCTAGCG,chr17_7931512_+,TRAPPC1 (58485),1.0,,True
3409,TCCGGATCAAAAATAGAGT,chr1_94231499_+,ARHGAP29 (9411),1.0,,True
3410,TCCGGATTCTTGATGAAGA,chr6_49786616_-,PGK2 (5232),1.0,,True
3411,TCCGTAGGCCATTGAAGAG,chr7_89334345_-,ZNF804B (219578),1.0,,True
3412,TCCGTCACGGGTGACAGCT,chr21_43094706_+,U2AF1 (7307),2.0,,True
3413,TCCGTTGGTGATGACCGGG,chr2_161416859_-,TBR1 (10716),1.0,,True
3414,TCCTACGGTCGATGGCACT,chr1_156727445_-,ISG20L2 (81875),1.0,,True
3415,TCCTATAATACGGTAGCAC,chr21_33551293_+,SON (6651),1.0,,True
3416,TCCTCACTAGCGCAGCGTG,chr12_57771982_+,METTL1 (4234),1.0,,True
3417,TCCTCTCTCAGATCAGTCA,chr6_41336323_-,NCR2 (9436),1.0,,True
3418,TCCTGACCAAGGAAAGGCT,chr12_55819404_+,ORMDL2 (29095),1.0,,True
3419,TCCTGGAACATACTCCGGT,chr10_103099975_+,NT5C2 (22978),1.0,,True
3420,TCCTGGACTATCCGGGAAC,chrX_70134050_-,IGBP1 (3476),1.0,,True
3421,TCCTGGTTCCTCTCGGGTG,chr14_35534419_-,INSM2 (84684),1.0,,True
3422,TCCTGTATTTGAAAGAGCT,chr4_154797908_+,RBM46 (166863),1.0,,True
3423,TCCTGTCGTTCAGGCGGCC,chr17_80822210_-,RPTOR (57521),1.0,,True
3424,TCCTTACCTAGTATTCGGC,chr12_48679663_+,KANSL2 (54934),1.0,,True
3425,TCCTTAGGAAACGACCACT,chr1_28535266_+,RCC1 (1104),1.0,,True
3426,TCCTTCCGGCTTGTACCAC,chr3_169116371_-,MECOM (2122),1.0,,True
3427,TCCTTGGCGTTGCGACGTA,chr17_80707904_-,RPTOR (57521),1.0,,True
3428,TCCTTTTCTTTAGGATAAC,chr15_44550878_+,EIF3J (8669),1.0,,True
3429,TCGAAAGGATCTCAGAGCT,chr19_4117491_-,MAP2K2 (5605),1.0,,True
3430,TCGAAGGGGGGTTGCGCCC,chr13_44989171_+,NUFIP1 (26747),1.0,,True
3431,TCGACAGCGGCAAGTACCC,chr6_393262_+,IRF4 (3662),1.0,,True
3432,TCGACCTCCCGGTTACCCT,chr19_1490213_+,PCSK4 (54760),1.0,,True
3433,TCGACGCTGAACAGACGCG,chr1_47416958_-,FOXE3 (2301),1.0,,True
3434,TCGACTAACCATTAATAAA,chr2_61493045_+,XPO1 (7514),1.0,,True
3435,TCGAGAATATCCAAGAGAC,chr12_25227369_+,KRAS (3845),1.0,,True
3436,TCGAGCAGTCGGCCTACAG,chr3_38138956_-,MYD88 (4615),1.0,,True
3437,TCGATACTTTCGGCTGGCG,chr17_7042603_-,SLC16A11 (162515),1.0,,True
3438,TCGATCACGTTCCAGGACC,chr17_43492810_+,DHX8 (1659),1.0,,True
3439,TCGATCTCAATCTTCAGTG,chr12_52848644_+,KRT78 (196374),1.0,,True
3440,TCGATGAAGCTGCAGACGG,chr7_76480621_-,DTX2 (113878),1.0,,True
3441,TCGATTAGCAGAAGAGTCC,chr6_126346249_+,CENPW (387103),1.0,,True
3442,TCGATTGAGTTTTACCTCA,chr22_19433347_-,MRPL40 (64976),1.0,,True
3443,TCGCAAGTGACAGTGCCTA,chr16_21210192_+,ZP2 (7783),1.0,,True
3444,TCGCAGAACATCAGGATCG,chr10_116551191_+,PNLIP (5406),1.0,,True
3445,TCGCATGTTCACAAATCCG,chr6_37453294_+,CMTR1 (23070),1.0,,True
3446,TCGCCACAGAGTACCAGCA,chr15_73885009_+,TBC1D21 (161514),1.0,,True
3447,TCGCCCCCAGACCTAAAAT,chr1_204410942_-,PPP1R15B (84919),1.0,,True
3448,TCGCCCTTCCATGGGACAG,chr22_43889456_-,PNPLA5 (150379),1.0,,True
3449,TCGCCGCCGGGTATCGTCG,chr3_196502996_-,RNF168 (165918),1.0,,True
3450,TCGCCGTAGGTCTTTGCAA,chr7_74249773_-,RFC2 (5982),1.0,,True
3451,TCGCGACTTCACAGCATCG,chr18_59273103_-,RAX (30062),1.0,,True
3452,TCGCGCTTGTTCACGGGAA,chr2_15942650_-,MYCN (4613),1.0,,True
3453,TCGCGGGCAGGGCCCCTAA,chrX_118825515_-,ZCCHC12 (170261),1.0,,True
3454,TCGCTCAGTGTCTTGAAAC,chr1_152410825_+,CRNN (49860),1.0,,True
3455,TCGCTGAGCCGCCATACGA,chr2_218267535_+,AAMP (14),1.0,,True
3456,TCGCTTTTCCGTGCAATGA,chr20_57514612_+,CTCFL (140690),1.0,,True
3457,TCGGAAGGACATGATCCGC,chr1_154929104_-,PMVK (10654),1.0,,True
3458,TCGGAAGTAGCGCGCCGAC,chr20_664319_+,SCRT2 (85508),1.0,,True
3459,TCGGACCTTCAGATTCGTC,chr3_112827459_-,CD200R1L (344807),1.0,,True
3460,TCGGCATGTCGAGACCAAG,chr16_21209717_+,ZP2 (7783),1.0,,True
3461,TCGGCCATGCCATAAGTCG,chr19_45059333_-,CLASRP (11129),1.0,,True
3462,TCGGCCCGGCGAGAGATAG,chr1_150579388_-,MCL1 (4170),1.0,,True
3463,TCGGCCGTGGCGTTCGCCG,chr11_77039777_-,B3GNT6 (192134),1.0,,True
3464,TCGGCGTTAAGTTCGAGGG,chr1_151400025_+,PSMB4 (5692),1.0,,True
3465,TCGGGAGATGACGAAGACG,chr4_1799773_+,FGFR3 (2261),1.0,,True
3466,TCGGGCCTATAATTGGGCC,chr19_47802221_+,TPRX1 (284355),1.0,,True
3467,TCGGGTCGTTTACCCCATC,chr6_106105060_+,PRDM1 (639),1.0,,True
3468,TCGGGTTGCTACAGAGGAT,chr1_42163484_+,GUCA2A (2980),1.0,,True
3469,TCGGTATTCATCATCCACG,chr2_130345391_-,IMP4 (92856),1.0,,True
3470,TCGGTCAAAGTGCTCGGCA,chr17_7043385_+,SLC16A11 (162515),1.0,,True
3471,TCGTAGAAGTCCCCAACGA,chr10_34399383_-,PARD3 (56288),1.0,,True
3472,TCGTATTTACCCACGCTAC,chr3_138712292_+,PIK3CB (5291),1.0,,True
3473,TCGTCATCCAAATATAGTC,chr10_60784856_+,CDK1 (983),1.0,,True
3474,TCGTCCAAAACTTATGCAA,chr7_31338771_-,NEUROD6 (63974),1.0,,True
3475,TCGTGCGGAGACAACAGCA,chr4_88379072_+,HERC6 (55008),1.0,,True
3476,TCGTGCTCGTGGCTCGTCG,chr19_51032025_+,KLK12 (43849),1.0,,True
3477,TCGTGGACTGGAATTGCAG,chr3_179576275_-,ACTL6A (86),1.0,,True
3478,TCGTGTCTCCAGAGTCACG,chr2_29072454_-,PCARE (388939),1.0,,True
3479,TCGTTACACTTGTAGGGCC,chr20_57518882_+,CTCFL (140690),1.0,,True
3480,TCGTTATGGATAGTAAAAG,chr10_37132257_-,ANKRD30A (91074),1.0,,True
3481,TCGTTGGAGCGTTCGTAGC,chr20_58905437_-,GNAS (2778),1.0,,True
3482,TCGTTGTCTGCTGAAACAC,chr20_6096999_-,FERMT1 (55612),1.0,,True
3483,TCGTTTGTGCCCCTCCAAG,chr11_128807190_-,FLI1 (2313),1.0,,True
3484,TCTAACATCTTATATGAAG,chr3_66262150_+,SLC25A26 (115286),1.0,,True
3485,TCTACAGGTTATTATGACC,chr2_197423884_-,SF3B1 (23451),1.0,,True
3486,TCTACAGTGGCTGTTGAAG,chr20_37768032_+,CTNNBL1 (56259),1.0,,True
3487,TCTACCTCCTACGAGAGAT,chr2_186849023_-,ZSWIM2 (151112),1.0,,True
3488,TCTACTCTCAGGTTTGGAC,chr7_141837881_-,PRSS37 (136242),1.0,,True
3489,TCTAGACCAGTCTGCAACT,chr11_95821871_-,CEP57 (9702),1.0,,True
3490,TCTAGATATTTGCCGAGAG,chr14_52711420_+,PSMC6 (5706),1.0,,True
3491,TCTAGTGACAGACAGCGGC,chr17_67718064_+,NOL11 (25926),1.0,,True
3492,TCTATGTAACACAGCCCAT,chr1_154331990_-,ATP8B2 (57198),1.0,,True
3493,TCTCAAATACGGGACAACA,chr9_103003252_+,CYLC2 (1539),1.0,,True
3494,TCTCACAGTACTTATATGG,chr20_45608763_+,WFDC9 (259240),1.0,,True
3495,TCTCACCCCGGCAAGATGC,chr9_77020303_+,FOXB2 (442425),1.0,,True
3496,TCTCACGTAGTTGGCCCAG,chr19_1487973_+,PCSK4 (54760),1.0,,True
3497,TCTCCAACAAGAGAATAGT,chr2_97647429_+,COX5B (1329),1.0,,True
3498,TCTCCCTTGAACGTGGTAC,chr1_91976394_+,BRDT (676),1.0,,True
3499,TCTCCTCTGATAGAACTGC,chr12_57449331_+,INHBC (3626),1.0,,True
3500,TCTCGCGAGCTCAGAGCGG,chr14_68790317_+,ZFP36L1 (677),1.0,,True
3501,TCTCGGGATACAGACCAAT,chr3_179210518_-,PIK3CA (5290),1.0,,True
3502,TCTCGGTGAACGATGCAAT,chr12_57751041_+,CDK4 (1019),1.0,,True
3503,TCTCTATATCAAAGCAGCA,chr12_68225609_-,IL26 (55801),1.0,,True
3504,TCTCTATTCATGTTCACAT,chr12_39646352_-,REDIC1 (283461),1.0,,True
3505,TCTCTCCTTTTACTGCACT,chr19_53267563_-,VN1R4 (317703),1.0,,True
3506,TCTCTCGATCCCGTAGGCC,chr6_106105104_-,PRDM1 (639),1.0,,True
3507,TCTCTCTACAATGGCTGTC,chr21_30440478_+,KRTAP15-1 (254950),1.0,,True
3508,TCTCTTTGTGCTAGCCAAG,chr14_94467380_-,SERPINA9 (327657),1.0,,True
3509,TCTGAACCGACCTAAGAGC,chr11_31510002_-,ELP4 (26610),1.0,,True
3510,TCTGACTGAGTCATAAGAA,chr11_128805372_-,FLI1 (2313),1.0,,True
3511,TCTGAGGACCTTTTGGGAT,chr6_52187753_-,IL17A (3605),1.0,,True
3512,TCTGATCGTGTCTGGGGAC,chr14_22928532_+,PRMT5 (10419),1.0,,True
3513,TCTGCAGTTAACGTTGCCA,chr4_99315902_-,ADH1B (125),1.0,,True
3514,TCTGCCAGAACTGGGGAAC,chr11_33141709_+,CSTF3 (1479),1.0,,True
3515,TCTGCCATTGAGGACGGCC,chr10_117197627_+,KCNK18 (338567),1.0,,True
3516,TCTGCTCAGAGCTAGCGCT,chr1_70221765_-,SRSF11 (9295),1.0,,True
3517,TCTGCTGGCATAGCTGCAC,chr20_57515769_+,CTCFL (140690),1.0,,True
3518,TCTGGAACAAAGATCCCTG,chr20_45610092_-,WFDC9 (259240),1.0,,True
3519,TCTGGAGAATGGTACAAGA,chr5_160414335_-,SLU7 (10569),1.0,,True
3520,TCTGGGACAAGCCCAATGC,chr6_41228913_+,TREML4 (285852),1.0,,True
3521,TCTGGGATTCCAAGGACAA,chr12_56362052_+,APOF (319),1.0,,True
3522,TCTGGTGTCCAGAGAAGCA,chr11_111308175_-,POU2AF3 (120376),1.0,,True
3523,TCTGTAAGCGCCAGAGTGC,chr2_208142911_+,CRYGB (1419),1.0,,True
3524,TCTGTATGGCGTGTGACAT,chr18_12955490_+,SEH1L (81929),2.0,,True
3525,TCTGTGTCTCAACCAGAAC,chr3_51896879_+,IQCF1 (132141),2.0,,True
3526,TCTGTTACTTTCATAAGCC,chr4_73486040_-,AFM (173),1.0,,True
3527,TCTTAATCAACTAGGCGAG,chr11_101062492_-,PGR (5241),1.0,,True
3528,TCTTACCCGGTGTTCGGCC,chr3_196247376_+,PCYT1A (5130),1.0,,True
3529,TCTTATGAGTCATCTAGGT,chr6_49786995_-,PGK2 (5232),1.0,,True
3530,TCTTATTCTTCTCGTAGAA,chr3_138946452_+,FOXL2 (668),1.0,,True
3531,TCTTGATGTGTGTTACGCA,chr13_73062070_-,KLF5 (688),1.0,,True
3532,TCTTGCCACTCTTCAGCAC,chr1_168184059_-,TIPRL (261726),1.0,,True
3533,TCTTGCGTCATGCGACTGA,chr19_54773524_-,KIR2DL1 (3802),1.0,,True
3534,TCTTGCTTTTGTCACCGCT,chr6_47791843_+,OPN5 (221391),1.0,,True
3535,TCTTGGATAAAGCAAGGTA,chr22_19434894_+,MRPL40 (64976),1.0,,True
3536,TCTTGGCGACCTTCTGGAT,chr2_232456425_-,ALPI (248),1.0,,True
3537,TCTTGTTGAGATCCACTGG,chr17_41487671_+,KRT36 (8689),1.0,,True
3538,TCTTTAAGTTTTGCCCACC,chr19_53267319_+,VN1R4 (317703),1.0,,True
3539,TCTTTACCTGAATCGCTCA,chr2_15942845_-,MYCN (4613),1.0,,True
3540,TCTTTGAGCGGGTCACCTC,chr12_123584749_+,TMED2 (10959),1.0,,True
3541,TCTTTGATGCCGACGGCGA,chr10_13171063_+,MCM10 (55388),1.0,,True
3542,TCTTTGGCCGCAGCGGGGT,chr5_159097127_-,EBF1 (1879),1.0,,True
3543,TCTTTGGGTAATCAATCAG,chr3_100643312_+,ADGRG7 (84873),1.0,,True
3544,TCTTTGTGACCCTCCAAAC,chr1_193138130_-,CDC73 (79577),1.0,,True
3545,TCTTTTCACAGTCCTACCC,chr8_58939539_-,TOX (9760),1.0,,True
3546,TCTTTTCAGTTTCGCCGTG,chr21_43094781_-,U2AF1 (7307),2.0,,True
3547,TGAAAATGGGTTGCCTAGA,chr7_31339046_-,NEUROD6 (63974),1.0,,True
3548,TGAACCTCATATACCGGTA,chr2_86117159_+,PTCD3 (55037),1.0,,True
3549,TGAACCTGGCCGACCCAGT,chr1_58782936_-,JUN (3725),1.0,,True
3550,TGAACGTAGGCTCCCTGCA,chr19_54775310_+,KIR2DL1 (3802),1.0,,True
3551,TGAACTGCATAGCAGCAGA,chr5_135446760_-,DCANP1 (140947),1.0,,True
3552,TGAAGAAGATGGTATCACC,chr5_159323243_-,IL12B (3593),1.0,,True
3553,TGAAGAGAGTGCCCCACAA,chr4_87662234_+,DMP1 (1758),1.0,,True
3554,TGAAGGCAAAAGGGCCAAA,chr19_29986290_-,URI1 (8725),1.0,,True
3555,TGAAGTCTCTGGCTCCGTA,chr11_108185271_+,NPAT (4863),1.0,,True
3556,TGAATATCCTGGCGAGATC,chr11_20617797_+,SLC6A5 (9152),1.0,,True
3557,TGAATCCGCAGTGCCACTA,chr3_72841090_-,SHQ1 (55164),1.0,,True
3558,TGAATGTAGCTCTTCGACC,chr4_55871228_+,EXOC1 (55763),1.0,,True
3559,TGAATTCACTCGCAAGATC,chr13_24912641_+,CPAP (55835),1.0,,True
3560,TGAATTTGACCAACTACGA,chr3_156694086_+,TIPARP (25976),1.0,,True
3561,TGAATTTGCGCATCTCAGC,chr3_48695120_+,IP6K2 (51447),1.0,,True
3562,TGACAAACTGGATCAGCAC,chr8_132041643_+,OC90 (729330),1.0,,True
3563,TGACAACTCCATAGGCGCT,chr4_145117374_-,ABCE1 (6059),2.0,,True
3564,TGACAACTTTGATCCCAGT,chr17_7931085_+,TRAPPC1 (58485),1.0,,True
3565,TGACACATACTGATACCCA,chr8_66593186_+,MYBL1 (4603),1.0,,True
3566,TGACAGATGTTGGAGTCCG,chr1_151762490_-,MRPL9 (65005),1.0,,True
3567,TGACATATTATTACCGTCC,chr6_135190345_-,MYB (4602),1.0,,True
3568,TGACATCTAGGTAACTAGA,chr4_145112260_-,ABCE1 (6059),1.0,,True
3569,TGACCCAAAAACTGTAGGG,chr1_75932197_+,ASB17 (127247),1.0,,True
3570,TGACCCCACTTACGTCGGC,chrX_53433724_+,HSD17B10 (3028),1.0,,True
3571,TGACCGTAGACCTGCGCGT,chr6_151808120_-,ESR1 (2099),1.0,,True
3572,TGACGACCATAAGTTGCAG,chrX_65534520_-,LAS1L (81887),1.0,,True
3573,TGACTATTTTGGCGCCAAT,chr3_169116455_-,MECOM (2122),1.0,,True
3574,TGACTCCCAGTAGACATGA,chr3_173117301_+,SPATA16 (83893),1.0,,True
3575,TGACTGATTCTCTGGTTCA,chr11_102205898_-,YAP1 (10413),1.0,,True
3576,TGAGAAAGTAAACTTGAGC,chr5_148174263_+,SPINK14 (408187),1.0,,True
3577,TGAGAGCATGAAATCGGCA,chr19_50770860_-,GPR32 (2854),2.0,,True
3578,TGAGATGTCTGCGATAGAC,chr6_159907176_-,MAS1 (4142),1.0,,True
3579,TGAGCAAAGTCTGCACGTG,chr6_112349963_+,RFPL4B (442247),1.0,,True
3580,TGAGCAGAAAGCGCGCGTG,chr11_77040193_-,B3GNT6 (192134),1.0,,True
3581,TGAGCAGTCGATAACGCGG,chr17_1843955_-,RPA1 (6117),1.0,,True
3582,TGAGCGAACAGTTTCCATC,chr9_5069143_-,JAK2 (3717),1.0,,True
3583,TGAGGAACCCGTCAGCTAC,chr19_48607212_+,SPACA4 (171169),1.0,,True
3584,TGAGGCATCCACCTTCGGA,chr1_66798172_+,INSL5 (10022),1.0,,True
3585,TGAGGTCATAGGTGGACCG,chr1_211481211_+,RD3 (343035),1.0,,True
3586,TGAGGTTTGCGTAGACCGG,chr1_58782566_+,JUN (3725),1.0,,True
3587,TGAGTCCTGGGGTAGTAGC,chr21_30425671_+,KRTAP13-3 (337960),1.0,,True
3588,TGAGTGGAGCGAAGAACTC,chr12_57771211_+,METTL1 (4234),2.0,,True
3589,TGAGTTAGGGTATCCACGT,chr12_52382486_+,KRT84 (3890),1.0,,True
3590,TGAGTTATAGGATTCATCG,chr3_16596775_+,DAZL (1618),1.0,,True
3591,TGAGTTCTGCAGTTGATCA,chr12_69588256_+,CCT2 (10576),1.0,,True
3592,TGATAAGACCATTCGACTC,chr3_52261409_-,WDR82 (80335),2.0,,True
3593,TGATACAAAACTGGAAGAT,chr12_9926318_-,CLEC2A (387836),1.0,,True
3594,TGATACTCCTGGGACAAAT,chr9_21206969_-,IFNA10 (3446),1.0,,True
3595,TGATAGTCATTATTTCAGC,chr6_47786588_-,OPN5 (221391),1.0,,True
3596,TGATATCATCCTGAGAAAG,chr11_102696710_+,MMP27 (64066),1.0,,True
3597,TGATATGGACAGACCAGAA,chr22_35067234_+,ISX (91464),1.0,,True
3598,TGATATTCTACGATCACAG,chr5_139614935_+,UBE2D2 (7322),1.0,,True
3599,TGATCAACAGACTCATGCC,chrX_136780736_-,ARHGEF6 (9459),1.0,,True
3600,TGATCCAAGCTGTCCCAAT,chr7_55151319_+,EGFR (1956),1.0,,True
3601,TGATGAAGTGCTAGTGGCT,chr3_184038211_-,HTR3D (200909),1.0,,True
3602,TGATGACCCCACCTCCTCA,chr3_189864311_+,TP63 (8626),1.0,,True
3603,TGATGAGACATGTGTTCAG,chr6_30137328_-,TRIM40 (135644),1.0,,True
3604,TGATGATATTTTAACAGTA,chr20_31373056_+,DEFB118 (117285),1.0,,True
3605,TGATGCCCAGGAGCAGCGT,chr8_6925912_-,DEFA6 (1671),1.0,,True
3606,TGATGGCGCCACCAGCAAA,chr4_1728446_+,TACC3 (10460),1.0,,True
3607,TGATGTAGGATTCAAAACA,chr12_52775503_+,KRT76 (51350),1.0,,True
3608,TGATGTTATCATATGCAAT,chr7_19704901_+,POLR1F (221830),1.0,,True
3609,TGATTACCAGAGGGAGACC,chr17_6427027_-,AIPL1 (23746),1.0,,True
3610,TGATTGCTGTTCGCCAGGG,chr11_61795504_+,FEN1 (2237),2.0,,True
3611,TGCAAAACCACGGTCCAGT,chr10_21538861_-,MLLT10 (8028),1.0,,True
3612,TGCAAAGAAGGGACTGGTA,chr2_97647140_+,COX5B (1329),1.0,,True
3613,TGCAAATTCTCAAGCGACA,chr1_174448579_-,GPR52 (9293),1.0,,True
3614,TGCAACAACTCACTTGGAC,chr17_1875790_-,RPA1 (6117),1.0,,True
3615,TGCAACCTGTGCCCAGACA,chr17_75128700_+,ARMC7 (79637),1.0,,True
3616,TGCAACTCTTTAAAACGAC,chr5_55787903_-,DDX4 (54514),1.0,,True
3617,TGCAACTTTGGGGTCAATC,chr17_57262152_-,MSI2 (124540),1.0,,True
3618,TGCAAGCCCCTGGTCCCAA,chr3_48695155_-,IP6K2 (51447),1.0,,True
3619,TGCAAGTCGTCTGCTCCCG,chr6_50715596_-,TFAP2D (83741),1.0,,True
3620,TGCAATGAATAGCTAAGCC,chr17_32351891_-,ZNF207 (7756),1.0,,True
3621,TGCAATGACATTGCAACGT,chr5_138170832_-,BRD8 (10902),1.0,,True
3622,TGCAATGACTCGAGCTCAG,chr3_41224985_+,CTNNB1 (1499),1.0,,True
3623,TGCACAACCGGACTGCCAT,chr3_100633278_-,ADGRG7 (84873),1.0,,True
3624,TGCACACAACACCTGTACA,chr6_149742489_+,NUP43 (348995),2.0,,True
3625,TGCACAGTTCGAGGGGCCA,chr1_23693878_+,RPL11 (6135),2.0,,True
3626,TGCACATGCGCGAGAACGC,chr11_66616854_+,RBM14 (10432),1.0,,True
3627,TGCACCCTACTCTAGCAGC,chr9_132583145_+,BARHL1 (56751),1.0,,True
3628,TGCACTGCGCGTGACCAGC,chr19_48616181_-,RPL18 (6141),1.0,,True
3629,TGCAGAAGGCTTGAATGCC,chr4_7061206_+,GRPEL1 (80273),1.0,,True
3630,TGCAGCACCGGCGAGACTG,chr17_41489742_+,KRT36 (8689),1.0,,True
3631,TGCAGCGTATCAAACTAAA,chr7_44117653_-,POLD2 (5425),1.0,,True
3632,TGCAGGCCGAGTACACCGA,chr11_842419_-,POLR2L (5441),1.0,,True
3633,TGCAGGGATCACTGCAATG,chr20_229334_+,DEFB129 (140881),1.0,,True
3634,TGCATGACAAGCTTAACTC,chr3_12503414_+,TSEN2 (80746),1.0,,True
3635,TGCCAACCCCGCCGGGACA,chr10_125774070_+,MMP21 (118856),1.0,,True
3636,TGCCACGCGGATGTGATAA,chr19_41238074_-,AXL (558),1.0,,True
3637,TGCCCACAACCACCATGGG,chr22_39317576_+,RPL3 (6122),3.0,,True
3638,TGCCCAGCTTCATGGGGAC,chr12_52844182_-,KRT78 (196374),1.0,,True
3639,TGCCCTGAATCATGCACAC,chr3_173048953_-,SPATA16 (83893),1.0,,True
3640,TGCCGAGTTCTTCTACAAC,chr20_62216761_-,HRH3 (11255),1.0,,True
3641,TGCCGCGGATGTAGCACTC,chr19_18309831_+,LSM4 (25804),1.0,,True
3642,TGCCTAAAGTACGTGCCCA,chr5_74770665_+,NSA2 (10412),3.0,,True
3643,TGCCTATCCAGCCCCAATG,chr17_75128772_+,ARMC7 (79637),1.0,,True
3644,TGCCTCCAATACACGCGTA,chr10_119071058_-,EIF3A (8661),1.0,,True
3645,TGCCTGGTACGCCAGTCGC,chr2_237567043_+,PRLH (51052),1.0,,True
3646,TGCCTGTGCACTCATGAAA,chr1_39748929_+,PPIE (10450),1.0,,True
3647,TGCCTTTGTGCCTTGATGC,chr18_50251536_+,CFAP53 (220136),1.0,,True
3648,TGCGCAGCCTTAACCTGAG,chr10_47322883_+,GDF2 (2658),1.0,,True
3649,TGCGCTACCAAGAACCAAG,chr10_13172728_+,MCM10 (55388),1.0,,True
3650,TGCGGCTCAAGAGCCCCGA,chr12_32755242_-,YARS2 (51067),1.0,,True
3651,TGCGGGAAGTCGACAGGCC,chr22_39318410_-,RPL3 (6122),3.0,,True
3652,TGCGGGCAGAGATTCATAC,chr2_42609557_-,MTA3 (57504),1.0,,True
3653,TGCGGGGGATACTCCCTCG,chr2_135866692_+,MCM6 (4175),1.0,,True
3654,TGCGGGGTCCACTTACCAG,chr5_134116033_-,TCF7 (6932),1.0,,True
3655,TGCGTGCCCGTCTGCTGTG,chr21_44627514_+,KRTAP10-9 (386676),1.0,,True
3656,TGCTAATTATTCGTTGCCC,chr9_113283206_+,PRPF4 (9128),1.0,,True
3657,TGCTACCGGCGACTCCTCA,chr2_135836820_-,LCT (3938),1.0,,True
3658,TGCTACCTCTTCGTGTCGG,chr10_35640459_-,FZD8 (8325),1.0,,True
3659,TGCTACTGCGCATCGTGTG,chr11_111308297_+,POU2AF3 (120376),1.0,,True
3660,TGCTCATCCGTGGTAGCAT,chr12_9104315_+,A2M (2),1.0,,True
3661,TGCTCTCAACATGCGAGTG,chr3_38138784_+,MYD88 (4615),1.0,,True
3662,TGCTGCCACTATGGAGCCG,chr11_62782793_+,TAF6L (10629),1.0,,True
3663,TGCTGCCGTTCATCACTGC,chr16_88892486_+,CBFA2T3 (863),1.0,,True
3664,TGCTGCTTATGGATACCCA,chr2_38318616_-,ATL2 (64225),1.0,,True
3665,TGCTTATCATTTAGCTGAA,chr8_87206066_-,CNBD1 (168975),1.0,,True
3666,TGCTTCAGTGAAGGGACAA,chr12_8459686_+,CLEC6A (93978),1.0,,True
3667,TGCTTGGTCAGAAGAAGCC,chr2_197421086_-,SF3B1 (23451),1.0,,True
3668,TGCTTGGTGTGTCTAACTA,chr12_10809459_+,TAS2R9 (50835),1.0,,True
3669,TGGAACTAATGTCACAGCA,chr1_114575622_-,BCAS2 (10286),2.0,,True
3670,TGGAAGAAGGTGAAGCGTG,chr2_113075197_-,IL1F10 (84639),1.0,,True
3671,TGGAAGTTTGAAAGAGACC,chr11_85882654_+,CCDC83 (220047),1.0,,True
3672,TGGAATCATACCTTGCGCT,chrX_40692712_+,MED14 (9282),1.0,,True
3673,TGGAATGTGGTGGAACTCA,chr10_49693839_+,C10orf53 (282966),1.0,,True
3674,TGGACACATTACCAGTGAA,chr19_49497558_-,RPS11 (6205),1.0,,True
3675,TGGACAGCAAACTCCACTG,chr20_23568299_+,CST9L (128821),1.0,,True
3676,TGGACAGCGGATATCTGGC,chr16_70535389_-,SF3B3 (23450),1.0,,True
3677,TGGACATCACTAAAGAGGT,chr22_41636638_-,XRCC6 (2547),3.0,,True
3678,TGGACGGCGGCAAAGCCCT,chr10_8058368_+,GATA3 (2625),1.0,,True
3679,TGGACGTTTTATCCATAGC,chr3_169116521_+,MECOM (2122),1.0,,True
3680,TGGACTATGAGGATGGTAG,chr6_32367929_-,TSBP1 (10665),1.0,,True
3681,TGGACTTTGGGATTGAGCA,chr7_141837958_+,PRSS37 (136242),1.0,,True
3682,TGGAGACTACACCAGCCAA,chr2_231460832_-,NCL (4691),1.0,,True
3683,TGGAGGCCGAGCGTACCTC,chr20_57524050_-,CTCFL (140690),1.0,,True
3684,TGGAGGCGTCGGAGAGCAC,chr22_42693432_+,A4GALT (53947),1.0,,True
3685,TGGAGGGTTGTTGACACAG,chr19_43417886_-,TEX101 (83639),1.0,,True
3686,TGGATCAGCCCTTTCACGA,chr19_51265806_-,SIGLECL1 (284369),1.0,,True
3687,TGGATCAGCCTGTACTACG,chr13_113654924_-,ATP4B (496),1.0,,True
3688,TGGATGGATTCAGTACCGA,chr1_173826781_+,DARS2 (55157),1.0,,True
3689,TGGATGTAATTCACACGGA,chr10_116555268_+,PNLIP (5406),1.0,,True
3690,TGGATGTTATCATACTGAA,chr4_67922833_+,TMPRSS11A (339967),1.0,,True
3691,TGGATGTTGTTTGGCGGCT,chr12_122172671_+,IL31 (386653),1.0,,True
3692,TGGCACTAAGTTTGACCGG,chr15_34906641_-,AQR (9716),1.0,,True
3693,TGGCAGGAGCTTTTCGTAA,chr2_38343319_-,ATL2 (64225),1.0,,True
3694,TGGCATCGTACCTCCATGC,chr3_132699357_+,NPHP3 (27031),1.0,,True
3695,TGGCATTGCCGATGAGTCC,chr1_150333137_-,PRPF3 (9129),1.0,,True
3696,TGGCATTTGAGGCATTGAC,chr20_23491781_-,CST8 (10047),1.0,,True
3697,TGGCATTTGTATTTCAATA,chr2_226864943_+,RHBDD1 (84236),2.0,,True
3698,TGGCCAAGCTCATCAACCT,chr20_23035983_+,SSTR4 (6754),1.0,,True
3699,TGGCCATAAGCTTTCGTGG,chr5_179618265_+,HNRNPH1 (3187),1.0,,True
3700,TGGCCCTCATTCAACAATA,chr11_108186523_-,NPAT (4863),1.0,,True
3701,TGGCCGGCCCAAGATCGAC,chr19_6828850_+,VAV1 (7409),1.0,,True
3702,TGGCCGTGCAGGGCTTCGA,chr11_66616877_-,RBM14 (10432),1.0,,True
3703,TGGCGATCATCATGAAGAA,chr12_64743257_+,GNS (2799),1.0,,True
3704,TGGCGATGCTCCCGTCGCC,chr1_37540526_+,SNIP1 (79753),1.0,,True
3705,TGGCGATGGTCTCCGGAGA,chr11_114400218_-,C11orf71 (54494),1.0,,True
3706,TGGCGCCGCTTCAAGCAGT,chr9_122823158_-,PDCL (5082),1.0,,True
3707,TGGCGTAAGCTGTTCGGGC,chrX_155033480_+,FUNDC2 (65991),2.0,,True
3708,TGGCTCACGGCCTCAACGG,chr13_27968716_-,CDX2 (1045),1.0,,True
3709,TGGCTCCGTGAGAGACGAC,chr7_44117212_-,POLD2 (5425),1.0,,True
3710,TGGCTCGCAGCACCTGCAG,chr20_23688765_+,CST4 (1472),1.0,,True
3711,TGGCTCGGAAATGTCCAGT,chr16_85909117_-,IRF8 (3394),1.0,,True
3712,TGGCTCTTCGCCAGTCGGG,chrX_47084451_+,RGN (9104),1.0,,True
3713,TGGCTGCAACAGCTTCCAG,chr11_62192159_-,SCGB1D1 (10648),1.0,,True
3714,TGGCTGTTGATCCTCGCCT,chr14_94469323_+,SERPINA9 (327657),1.0,,True
3715,TGGCTTAAAGTAGCAGGTG,chr2_177231698_+,NFE2L2 (4780),1.0,,True
3716,TGGCTTTTAGTGTGCGGGA,chr18_31399450_+,DSG4 (147409),1.0,,True
3717,TGGGACCACCCCCGGGCGG,chr4_1799333_-,FGFR3 (2261),1.0,,True
3718,TGGGAGACGCTATTATACA,chr6_37444124_-,CMTR1 (23070),1.0,,True
3719,TGGGATTGACTACTGGCAC,chr10_27167194_-,MASTL (84930),1.0,,True
3720,TGGGCATTGTGGCCATCAG,chr11_69816380_-,FGF3 (2248),1.0,,True
3721,TGGGCGATTAACTGCCGGT,chr14_102010001_-,DYNC1H1 (1778),1.0,,True
3722,TGGGCGCATACTCGGGACT,chr19_10155024_+,DNMT1 (1786),1.0,,True
3723,TGGGCGTAACTCACAGCCG,chr19_51034077_-,KLK12 (43849),1.0,,True
3724,TGGGGACTCGGATGACTCC,chr19_38845915_-,HNRNPL (3191),1.0,,True
3725,TGGGGGGGTTATTAGGTGA,chr4_70480975_-,MUC7 (4589),1.0,,True
3726,TGGGTCAGTTACGCCGACA,chr6_31794907_-,VARS1 (7407),1.0,,True
3727,TGGGTCCCCTTGCCGGCGC,chr1_47334081_-,CMPK1 (51727),1.0,,True
3728,TGGGTGACACATGTACAAG,chr4_39465065_+,LIAS (11019),1.0,,True
3729,TGGGTGGCCTACCGCAATG,chr17_45845933_+,SPPL2C (162540),1.0,,True
3730,TGGGTTATGATGAATCGAG,chr2_85046111_+,KCMF1 (56888),1.0,,True
3731,TGGTAAATGCATTGGACGC,chr2_199349121_+,SATB2 (23314),1.0,,True
3732,TGGTCAAGTTAATCATGCC,chr7_102968063_-,FBXL13 (222235),1.0,,True
3733,TGGTCATACCGTCGCGGCC,chr10_101227788_+,LBX1 (10660),1.0,,True
3734,TGGTCATTTGCAGGCGCAT,chr11_62827395_-,STX5 (6811),1.0,,True
3735,TGGTCCATCACGCGCCACA,chr7_155071335_+,HTR5A (3361),1.0,,True
3736,TGGTCCATGAGTCCCAGCG,chr22_25227922_-,CRYBB2 (1415),1.0,,True
3737,TGGTCCTCTTGTCACTACT,chr10_49708377_-,C10orf53 (282966),1.0,,True
3738,TGGTCCTGTTAAACCACTG,chr10_117201214_-,KCNK18 (338567),1.0,,True
3739,TGGTCGAACAATCAAACTA,chr2_28912677_+,WDR43 (23160),1.0,,True
3740,TGGTCGTTCACGAGCATCG,chr2_130345685_+,IMP4 (92856),1.0,,True
3741,TGGTCTGTTAGTCCAACGA,chr22_19499111_-,CDC45 (8318),1.0,,True
3742,TGGTCTTATCAGTTGCACT,chr4_154798187_-,RBM46 (166863),1.0,,True
3743,TGGTGAATCGCTTTCAGAG,chr20_49066450_+,CSE1L (1434),1.0,,True
3744,TGGTGCGAGTATAGCGGGC,chr9_128323051_-,COQ4 (51117),1.0,,True
3745,TGGTGCTGCGTAAGAATAG,chr5_177992925_+,PROP1 (5626),1.0,,True
3746,TGGTGGATTAAGCTGGCTA,chr11_107433717_-,CWF19L2 (143884),1.0,,True
3747,TGGTGGTCACTTTCAAATC,chr19_57128803_+,USP29 (57663),1.0,,True
3748,TGGTGTCCGCTTTGCCGCA,chr2_161417805_-,TBR1 (10716),1.0,,True
3749,TGGTTATAGAAACTTGGGA,chr11_60529371_+,MS4A13 (503497),1.0,,True
3750,TGGTTTGGCATCATAGTGC,chr14_20693674_-,ANG (283),1.0,,True
3751,TGTAACGATGAGTACAAAC,chr12_112071900_-,NAA25 (80018),1.0,,True
3752,TGTACAAACTTGCAGCTGG,chr14_20584068_+,RNASE11 (122651),1.0,,True
3753,TGTAGATCCAATTCCACGT,chr2_208251448_+,IDH1 (3417),1.0,,True
3754,TGTAGCCTTGTATCTCACA,chr7_103337773_+,DNAJC2 (27000),1.0,,True
3755,TGTAGGCTCATTTGCAGGG,chr12_6537111_+,GAPDH (2597),1.0,,True
3756,TGTAGGTCAATGTGCGAAA,chr3_12612051_-,RAF1 (5894),1.0,,True
3757,TGTAGGTTTAGTTGAGCAC,chr19_29986404_+,URI1 (8725),1.0,,True
3758,TGTATAGAAGCAGTGAACA,chr16_46692520_+,ORC6 (23594),1.0,,True
3759,TGTATCCTCTGCGCCGCCT,chr8_86069498_+,PSKH2 (85481),1.0,,True
3760,TGTATTCAGTAGCTGGTAC,chr13_73062285_-,KLF5 (688),1.0,,True
3761,TGTCAAAGACTAAGTAGCA,chr12_39646862_+,REDIC1 (283461),1.0,,True
3762,TGTCAACAAGGACTAATAA,chr14_30653504_-,SCFD1 (23256),1.0,,True
3763,TGTCAATGGTCTTGGGTAC,chr1_84482932_-,RPF1 (80135),1.0,,True
3764,TGTCACGTTCTTGGGGCAC,chr1_58782774_+,JUN (3725),1.0,,True
3765,TGTCCAAATGAGCAGTCGG,chr18_47034208_+,ELOA2 (51224),1.0,,True
3766,TGTCCACTTTCCATCGTAG,chr18_55269898_-,TCF4 (6925),1.0,,True
3767,TGTCCCTTTGATAGATGGG,chr3_69063074_-,UBA3 (9039),1.0,,True
3768,TGTCGAGTCAGATTCAAGC,chr9_135697550_-,SOHLH1 (402381),1.0,,True
3769,TGTCGGACGAGTTCTCCAC,chr20_57518840_+,CTCFL (140690),1.0,,True
3770,TGTCTCAGCCCTACCAAGG,chr9_6328800_-,TPD52L3 (89882),1.0,,True
3771,TGTCTCCAATACCACGATG,chr13_44989087_+,NUFIP1 (26747),2.0,,True
3772,TGTCTCTGGGTGCGCCAGC,chr22_19149855_-,GSC2 (2928),1.0,,True
3773,TGTCTGCGCCATGCTCAAG,chr4_163473146_+,TKTL2 (84076),1.0,,True
3774,TGTGAAACGCGCCTACCAT,chr4_54698483_+,KIT (3815),1.0,,True
3775,TGTGAACCGATGTCACACC,chr11_247321_-,PSMD13 (5719),1.0,,True
3776,TGTGAATAGGCGCATCAGA,chr10_73156279_-,ECD (11319),1.0,,True
3777,TGTGAGAGCTCGATACTGC,chr6_30723901_-,TUBB (203068),2.0,,True
3778,TGTGCTTATGCAGGATTCC,chr10_60785688_+,CDK1 (983),1.0,,True
3779,TGTGGCATAGTCGGCGAAG,chr2_135836717_+,LCT (3938),1.0,,True
3780,TGTGGCCCGCACGGCACTC,chr3_9797684_-,ARPC4 (10093),1.0,,True
3781,TGTGGCCGCAAAGTCCGGG,chr17_17137963_+,MPRIP (23164),2.0,,True
3782,TGTGGTTACGGATCACAGG,chr11_62777999_+,TAF6L (10629),1.0,,True
3783,TGTGTAGCTATACACAGAA,chr1_1544993_-,SSU72 (29101),1.0,,True
3784,TGTGTCCACGGCGCGTAGC,chr12_120446775_-,GATC (283459),1.0,,True
3785,TGTGTGCTCGCGGTAGTAG,chr9_77019800_-,FOXB2 (442425),1.0,,True
3786,TGTGTTGACTCGGACCCGG,chr16_29779607_-,ZG16 (653808),1.0,,True
3787,TGTTAATCCGAGAACGGTG,chrX_40711234_-,MED14 (9282),1.0,,True
3788,TGTTAATTTCCCCAGTGCG,chr18_31388465_-,DSG4 (147409),1.0,,True
3789,TGTTACATGCCGTAGAGAA,chr9_92285775_+,IARS1 (3376),1.0,,True
3790,TGTTAGCAGACTTGGCCGA,chr9_92286597_-,IARS1 (3376),1.0,,True
3791,TGTTCGCCTACCACACGCT,chr17_6428390_-,AIPL1 (23746),1.0,,True
3792,TGTTGACTTTCCAACATCC,chr1_6544876_+,NOL9 (79707),1.0,,True
3793,TGTTGAGGAACTCTTCACG,chr3_187729984_+,BCL6 (604),1.0,,True
3794,TGTTGCTGGTCGATCAATC,chr19_49007346_-,RUVBL2 (10856),1.0,,True
3795,TGTTGGACATGAAGGTCAC,chr2_27635202_-,GPN1 (11321),1.0,,True
3796,TGTTGTGTTGGACCAAAAG,chr20_229391_+,DEFB129 (140881),1.0,,True
3797,TGTTTAAGTTCGGCAGAAA,chr2_200931405_+,ORC2 (4999),1.0,,True
3798,TGTTTATTTAGCTGCCAGG,chr9_103004796_+,CYLC2 (1539),1.0,,True
3799,TTAAAAACTACCTGCAATA,chr20_229422_+,DEFB129 (140881),1.0,,True
3800,TTAAAACATCTACTGAGGG,chr4_165040775_+,TRIM60 (166655),1.0,,True
3801,TTAAACATCGGGGACCTAC,chr11_244747_+,PSMD13 (5719),1.0,,True
3802,TTAAACCACGGACGATGCA,chr5_37605129_+,WDR70 (55100),1.0,,True
3803,TTAAAGCAGTCATGCACCG,chr5_177388013_-,SLC34A1 (6569),1.0,,True
3804,TTAAAGCTGGTCACAAGAA,chr2_112236655_-,ZC3H8 (84524),1.0,,True
3805,TTAACAAATTGGACCGAAT,chr3_158646908_+,GFM1 (85476),1.0,,True
3806,TTAACACCCTACAAGCTCA,chrX_118825663_+,ZCCHC12 (170261),1.0,,True
3807,TTAACGCCCACCACCGCTC,chr20_58840315_+,GNAS (2778),1.0,,True
3808,TTAAGCAGGAGCATCGCAT,chr10_121551305_-,FGFR2 (2263),1.0,,True
3809,TTAATTACAATCTAGCAGA,chr4_119320688_-,FABP2 (2169),1.0,,True
3810,TTAATTGATAAAGCCAGAG,chr1_109413081_-,PSMA5 (5686),1.0,,True
3811,TTACAATAGCTCCCACATC,chr10_97443260_+,EXOSC1 (51013),1.0,,True
3812,TTACAGAGGTCCAATCACG,chr1_151399716_+,PSMB4 (5692),1.0,,True
3813,TTACAGGACCAGATAACAA,chr12_123586763_+,TMED2 (10959),1.0,,True
3814,TTACAGGCCCGAGAGCGGT,chr17_39709440_-,ERBB2 (2064),1.0,,True
3815,TTACCAGCAAAGTACCTCC,chrX_47084588_-,RGN (9104),1.0,,True
3816,TTACCCGAGACCGGTGCAC,chr17_17075775_-,MPRIP (23164),1.0,,True
3817,TTACCGCTTCAGCAAAATC,chr12_121337302_+,ANAPC5 (51433),1.0,,True
3818,TTACCGTCAAGAAGCCATA,chr6_96203659_-,FUT9 (10690),1.0,,True
3819,TTACCGTGGACGCCTACCC,chr12_117761301_-,KSR2 (283455),1.0,,True
3820,TTACCTCACGCCATCGAGG,chr6_10409911_-,TFAP2A (7020),1.0,,True
3821,TTACCTCGATAGCACTGAC,chr1_117076811_-,TTF2 (8458),1.0,,True
3822,TTACCTCTACTTAAACGGC,chr6_78998265_+,PHIP (55023),1.0,,True
3823,TTACCTGCGTTACAATAAC,chr7_129017968_+,TNPO3 (23534),1.0,,True
3824,TTACCTTCAGACACGGCGT,chr20_2653381_-,NOP56 (10528),1.0,,True
3825,TTACGTACCATATGTACGC,chr2_39022574_-,SOS1 (6654),1.0,,True
3826,TTACTAGCAGTTCTACTGG,chr2_85046210_+,KCMF1 (56888),1.0,,True
3827,TTACTCGAGGAACCAGTAA,chr5_71466165_-,BDP1 (55814),1.0,,True
3828,TTACTGCAAACGGTGCAGT,chr5_16465460_+,ZNF622 (90441),1.0,,True
3829,TTACTGTCCAGCACTCGAA,chr1_211829157_+,LPGAT1 (9926),1.0,,True
3830,TTACTTAGAACATTGACCG,chr17_66879046_-,CACNG5 (27091),1.0,,True
3831,TTACTTGTTATTGGACTGC,chrX_136713287_+,ARHGEF6 (9459),1.0,,True
3832,TTAGACCGCTCTTTCCAGC,chr2_55683809_-,PNPT1 (87178),1.0,,True
3833,TTAGATCCGTATCAGATCC,chr11_128809168_+,FLI1 (2313),1.0,,True
3834,TTAGCACTGCAGTGGCACT,chr5_135895571_+,IL9 (3578),1.0,,True
3835,TTAGCAGGGACCTTACCTC,chrX_78109917_-,PGK1 (5230),1.0,,True
3836,TTAGCATGCTTGGACCATG,chr12_9922226_+,CLEC2A (387836),1.0,,True
3837,TTAGCCGCAGCATTAAGCC,chr2_113031052_-,IL36B (27177),1.0,,True
3838,TTAGCTACCCCATCGAGCG,chr1_17823211_+,ACTL8 (81569),1.0,,True
3839,TTAGGCGTTTACGAAGTCA,chr12_112071923_-,NAA25 (80018),1.0,,True
3840,TTAGGGTCAAAGCCCACGT,chr17_998832_-,TIMM22 (29928),1.0,,True
3841,TTAGTCAGATTGTTCGATA,chr3_158652107_+,GFM1 (85476),1.0,,True
3842,TTATACTCAGAGTCCGATG,chr9_132583245_-,BARHL1 (56751),1.0,,True
3843,TTATAGACTGCAGCGAGAT,chr2_43957428_+,LRPPRC (10128),1.0,,True
3844,TTATAGAGCGCCATCGCCG,chr9_128323117_-,COQ4 (51117),1.0,,True
3845,TTATAGCGGCAATCGTCAG,chr17_61401769_-,TBX2 (6909),1.0,,True
3846,TTATATCAACGTTGGAAGT,chr11_88597291_-,GRM5 (2915),1.0,,True
3847,TTATATTACTTCGCAAAGA,chr4_73492079_-,AFM (173),1.0,,True
3848,TTATCACACTGGCTAAGTA,chr1_151262301_+,PSMD4 (5710),1.0,,True
3849,TTATCACGCACGAACCAAC,chr19_39706629_-,LGALS14 (56891),1.0,,True
3850,TTATCAGATTGAAGGCGCG,chr2_135809586_-,LCT (3938),1.0,,True
3851,TTATCTATCCATCAGAAGA,chr18_50251737_-,CFAP53 (220136),1.0,,True
3852,TTATCTGCGAACACAGTAG,chr17_57401430_+,MSI2 (124540),1.0,,True
3853,TTATGATGACTTGTACCAT,chr12_125073895_+,AACS (65985),1.0,,True
3854,TTATGTGATACATGCCCCT,chr14_21034057_-,RNASE13 (440163),1.0,,True
3855,TTATTAACCATGAGGGCAT,chr3_109095053_+,MORC1 (27136),1.0,,True
3856,TTATTTCCCTCAAGGCTCC,chr4_119319633_+,FABP2 (2169),1.0,,True
3857,TTATTTGGCAGGTATGAGG,chr12_52846819_-,KRT78 (196374),1.0,,True
3858,TTCAAAGTGTACCGTGACA,chr8_42765107_+,CHRNA6 (8973),1.0,,True
3859,TTCAACACGGATAAAAGCT,chr5_102458474_-,SLCO6A1 (133482),1.0,,True
3860,TTCAACCAAGTGACGCTAC,chrX_151604729_+,PASD1 (139135),1.0,,True
3861,TTCAAGAGAGTTTATAGAA,chr4_68090549_-,TMPRSS11F (389208),1.0,,True
3862,TTCAAGCTTGCGCGATCTC,chr9_133463492_+,CACFD1 (11094),1.0,,True
3863,TTCAAGGCTACAACAATGA,chr11_78478652_-,NARS2 (79731),1.0,,True
3864,TTCAAGTTCTGCGACCTAG,chr12_57533304_+,DCTN2 (10540),1.0,,True
3865,TTCAATAAGAGCACTAAAC,chr6_30158459_+,TRIM10 (10107),1.0,,True
3866,TTCAATGAACCAATAAACC,chr5_62449994_+,IPO11 (51194),1.0,,True
3867,TTCAATGTCGGGGCAAAAC,chr3_126510684_+,UROC1 (131669),1.0,,True
3868,TTCACAAAGGCTCGAATCA,chr1_1406967_+,MRPL20 (55052),1.0,,True
3869,TTCACACCCATGACGAACA,chr12_6537164_-,GAPDH (2597),1.0,,True
3870,TTCACCAACAGCTACCGGA,chr20_37256457_-,GHRH (2691),1.0,,True
3871,TTCACCCACCAACAGTATG,chr3_121584964_+,ARGFX (503582),2.0,,True
3872,TTCACCCGCCACAAGCGCA,chr19_29610544_+,POP4 (10775),1.0,,True
3873,TTCACCGAGCTTCCGGGAG,chr1_33307355_-,A3GALT2 (127550),1.0,,True
3874,TTCACGATGCATTAAAGGT,chr11_90218135_-,CHORDC1 (26973),1.0,,True
3875,TTCACTGACTCCAGAGAAA,chr1_42163591_+,GUCA2A (2980),1.0,,True
3876,TTCAGAGTGGAAATATGCC,chr21_28883060_-,HEMK2 (29104),1.0,,True
3877,TTCAGATCGGGCTCGCCCT,chr17_72121557_-,SOX9 (6662),1.0,,True
3878,TTCAGCACTTGTGTGCATC,chr6_41336223_+,NCR2 (9436),1.0,,True
3879,TTCAGCCTGAAGTCATCAG,chr17_40771169_+,KRT26 (353288),1.0,,True
3880,TTCAGGATCATCATATCGC,chr5_138570989_+,HSPA9 (3313),1.0,,True
3881,TTCAGGGTGTTTTCACCAT,chr17_41440635_+,KRT38 (8687),1.0,,True
3882,TTCAGGTGCGCAGAGCACA,chr19_50771117_-,GPR32 (2854),2.0,,True
3883,TTCAGTAAGTTACAGTCCA,chr9_27524421_-,IFNK (56832),1.0,,True
3884,TTCAGTCAAATTACGGAGC,chr4_165040284_-,TRIM60 (166655),1.0,,True
3885,TTCAGTGAGTTCCGCGAGT,chr1_18854451_-,TAS1R2 (80834),1.0,,True
3886,TTCATCGACAATCACGGCG,chr10_47350291_+,RBP3 (5949),1.0,,True
3887,TTCATGTCCGCTTACCTCC,chr5_37341157_-,NUP155 (9631),1.0,,True
3888,TTCCACCAGCCAAACCTCA,chr6_73362872_-,KHDC3L (154288),1.0,,True
3889,TTCCACCAGCTCGCCCGAG,chr19_4409687_+,CHAF1A (10036),1.0,,True
3890,TTCCACCTTTACAAGCGTC,chr2_55918022_+,EFEMP1 (2202),1.0,,True
3891,TTCCAGTCAAACGAGCGTC,chr4_188139766_+,TRIML1 (339976),1.0,,True
3892,TTCCCAAACCACAACGGCC,chr9_103003208_+,CYLC2 (1539),1.0,,True
3893,TTCCCATTACAGGTAGAGT,chr3_49368544_-,RHOA (387),1.0,,True
3894,TTCCCCCAGATGCGAGTAG,chr20_56631383_-,TFAP2C (7022),1.0,,True
3895,TTCCGAGATGTAGAGTGTA,chr8_39606342_-,ADAM18 (8749),1.0,,True
3896,TTCCGATGCATTAGAAGTA,chr1_117073683_+,TTF2 (8458),1.0,,True
3897,TTCCGATTCGGGGGACTCA,chr20_58840339_-,GNAS (2778),1.0,,True
3898,TTCCGCACCAAGCGGACAA,chr16_27501273_+,GTF3C1 (2975),1.0,,True
3899,TTCCGCACCAGGACAAACT,chr2_199433433_+,SATB2 (23314),1.0,,True
3900,TTCCGGGCCAAGAGGCGTC,chr1_204411298_+,PPP1R15B (84919),1.0,,True
3901,TTCCGGTAGTGAGTCATAA,chr2_144399633_-,ZEB2 (9839),1.0,,True
3902,TTCCGTCTGCACAACGACC,chr16_69340073_+,NIP7 (51388),1.0,,True
3903,TTCCTGAGTTTCCCAACCC,chr1_42163537_+,GUCA2A (2980),1.0,,True
3904,TTCCTGTCGGACGATGACT,chr7_4920273_-,MMD2 (221938),1.0,,True
3905,TTCCTGTGGAGACGCCGGA,chr19_41238146_+,AXL (558),1.0,,True
3906,TTCGAAACGCTATTCTCAC,chr17_17270958_-,COPS3 (8533),1.0,,True
3907,TTCGAACAGGTATCTACCA,chr3_179204525_+,PIK3CA (5290),1.0,,True
3908,TTCGAAGTCACAGCGAATC,chr3_12600392_-,RAF1 (5894),1.0,,True
3909,TTCGACATTCTTCTGTAGG,chr4_68073980_-,TMPRSS11F (389208),1.0,,True
3910,TTCGACCATTCTCTCAGCA,chr12_112078688_+,NAA25 (80018),1.0,,True
3911,TTCGACTTGCGTACTCAAA,chr2_61495575_-,XPO1 (7514),1.0,,True
3912,TTCGAGTGAAGCATCTGCG,chr5_135446799_-,DCANP1 (140947),1.0,,True
3913,TTCGATGTCCCTACAGTGG,chr12_114676336_+,TBX3 (6926),1.0,,True
3914,TTCGCAGGCAAAGTGCCGG,chr19_41397242_+,EXOSC5 (56915),1.0,,True
3915,TTCGCCCCCGAGTCTAGCC,chr2_176100171_+,HOXD12 (3238),1.0,,True
3916,TTCGCCGAGAACAACTTCA,chr11_47359974_-,SPI1 (6688),1.0,,True
3917,TTCGCGCCCACCCGCCGCG,chr1_150579220_-,MCL1 (4170),1.0,,True
3918,TTCGCGGGGCTCTGGCGAC,chr22_19150144_+,GSC2 (2928),1.0,,True
3919,TTCGGGACTTTCCACATCC,chr2_218266523_+,AAMP (14),1.0,,True
3920,TTCGGTTTCTCTTACTGCG,chr1_37552692_+,SNIP1 (79753),1.0,,True
3921,TTCGTCAGCGTAGGGCGTA,chr11_116821452_+,APOA4 (337),1.0,,True
3922,TTCGTCCGGAAGCTCCGGA,chr22_30587376_-,PES1 (23481),1.0,,True
3923,TTCGTGCACACGGTGCCCT,chr17_39715867_+,ERBB2 (2064),1.0,,True
3924,TTCGTGGCCTCTAAGATGA,chr11_69643169_+,CCND1 (595),1.0,,True
3925,TTCGTTGATGTATATGGAA,chr13_75560804_+,UCHL3 (7347),1.0,,True
3926,TTCTAATCACTTCAATCTC,chr12_10909010_-,TAS2R13 (50838),1.0,,True
3927,TTCTACTATGGGGGCAAGC,chr16_85918455_+,IRF8 (3394),1.0,,True
3928,TTCTATGAAATGTCCCTAC,chr9_27524610_+,IFNK (56832),1.0,,True
3929,TTCTATGTTGGTCGGTCCC,chr6_132617696_-,TAAR2 (9287),1.0,,True
3930,TTCTCATACATTTGGCATA,chr15_73884170_-,TBC1D21 (161514),1.0,,True
3931,TTCTCTCATCTACCAACGT,chr12_21378347_+,IAPP (3375),1.0,,True
3932,TTCTCTTTCTAGGTTGACA,chr20_62387846_+,RPS21 (6227),1.0,,True
3933,TTCTGAACGGTCACGCGTA,chr10_30340294_-,MTPAP (55149),1.0,,True
3934,TTCTGAGTTCGCACACCTG,chr6_30158581_-,TRIM10 (10107),1.0,,True
3935,TTCTGTGTCAGCTGAATCA,chr6_41228939_-,TREML4 (285852),1.0,,True
3936,TTCTTATAACTAGGCTCCG,chr2_17731136_-,SMC6 (79677),1.0,,True
3937,TTCTTCTCAGCATGACCGA,chr7_74243240_-,RFC2 (5982),1.0,,True
3938,TTCTTGAACATCTGAAATG,chr9_110326200_+,TXNDC8 (255220),1.0,,True
3939,TTCTTGAACGTGCGGACAC,chr3_38138821_+,MYD88 (4615),1.0,,True
3940,TTCTTGAATTCCAGGGTGG,chr15_31070055_-,TRPM1 (4308),1.0,,True
3941,TTCTTGATTCCCGCGGCCG,chr14_35534889_-,INSM2 (84684),1.0,,True
3942,TTCTTGTGTTAGGGAAGTG,chr21_39181874_-,PSMG1 (8624),1.0,,True
3943,TTCTTTCAAGTCCCACCAG,chr3_138131139_-,A4GNT (51146),1.0,,True
3944,TTCTTTTCAGCCAAACCCC,chr6_47795230_-,OPN5 (221391),1.0,,True
3945,TTGAAACCTTTCGTCTCAA,chr10_27170025_-,MASTL (84930),1.0,,True
3946,TTGAACTGCCCCCTCTCGC,chr5_135446863_+,DCANP1 (140947),1.0,,True
3947,TTGACAGCCCAGTCTAGGC,chr1_36462154_-,MRPS15 (64960),1.0,,True
3948,TTGACCAGAGGCGCTAAAG,chr19_55660199_+,U2AF2 (11338),1.0,,True
3949,TTGACGCACCCTGCTCGCG,chr4_127730770_-,SLC25A31 (83447),1.0,,True
3950,TTGACGTCGGCATCGAAGA,chr14_74357252_-,VRTN (55237),1.0,,True
3951,TTGAGACGGAACATCTCAA,chr6_46809455_-,MEP1A (4224),1.0,,True
3952,TTGAGAGCGTGCAGACGCT,chr20_58840590_-,GNAS (2778),1.0,,True
3953,TTGAGATCTCCAGTGGAGA,chr9_122820490_-,PDCL (5082),1.0,,True
3954,TTGAGCAGGAGCATACCCA,chr17_58695072_+,RAD51C (5889),1.0,,True
3955,TTGAGCATTTCCTCATGAG,chrX_27747179_+,DCAF8L2 (347442),1.0,,True
3956,TTGAGCGGAAGATTCAACT,chr19_45025397_+,RELB (5971),1.0,,True
3957,TTGAGCGGGCCAAAAGGAA,chr8_72936689_+,KCNB2 (9312),1.0,,True
3958,TTGAGTGCAAGTATCTGGA,chr2_197540364_-,MOB4 (25843),2.0,,True
3959,TTGAGTTGCACGTCAAATC,chr16_18784801_+,RPS15A (6210),4.0,,True
3960,TTGAGTTGGTGGAACCAAG,chr4_144995583_-,ANAPC10 (10393),1.0,,True
3961,TTGATAGTCCTGTCCAAAG,chr3_139378057_+,COPB2 (9276),1.0,,True
3962,TTGATCGACTCATTGCTCA,chr8_86064364_-,PSKH2 (85481),1.0,,True
3963,TTGATCTTCTTATCCATAA,chr3_108757094_+,RETNLB (84666),1.0,,True
3964,TTGATGCGGGCCAACATCC,chr19_58552359_-,CHMP2A (27243),1.0,,True
3965,TTGATGTCTTTGCAGGGTG,chr14_20693748_-,ANG (283),1.0,,True
3966,TTGATTGGAGTTGTGCCGC,chr12_129337644_-,TMEM132D (121256),1.0,,True
3967,TTGCAACACATAATCATAG,chr3_138737776_+,PIK3CB (5291),1.0,,True
3968,TTGCAGACAACTGCTGTGC,chr2_113074409_+,IL1F10 (84639),1.0,,True
3969,TTGCAGATGCCATCCGCGG,chr22_41256732_-,RANGAP1 (5905),1.0,,True
3970,TTGCAGTCGGTGTACGGTA,chr17_998858_-,TIMM22 (29928),1.0,,True
3971,TTGCCCGTCGCCTTGTCGA,chr19_49009989_-,RUVBL2 (10856),1.0,,True
3972,TTGCCCTACCTGGGCGACA,chr3_137765085_+,SOX14 (8403),1.0,,True
3973,TTGCCGAGACACTCGAGCT,chr15_40183725_-,BUB1B (701),1.0,,True
3974,TTGCGCCGGGAACCGATAA,chr12_132567521_+,FBRSL1 (57666),1.0,,True
3975,TTGCTACGACTGGGACTGA,chr1_151266107_+,PSMD4 (5710),2.0,,True
3976,TTGCTAGTTGGACGTCGGA,chr2_43973627_-,LRPPRC (10128),1.0,,True
3977,TTGGAAGAATCTTCAGGAG,chr14_30670295_+,SCFD1 (23256),1.0,,True
3978,TTGGAATTTCAGGTAACAC,chr11_14281716_-,RRAS2 (22800),1.0,,True
3979,TTGGACTAATGTACACTCA,chr2_226906843_+,RHBDD1 (84236),1.0,,True
3980,TTGGACTCGATACACCCCA,chr11_62578659_+,TUT1 (64852),1.0,,True
3981,TTGGACTGTGCATCACCTA,chr10_97437265_+,EXOSC1 (51013),1.0,,True
3982,TTGGAGATAACGGCAGTGG,chr11_69816402_-,FGF3 (2248),1.0,,True
3983,TTGGAGTGACCATCGGCAT,chr1_56883584_+,C8A (731),1.0,,True
3984,TTGGATAGGGACTACCACT,chr5_37328403_+,NUP155 (9631),1.0,,True
3985,TTGGATTACTTACTCAAGT,chr7_140801414_+,BRAF (673),1.0,,True
3986,TTGGCAAAAACATAAAGGA,chr14_30670390_+,SCFD1 (23256),1.0,,True
3987,TTGGCAAGTACAATCGTAC,chr3_151740780_-,AADACL2 (344752),1.0,,True
3988,TTGGCACACGGCAGCACAC,chr11_1585093_+,KRTAP5-1 (387264),1.0,,True
3989,TTGGCACGAGATCTGCAGA,chr12_101286349_+,UTP20 (27340),1.0,,True
3990,TTGGCCTCGCATCTTAGAA,chr5_159322490_+,IL12B (3593),1.0,,True
3991,TTGGCGGTCACCGACCTCA,chr5_63961472_-,HTR1A (3350),1.0,,True
3992,TTGGGCCCTTCGTGAGAAT,chr12_68839354_+,MDM2 (4193),1.0,,True
3993,TTGGGCGACGTACCACAGT,chr4_70249228_-,CSN3 (1448),1.0,,True
3994,TTGGGCTCTCAGCCAGGTC,chr22_42516067_+,RRP7A (27341),1.0,,True
3995,TTGGTAGGATTGCTGCATA,chr12_55819099_+,ORMDL2 (29095),1.0,,True
3996,TTGGTCACACCACGCCGGA,chr19_1487157_+,PCSK4 (54760),1.0,,True
3997,TTGGTCAGCGAGGCTACGG,chr14_65032632_-,FNTB (2342),1.0,,True
3998,TTGGTCGCACCGCCTGCCG,chr11_114400169_+,C11orf71 (54494),1.0,,True
3999,TTGGTGACTTCCAAGTAGA,chr8_42756803_-,CHRNA6 (8973),1.0,,True
4000,TTGGTGCGGCGATCATAGG,chr10_47350012_-,RBP3 (5949),1.0,,True
4001,TTGGTGGCGACAACGAGAG,chr8_70069444_-,PRDM14 (63978),1.0,,True
4002,TTGTACGCATCGAAAGGTA,chr6_42883614_+,RPL7L1 (285855),1.0,,True
4003,TTGTACTCACATGGAAAAC,chr9_110334221_+,TXNDC8 (255220),1.0,,True
4004,TTGTACTTTCCAATGCCGT,chr11_73825758_-,MRPL48 (51642),1.0,,True
4005,TTGTAGCAGGGGATCCTAC,chr7_44207435_-,YKT6 (10652),1.0,,True
4006,TTGTAGCCCCGGTCGCAGT,chr2_144404076_+,ZEB2 (9839),1.0,,True
4007,TTGTATGCAAATCGAAGAT,chr9_104114065_-,SMC2 (10592),1.0,,True
4008,TTGTCATATCTTGATAAGG,chr2_42640231_+,MTA3 (57504),1.0,,True
4009,TTGTCCAGGTTTCGGAGCT,chr17_5468600_+,DHX33 (56919),1.0,,True
4010,TTGTCCCAGACAAACACCC,chr10_17965595_-,SLC39A12 (221074),1.0,,True
4011,TTGTCCGGACCAACACATG,chr1_173826717_+,DARS2 (55157),1.0,,True
4012,TTGTCTCTCAATACGCTGC,chr8_72935998_+,KCNB2 (9312),1.0,,True
4013,TTGTCTGGACACAGAAAAC,chr20_145566_-,DEFB126 (81623),1.0,,True
4014,TTGTGATGCTTTGCTGACG,chr2_9868409_-,TAF1B (9014),1.0,,True
4015,TTGTGCAGGACCGGGTCGA,chr1_18854550_+,TAS1R2 (80834),1.0,,True
4016,TTGTGCATCATTGGCACCG,chr14_65027571_+,FNTB (2342),1.0,,True
4017,TTGTGGAGTCCCTACACTA,chr17_62406535_+,EFCAB3 (146779),1.0,,True
4018,TTGTGGCAGCGAATCATAA,chr3_124737889_+,UMPS (7372),1.0,,True
4019,TTGTGGCGCAGCTCCGGCA,chr9_101594782_+,PPP3R2 (5535),1.0,,True
4020,TTGTGGGCGCCCAGATCGG,chr1_234608803_+,IRF2BP2 (359948),1.0,,True
4021,TTGTGTCGAGACGTGGTGA,chr6_112349874_+,RFPL4B (442247),1.0,,True
4022,TTGTGTCTACTGTTCTAGA,chr12_25225697_+,KRAS (3845),2.0,,True
4023,TTGTTGACCAAATCGCACC,chr1_153757573_-,INTS3 (65123),1.0,,True
4024,TTGTTGATCCTTAACGAGC,chr1_11253870_-,MTOR (2475),1.0,,True
4025,TTTAAGAGCGGTTTTCCGC,chr13_24906772_+,CPAP (55835),1.0,,True
4026,TTTACACAAGAGCGTCCAG,chr10_27170103_-,MASTL (84930),1.0,,True
4027,TTTACACAATGCACAACAA,chr12_49994457_+,RACGAP1 (29127),1.0,,True
4028,TTTACATCATTACAATTGA,chr8_39606326_+,ADAM18 (8749),1.0,,True
4029,TTTACGATGTTGTTATCGA,chr20_33225105_-,BPIFA3 (128861),1.0,,True
4030,TTTAGGACCTTTCTTGGCC,chrX_40591244_+,ATP6AP2 (10159),1.0,,True
4031,TTTAGGACTGTGAGGACGT,chr5_37605074_+,WDR70 (55100),1.0,,True
4032,TTTATAAGAGTTTCCGCCC,chr10_97437727_-,EXOSC1 (51013),1.0,,True
4033,TTTATACGGGAAACGCAAA,chr1_205103866_-,RBBP5 (5929),1.0,,True
4034,TTTATCTAGGTGCAGCACT,chr21_18398322_-,TMPRSS15 (5651),1.0,,True
4035,TTTATGGTGGAACTCCCTA,chr10_68965480_+,DDX21 (9188),1.0,,True
4036,TTTATTGGAGCTATTCCCA,chr4_154798104_+,RBM46 (166863),1.0,,True
4037,TTTATTGGTAAACTGAGTG,chr4_79407049_+,GK2 (2712),1.0,,True
4038,TTTATTTACCAACACAAGT,chr1_196995892_-,CFHR5 (81494),1.0,,True
4039,TTTCAAAAGCATCTTCGAG,chr12_122173862_+,IL31 (386653),1.0,,True
4040,TTTCACGGGCTCCAGCGAC,chr11_69643101_-,CCND1 (595),1.0,,True
4041,TTTCACGTACTGGTCGCCC,chr7_97117815_-,SDHAF3 (57001),1.0,,True
4042,TTTCACGTTGAGAGGCTGC,chr12_52651660_+,KRT2 (3849),1.0,,True
4043,TTTCACTACTCCAGAACTC,chr2_100477382_+,NMS (129521),1.0,,True
4044,TTTCAGCGCCTACAATTAC,chr6_5260652_-,LYRM4 (57128),1.0,,True
4045,TTTCAGTTCTTGCCCAAAG,chr17_6650068_-,MED31 (51003),1.0,,True
4046,TTTCCCGAATTGCAGTACT,chr10_60784805_-,CDK1 (983),1.0,,True
4047,TTTCCTGGGGATCCAGGGA,chr2_113074790_+,IL1F10 (84639),1.0,,True
4048,TTTCGACGGCCTGCCCGGC,chr19_42095616_-,POU2F2 (5452),1.0,,True
4049,TTTCGATCAGGGGTAGCAG,chr5_138165976_-,BRD8 (10902),1.0,,True
4050,TTTCGCGTCAGCAAGAACC,chr3_132722039_-,NPHP3 (27031),1.0,,True
4051,TTTCGGACAACGGATCGCC,chr2_86088661_+,POLR1A (25885),1.0,,True
4052,TTTCTATCCAAATCACTCA,chr3_151827705_+,AADAC (13),1.0,,True
4053,TTTCTCGATTCGCTGTCGG,chr17_75110570_+,ARMC7 (79637),1.0,,True
4054,TTTCTCGTAGACATTCTAC,chr9_27524507_-,IFNK (56832),1.0,,True
4055,TTTCTGGGGATGTCCAATA,chr8_38428079_+,FGFR1 (2260),1.0,,True
4056,TTTCTTCACTCGAACATGA,chr13_21566861_-,MICU2 (221154),1.0,,True
4057,TTTGAAAATAGGCACCATG,chr7_76482512_+,DTX2 (113878),1.0,,True
4058,TTTGACGAAGCTCACAACG,chr20_63672616_+,RTEL1 (51750),1.0,,True
4059,TTTGACGAGTTCAACCGCC,chr14_102008244_+,DYNC1H1 (1778),1.0,,True
4060,TTTGAGAAGATCAGTGAGC,chr15_66435163_+,MAP2K1 (5604),2.0,,True
4061,TTTGAGACGATTGTGGAGC,chr21_43797956_+,RRP1 (8568),1.0,,True
4062,TTTGAGACTTGCACAGCTA,chr7_128333362_+,RBM28 (55131),1.0,,True
4063,TTTGATGCTCTTTCCTCGA,chr7_31339137_+,NEUROD6 (63974),1.0,,True
4064,TTTGCAGTGGAATGGATGC,chr2_27638921_+,GPN1 (11321),1.0,,True
4065,TTTGCCCTAATCTTCCTGC,chr22_37823491_+,GALR3 (8484),1.0,,True
4066,TTTGCTGATTTTCTCCAGA,chr1_43386629_+,MED8 (112950),1.0,,True
4067,TTTGGAATGATGACAAAGT,chr20_229565_-,DEFB129 (140881),1.0,,True
4068,TTTGGATGAAGCTCACGAA,chr17_5462405_-,DHX33 (56919),1.0,,True
4069,TTTGGCATATGGAGATATG,chr19_39707305_+,LGALS14 (56891),1.0,,True
4070,TTTGGGGAAGAAGCGCAGA,chrX_14020375_+,GEMIN8 (54960),1.0,,True
4071,TTTGGTGGTTGGGCGCGAA,chr15_34910272_-,AQR (9716),1.0,,True
4072,TTTGTGATCCACTTCATGG,chr3_9803927_+,ARPC4 (10093),1.0,,True
4073,TTTGTGTGTCACAGTCCAG,chr4_67930038_-,TMPRSS11A (339967),1.0,,True
4074,TTTGTTTCAGGGTATCCAA,chr3_66263337_+,SLC25A26 (115286),1.0,,True
4075,TTTTACAGGGAACCTCGAG,chr17_42775388_+,VPS25 (84313),1.0,,True
4076,TTTTAGGGGCAGTACGAAT,chr2_55679785_-,PNPT1 (87178),1.0,,True
4077,TTTTATATTAGTCACCCGC,chr1_117942511_-,WDR3 (10885),1.0,,True
4078,TTTTCAAGTGGTAAGTGCC,chr2_47151497_+,STPG4 (285051),1.0,,True
4079,TTTTCCATCGAGCGCATCA,chr3_62372765_-,FEZF2 (55079),1.0,,True
4080,TTTTGACCAGCTATATGCG,chr3_49100405_-,QARS1 (5859),1.0,,True
4081,TTTTGAGCTCTCTTTGCTC,chr9_6328679_-,TPD52L3 (89882),1.0,,True
4082,TTTTGAGGAAGTGACGGAC,chr16_85909103_+,IRF8 (3394),1.0,,True
4083,TTTTGGTATTTGAGGACGG,chr1_168184780_+,TIPRL (261726),1.0,,True
